customer_id,full_name,gender,birth_date,phone,email,city,region,loyalty_tier,registration_date
CUS01518,Mohamed Mansour,Male,1981-05-01,1158132110,mohamed.mansour52@hotmail.com,Suez,Canal Zone,Bronze,2020-12-19
CUS02370,Maged Lotfy,Male,2003-04-10,1281872177,,Zagazig,Nile Delta,Bronze,2021-05-13
CUS01962,Ahmed Hafez,Male,1971-05-03,1141856715,ahmed.hafez18@outlook.com,Giza,Greater Cairo,Gold,2023-09-26
CUS00344,Hoda Fathy,Female,2000-05-19,1195645083,hoda.fathy26@outlook.com,Giza,Greater Cairo,Bronze,2021-07-07
CUS02664,Hussein Lotfy,MALE,1998-12-26,1149528740,hussein.lotfy80@gmail.com,Tanta,Nile Delta,Bronze,2022-10-05
CUS01174,Nour Mostafa,Female,1984-06-10,1114481563,nour.mostafa72@hotmail.com,Cairo,Greater Cairo,Silver,2021-10-07
CUS02677,Hazem Hamdy,MALE,1974-09-25,1084698064,hazem.hamdy68@outlook.com,Giza,Greater Cairo,Bronze,2020-01-28
CUS01028,Fatima Ramadan,Female,1975-10-20,1019232076,fatima.ramadan42@outlook.com,Aswan,Upper Egypt,Bronze,2023-04-03
CUS02084,Ramy Farouk,male,17/08/1989,1069113227,ramy.farouk8@hotmail.com,Suez,Canal Zone,Silver,2021-09-09
CUS01445,Sherif Zaki,Male,1992-01-06,1252440768,sherif.zaki7@hotmail.com,Luxor,Upper Egypt,Silver,2020-10-25
CUS00933,Bassem Farouk,Male,1990-12-18,1229438263,bassem.farouk40@gmail.com,Ismailia,Canal Zone,Silver,2020-12-26
CUS00179,Hossam Fathy,male,1981-10-08,1248988647,hossam.fathy16@yahoo.com,Port Said,Canal Zone,Bronze,2023-07-02
CUS01594,Hoda Badawi,Female,1985-11-14,1271886181,hoda.badawi40@yahoo.com,Cairo,Greater Cairo,Gold,2022-05-20
CUS01948,Ahmed Mostafa,male,1980-12-01,1070428122,ahmed.mostafa83@hotmail.com,Cairo,Greater Cairo,Platinum,2022-07-20
CUS01663,Yasmin Khalil,Female,18/11/1986,1078622351,yasmin.khalil15@gmail.com,Suez,Canal Zone,Silver,2023-11-23
CUS02432,Hussein Younis,Male,1994-12-08,1224467198,hussein.younis30@yahoo.com,Aswan,Upper Egypt,Bronze,2020-03-07
CUS02863,Ramy Ramadan,Male,1989-05-22,1019329244,ramy.ramadan58@yahoo.com,Port Said,Canal Zone,Platinum,2023-04-19
CUS02343,Doha Shaaban,Female,1998-05-21,1093235590,doha.shaaban46@gmail.com,Cairo,Greater Cairo,Bronze,2022-08-19
CUS01498,Tarek Ragab,Male,1974-02-20,1290242618,tarek.ragab11@gmail.com,Alexandria,Alexandria,Silver,2020-11-11
CUS02967,Ibrahim Bakr,Male,1980-03-20,1221940949,ibrahim.bakr8@outlook.com,Zagazig,Nile Delta,Platinum,2021-10-17
CUS02414,Salma Zaki,FEMALE,1977-05-07,1095240437,salma.zaki23@hotmail.com,Cairo,Greater Cairo,Bronze,2023-09-08
CUS02808,Ramy Ali,Male,1995-10-13,1225235645,ramy.ali33@hotmail.com,Cairo,Greater Cairo,Bronze,2022-03-07
CUS01284,Hany Khalil,Male,1997-01-24,1258398175,hany.khalil59@outlook.com,Cairo,Greater Cairo,Bronze,2023-05-17
CUS02869,Engy Attia,Female,20/10/1991,1027978174,engy.attia68@yahoo.com,Giza,Greater Cairo,Bronze,2020-01-07
CUS00890,Tarek Lotfy,Male,1989-03-07,1044810342,,Cairo,Greater Cairo,Bronze,2023-01-14
CUS01460,Nour Bakr,Female,1980-03-04,1126675052,nour.bakr54@hotmail.com,Mansoura,Nile Delta,Silver,2020-09-20
CUS00652,Ramy Mansour,MALE,1997-05-16,1034772080,ramy.mansour11@hotmail.com,Alexandria,Alexandria,Bronze,2023-02-17
CUS01437,Yasmin Abdallah,Female,1996-08-08,1223416165,yasmin.abdallah68@gmail.com,Giza,Greater Cairo,Gold,2022-09-12
CUS00555,Omar Ahmed,Male,1978-09-26,1167096991,,Luxor,Upper Egypt,Bronze,2023-07-25
CUS02264,Hussein Hassan,male,1977-09-12,1216614286,hussein.hassan95@hotmail.com,Giza,Greater Cairo,Silver,2022-01-24
CUS00440,Ahmed Zaki,male,1982-09-07,1214344197,,Cairo,Greater Cairo,Bronze,2023-01-02
CUS02568,Rana Ismail,female,1994-01-10,1046060709,rana.ismail64@gmail.com,Giza,Greater Cairo,Gold,2021-02-16
CUS01042,Amr Salem,Male,2001-07-24,1143524010,amr.salem38@yahoo.com,Hurghada,Red Sea,Bronze,2021-02-13
CUS01227,Fady Lotfy,male,1989-03-24,1228177418,fady.lotfy20@gmail.com,Giza,Greater Cairo,Gold,2021-04-11
CUS00189,Dina Attia,Female,1978-02-27,1272850928,dina.attia61@yahoo.com,Alexandria,Alexandria,Gold,2021-03-28
CUS01780,Sherif Hamdy,Male,1999-02-14,1164024116,,Aswan,Upper Egypt,Silver,2020-01-07
CUS00496,Nadia Badawi,Female,1977-07-05,1212906871,nadia.badawi95@yahoo.com,Giza,Greater Cairo,Bronze,2023-08-10
CUS00791,Ibrahim Hamdy,Male,1990-07-13,1279641006,ibrahim.hamdy27@outlook.com,Cairo,Greater Cairo,Silver,2022-04-28
CUS00573,Manar Ibrahim,Female,1992-08-22,1288709162,manar.ibrahim47@hotmail.com,Giza,Greater Cairo,Silver,2020-10-20
CUS02191,Hoda Younis,Female,1987-10-13,1160605064,hoda.younis8@hotmail.com,Cairo,Greater Cairo,Bronze,2023-05-04
CUS01711,Hana Badawi,Female,1988-01-26,1259175761,hana.badawi79@yahoo.com,Cairo,Greater Cairo,Silver,2023-07-26
CUS00832,Rania Ahmed,female,1976-11-12,1112423190,rania.ahmed91@gmail.com,Giza,Greater Cairo,Bronze,2022-05-19
CUS00360,Heba Lotfy,Female,1989-08-02,1210626224,heba.lotfy31@yahoo.com,Alexandria,Alexandria,Bronze,2020-01-14
CUS02620,Essam Salem,Male,07/01/1982,1178042648,essam.salem29@yahoo.com,Giza,Greater Cairo,Gold,2020-09-25
CUS02008,Dalia Gamal,FEMALE,1977-08-12,1193356597,dalia.gamal68@gmail.com,Hurghada,Red Sea,Bronze,2023-01-20
CUS00569,Ghada Gouda,Female,1995-05-02,1078043121,ghada.gouda76@gmail.com,Suez,Canal Zone,Gold,2021-09-06
CUS00103,Doha Ramadan,Female,1980-01-11,1039732676,doha.ramadan87@hotmail.com,Giza,Greater Cairo,Bronze,2023-08-15
CUS01584,Adel Hamdy,Male,1996-03-19,1073604365,,Alexandria,Alexandria,Silver,2020-04-07
CUS02287,Engy Gouda,Female,01/06/1978,1115247808,engy.gouda79@gmail.com,Ismailia,Canal Zone,Gold,2020-11-18
CUS02013,Zeinab Wahba,Female,1993-09-11,1146337178,zeinab.wahba56@outlook.com,Suez,Canal Zone,Gold,2021-07-10
CUS02663,Emad Khalil,Male,1981-10-17,1099277799,emad.khalil79@outlook.com,Cairo,Greater Cairo,Bronze,2023-12-03
CUS02824,Aisha Saad,Female,2000-01-20,1085204135,,Cairo,Greater Cairo,Bronze,2021-11-04
CUS01180,Doha Abdallah,Female,07/01/1987,1024212949,doha.abdallah41@gmail.com,Alexandria,Alexandria,Silver,2022-04-24
CUS00052,Emad Ahmed,Male,1979-12-22,1021503440,emad.ahmed30@gmail.com,Hurghada,Red Sea,Platinum,2023-09-14
CUS00508,Mona Gamal,Female,1974-07-20,1292199318,mona.gamal93@gmail.com,Aswan,Upper Egypt,Silver,2020-01-16
CUS01018,Ayman Fathy,Male,19/05/1995,1189602636,ayman.fathy26@outlook.com,Alexandria,Alexandria,Platinum,2022-07-23
CUS01092,Aisha Mostafa,Female,1977-10-08,1220713289,aisha.mostafa61@hotmail.com,Mansoura,Nile Delta,Bronze,2021-11-28
CUS00064,Emad Bakr,male,1987-05-21,1297438349,emad.bakr77@outlook.com,Giza,Greater Cairo,Silver,2022-11-05
CUS00945,Karim Ramadan,Male,1996-09-07,1184351399,karim.ramadan21@outlook.com,Cairo,Greater Cairo,Bronze,2023-01-17
CUS02376,Maged Bakr,Male,1975-12-28,1150176369,maged.bakr1@hotmail.com,Cairo,Greater Cairo,Silver,2023-06-28
CUS00045,Samir Abdallah,Male,01/12/1981,1286884584,,Cairo,Greater Cairo,Silver,2022-10-08
CUS02708,Hossam Ibrahim,male,1981-03-01,1129465805,hossam.ibrahim93@yahoo.com,Cairo,Greater Cairo,Silver,2022-01-18
CUS01511,Ali Ragab,Male,1993-10-18,1199072761,ali.ragab56@yahoo.com,Aswan,Upper Egypt,Bronze,2022-06-10
CUS00255,Magdy Barakat,Male,1975-02-05,1163770881,magdy.barakat22@gmail.com,Cairo,Greater Cairo,Bronze,2022-04-11
CUS00322,Shaimaa Ragab,Female,1998-02-28,1277166896,shaimaa.ragab32@outlook.com,Tanta,Nile Delta,Gold,2023-01-01
CUS02805,Fady Salem,Male,1995-05-05,1246193334,fady.salem20@gmail.com,Alexandria,Alexandria,Bronze,2021-03-02
CUS02938,Suzy Mohamed,Female,09/06/1979,1189868447,suzy.mohamed95@yahoo.com,Alexandria,Alexandria,Platinum,2020-09-22
CUS00706,Hana Ismail,Female,1989-12-22,1089625763,hana.ismail73@hotmail.com,Ismailia,Canal Zone,Bronze,2021-09-01
CUS02271,Nadia Rizk,FEMALE,1986-12-20,1118659744,nadia.rizk62@hotmail.com,Cairo,Greater Cairo,Bronze,2023-08-16
CUS02125,Radwa Ali,female,1985-02-14,1039737286,radwa.ali88@gmail.com,Ismailia,Canal Zone,Bronze,2023-05-12
CUS02862,Hassan Mohamed,Male,28/03/1973,1082701326,hassan.mohamed1@yahoo.com,Giza,Greater Cairo,Gold,2022-08-20
CUS02590,Emad Fathy,Male,25/01/1998,1140198707,emad.fathy33@hotmail.com,Tanta,Nile Delta,Bronze,2022-02-05
CUS02445,Nadia Amin,Female,1982-02-16,1231347320,nadia.amin79@outlook.com,Giza,Greater Cairo,Bronze,2023-07-05
CUS01452,Dalia Ramadan,Female,2001-02-08,1169880867,dalia.ramadan65@outlook.com,Mansoura,Nile Delta,Silver,2021-07-08
CUS00140,Reem Ali,FEMALE,1982-08-24,1079946108,reem.ali42@yahoo.com,Ismailia,Canal Zone,Silver,2020-12-18
CUS02575,Bassem Badawi,male,1991-08-11,1145280103,bassem.badawi24@outlook.com,Cairo,Greater Cairo,Bronze,2020-06-07
CUS00582,Hana Ramadan,female,1987-12-23,1047158689,hana.ramadan37@hotmail.com,Ismailia,Canal Zone,Bronze,2020-07-07
CUS02606,Reem Badawi,Female,01/04/2003,1219554390,reem.badawi76@hotmail.com,Alexandria,Alexandria,Silver,2023-11-23
CUS00810,Karim Gouda,Male,1976-08-26,1296912383,karim.gouda93@yahoo.com,Cairo,Greater Cairo,Silver,2022-06-13
CUS02592,Mohamed Younis,male,17/07/1992,1193079615,mohamed.younis28@yahoo.com,Hurghada,Red Sea,Gold,2020-06-05
CUS01823,Lobna Attia,FEMALE,1995-07-20,1090607170,lobna.attia37@outlook.com,Mansoura,Nile Delta,Bronze,2021-09-21
CUS01476,Amr Ali,Male,16/04/1981,1161218112,amr.ali22@hotmail.com,Mansoura,Nile Delta,Bronze,2021-04-18
CUS01892,Reem Ibrahim,Female,1996-01-17,1279478250,,Giza,Greater Cairo,Bronze,2020-01-12
CUS01428,Maged Ismail,Male,1987-03-25,1236326944,maged.ismail63@yahoo.com,Port Said,Canal Zone,Silver,2022-05-21
CUS02586,Mohamed Farouk,Male,1990-07-17,1291780371,mohamed.farouk48@outlook.com,Mansoura,Nile Delta,Gold,2023-08-01
CUS00135,Adel Hamdy,Male,05/05/1996,1111416778,adel.hamdy61@gmail.com,Port Said,Canal Zone,Bronze,2023-08-10
CUS00742,Bassem Lotfy,Male,1971-09-25,1137531916,bassem.lotfy42@gmail.com,Giza,Greater Cairo,Bronze,2023-09-20
CUS00965,Magdy Younis,Male,1972-08-04,1135670862,magdy.younis91@hotmail.com,Giza,Greater Cairo,Silver,2020-04-22
CUS00150,Hussein Khalil,Male,1981-09-13,1255300210,hussein.khalil41@hotmail.com,Cairo,Greater Cairo,Silver,2022-07-25
CUS00241,Radwa Ragab,Female,20/10/1978,1029278938,radwa.ragab9@outlook.com,Port Said,Canal Zone,Silver,2020-01-14
CUS01767,Aisha Ismail,Female,25/01/1986,1291142579,aisha.ismail70@gmail.com,Zagazig,Nile Delta,Gold,2020-04-14
CUS01897,Fady Barakat,Male,1975-11-23,1273669065,fady.barakat40@outlook.com,Mansoura,Nile Delta,Bronze,2023-11-03
CUS02322,Maged Ali,male,07/12/1973,1069565923,maged.ali99@hotmail.com,Tanta,Nile Delta,Bronze,2020-05-07
CUS00175,Ashraf Badawi,Male,1975-10-20,1042844845,ashraf.badawi27@gmail.com,Mansoura,Nile Delta,Silver,2021-03-02
CUS00053,Hoda Amin,Female,03/05/2000,1114661179,hoda.amin80@yahoo.com,Port Said,Canal Zone,Gold,2020-08-06
CUS01147,Ashraf Sayed,Male,1970-03-26,1183421108,ashraf.sayed60@gmail.com,Hurghada,Red Sea,Bronze,2020-03-21
CUS00145,Neveen Attia,Female,1970-11-17,1134901990,neveen.attia42@gmail.com,Giza,Greater Cairo,Silver,2023-04-17
CUS00332,Ayman Mohamed,Male,1991-05-08,1073562365,ayman.mohamed31@gmail.com,Zagazig,Nile Delta,Bronze,2023-02-21
CUS00247,Nader Khalil,Male,1976-04-05,1239677351,nader.khalil68@gmail.com,Giza,Greater Cairo,Bronze,2023-08-03
CUS01972,Mona Saad,Female,2002-08-08,1046897895,mona.saad53@gmail.com,Aswan,Upper Egypt,Bronze,2023-12-08
CUS02485,Ali Gouda,male,1977-01-14,1126341998,ali.gouda8@hotmail.com,Alexandria,Alexandria,Bronze,2020-05-04
CUS01621,Aisha Ismail,Female,1976-07-16,1284787394,aisha.ismail48@hotmail.com,Alexandria,Alexandria,Bronze,2023-11-05
CUS00558,Tarek Barakat,Male,1982-01-19,1154084020,tarek.barakat78@hotmail.com,Cairo,Greater Cairo,Silver,2020-11-09
CUS00252,Hussein Nasser,Male,2002-12-16,1189105321,hussein.nasser49@outlook.com,Giza,Greater Cairo,Bronze,2021-09-08
CUS01117,Reham Ragab,Female,1978-04-15,1117890314,reham.ragab4@yahoo.com,Cairo,Greater Cairo,Platinum,2023-11-18
CUS01878,Mahmoud Lotfy,male,2003-03-26,1050393690,mahmoud.lotfy8@hotmail.com,Alexandria,Alexandria,Silver,2022-09-10
CUS02523,Ahmed Ramadan,MALE,1983-12-22,1140694296,ahmed.ramadan91@yahoo.com,Giza,Greater Cairo,Platinum,2023-03-11
CUS00212,Ayman Shaaban,Male,1974-09-08,1061596498,ayman.shaaban46@hotmail.com,Tanta,Nile Delta,Silver,2022-07-02
CUS00001,Manar Hamdy,Female,1977-10-07,1283233096,manar.hamdy91@yahoo.com,Giza,Greater Cairo,Silver,2023-05-27
CUS01477,Dina Ibrahim,Female,1982-10-22,1093364164,dina.ibrahim81@yahoo.com,Hurghada,Red Sea,Bronze,2022-01-13
CUS01554,Youssef Ibrahim,Male,1986-11-22,1053254525,,Suez,Canal Zone,Silver,2023-11-18
CUS01296,Salma Barakat,Female,1987-12-27,1145353959,salma.barakat10@hotmail.com,Cairo,Greater Cairo,Platinum,2020-05-16
CUS00566,Ola Younis,Female,1983-06-23,1284036002,ola.younis34@yahoo.com,Alexandria,Alexandria,Gold,2023-05-02
CUS01235,Reham Hassan,Female,1992-06-18,1220610410,reham.hassan34@hotmail.com,Mansoura,Nile Delta,Bronze,2023-11-12
CUS01625,Emad Ragab,Male,1994-03-17,1276643230,emad.ragab21@yahoo.com,Cairo,Greater Cairo,Silver,2022-03-15
CUS02915,Ashraf Gamal,MALE,2000-05-08,1273724781,ashraf.gamal82@gmail.com,Cairo,Greater Cairo,Bronze,2022-06-17
CUS00790,Walid Abdallah,Male,04/05/1983,1210378180,,Port Said,Canal Zone,Bronze,2020-06-07
CUS00813,Eman Barakat,female,1979-07-13,1226501040,eman.barakat42@hotmail.com,Cairo,Greater Cairo,Gold,2020-06-10
CUS00267,Dalia Saad,Female,1997-10-24,1218037180,dalia.saad88@hotmail.com,Tanta,Nile Delta,Gold,2023-07-11
CUS02798,Emad Attia,Male,2001-06-28,1079680430,emad.attia9@outlook.com,Mansoura,Nile Delta,Bronze,2022-11-10
CUS00323,Lobna Khalil,Female,16/01/1970,1190244451,lobna.khalil28@hotmail.com,Mansoura,Nile Delta,Silver,2020-03-24
CUS00033,Heba Wahba,female,1978-11-27,1120043577,heba.wahba38@hotmail.com,Cairo,Greater Cairo,Gold,2022-07-23
CUS00371,Neveen Lotfy,female,21/05/2001,1219560913,neveen.lotfy73@yahoo.com,Cairo,Greater Cairo,Silver,2021-07-09
CUS02464,Hassan Hamdy,Male,2003-12-09,1045500468,hassan.hamdy84@yahoo.com,Alexandria,Alexandria,Gold,2021-05-07
CUS00015,Heba Abdallah,female,1996-01-09,1227030641,heba.abdallah32@outlook.com,Cairo,Greater Cairo,Silver,2023-03-19
CUS00094,Hany Nasser,Male,1991-06-12,1139319229,hany.nasser97@gmail.com,Alexandria,Alexandria,Bronze,2020-11-12
CUS02758,Rania Nasser,FEMALE,1976-07-28,1151971760,rania.nasser45@hotmail.com,Suez,Canal Zone,Bronze,2020-04-12
CUS00880,Mariam Barakat,Female,1985-03-05,1023228017,mariam.barakat7@yahoo.com,Cairo,Greater Cairo,Bronze,2021-01-02
CUS00643,Samir Mansour,Male,23/10/1995,1036658273,samir.mansour34@yahoo.com,Cairo,Greater Cairo,Bronze,2022-09-12
CUS02098,Zeinab Wahba,Female,1984-11-05,1033172968,zeinab.wahba79@hotmail.com,Mansoura,Nile Delta,Gold,2021-06-02
CUS01603,Ali Younis,Male,1981-11-08,1063761226,ali.younis95@outlook.com,Cairo,Greater Cairo,Gold,2023-06-26
CUS01107,Maged Mohamed,Male,2000-03-24,1144327434,maged.mohamed11@outlook.com,Giza,Greater Cairo,Bronze,2022-03-06
CUS00757,Emad Salem,MALE,1979-04-03,1261524781,,Mansoura,Nile Delta,Silver,2021-04-14
CUS01076,Nader Gamal,Male,1983-02-06,1289984645,nader.gamal12@gmail.com,Giza,Greater Cairo,Silver,2023-04-25
CUS00431,Nadia Ibrahim,Female,1970-03-25,1229674854,nadia.ibrahim62@gmail.com,Cairo,Greater Cairo,Platinum,2020-10-14
CUS00451,Radwa Hafez,Female,1989-03-07,1166250794,radwa.hafez56@hotmail.com,Hurghada,Red Sea,Silver,2023-01-18
CUS02003,Hossam Badawi,Male,1980-02-09,1094293030,hossam.badawi73@outlook.com,Suez,Canal Zone,Bronze,2022-04-28
CUS01838,Bassem Mahmoud,Male,12/05/1987,1089306711,bassem.mahmoud60@hotmail.com,Giza,Greater Cairo,Bronze,2022-04-07
CUS01689,Mona Amin,female,12/06/1992,1170597233,,Mansoura,Nile Delta,Bronze,2023-02-16
CUS00692,Essam Younis,male,1979-04-17,1139045233,essam.younis81@hotmail.com,Giza,Greater Cairo,Silver,2023-10-04
CUS02638,Ashraf Sayed,male,1986-02-04,1287671828,ashraf.sayed60@yahoo.com,Hurghada,Red Sea,Gold,2020-11-06
CUS01850,Maged Ramadan,Male,2003-08-16,1159138081,,Mansoura,Nile Delta,Bronze,2022-02-16
CUS01430,Heba Zaki,Female,1983-06-08,1028692391,heba.zaki88@yahoo.com,Luxor,Upper Egypt,Gold,2021-08-20
CUS00760,Mohamed Ramadan,Male,2000-05-11,1250341681,mohamed.ramadan39@hotmail.com,Hurghada,Red Sea,Bronze,2020-03-18
CUS00185,Mariam Nasser,Female,1972-08-13,1280107942,mariam.nasser12@hotmail.com,Cairo,Greater Cairo,Silver,2023-01-04
CUS01236,Manar Ahmed,FEMALE,01/08/2001,1048259629,,Giza,Greater Cairo,Bronze,2022-06-10
CUS00204,Ramy Ahmed,Male,1986-02-02,1072279029,ramy.ahmed69@yahoo.com,Suez,Canal Zone,Bronze,2023-11-23
CUS00802,Mahmoud Mansour,Male,1982-04-07,1049594225,mahmoud.mansour16@yahoo.com,Cairo,Greater Cairo,Gold,2022-11-25
CUS00464,Amira Mohamed,female,1971-09-17,1039032170,amira.mohamed29@gmail.com,Alexandria,Alexandria,Bronze,2021-05-09
CUS01424,Eman Lotfy,Female,1997-09-18,1266214824,eman.lotfy35@yahoo.com,Cairo,Greater Cairo,Gold,2022-09-24
CUS01178,Mariam Mansour,Female,1995-08-03,1240746598,mariam.mansour55@hotmail.com,Cairo,Greater Cairo,Silver,2023-06-05
CUS02415,Dalia Saad,Female,1973-09-22,1223724851,dalia.saad35@hotmail.com,Alexandria,Alexandria,Bronze,2023-11-25
CUS00840,Rana Gouda,Female,01/01/1984,1278974303,,Mansoura,Nile Delta,Platinum,2020-02-27
CUS01396,Fatima Gouda,Female,1978-12-27,1095752856,fatima.gouda22@outlook.com,Aswan,Upper Egypt,Gold,2023-08-15
CUS02555,Amira Mahmoud,FEMALE,07/10/1986,1222574690,amira.mahmoud76@yahoo.com,Cairo,Greater Cairo,Bronze,2020-05-11
CUS02870,Heba Ahmed,female,1984-11-16,1078209349,heba.ahmed77@outlook.com,Giza,Greater Cairo,Gold,2021-10-11
CUS01914,Amr Amin,Male,1993-04-19,1041050794,amr.amin75@hotmail.com,Giza,Greater Cairo,Bronze,2020-07-11
CUS02820,Youssef Attia,male,1981-10-03,1190108427,youssef.attia78@yahoo.com,Giza,Greater Cairo,Bronze,2022-04-18
CUS00195,Reham Shaaban,female,1978-05-02,1183670115,reham.shaaban15@hotmail.com,Giza,Greater Cairo,Silver,2020-04-14
CUS00529,Mariam Mansour,Female,2002-02-05,1089665373,mariam.mansour23@hotmail.com,Cairo,Greater Cairo,Bronze,2020-04-10
CUS02526,Bassem Farouk,male,2003-06-16,1136925774,bassem.farouk90@gmail.com,Cairo,Greater Cairo,Bronze,2020-09-10
CUS01211,Ahmed Lotfy,Male,1994-11-09,1239768686,ahmed.lotfy97@gmail.com,Giza,Greater Cairo,Gold,2020-07-21
CUS01810,Ahmed Mohamed,male,11/10/1980,1135907091,ahmed.mohamed9@yahoo.com,Cairo,Greater Cairo,Bronze,2022-06-28
CUS00333,Ali Ali,male,28/06/1994,1218727939,,Cairo,Greater Cairo,Silver,2023-02-04
CUS02114,Dina Farouk,female,2000-09-18,1031252809,dina.farouk63@outlook.com,Suez,Canal Zone,Bronze,2023-08-26
CUS02957,Samir Mohamed,Male,1987-03-04,1011264861,,Zagazig,Nile Delta,Bronze,2023-08-17
CUS02345,Eman Ali,Female,1994-03-24,1178826793,eman.ali95@gmail.com,Port Said,Canal Zone,Bronze,2023-09-26
CUS01816,Neveen Ibrahim,female,1997-06-16,1222522836,neveen.ibrahim9@gmail.com,Ismailia,Canal Zone,Bronze,2020-11-24
CUS00865,Mona Mohamed,Female,1987-03-23,1224643784,mona.mohamed23@outlook.com,Giza,Greater Cairo,Gold,2023-10-17
CUS02224,Aisha Hafez,Female,1972-09-27,1225073447,aisha.hafez91@yahoo.com,Cairo,Greater Cairo,Silver,2022-11-17
CUS01053,Amr Mostafa,MALE,1979-12-14,1034031104,,Port Said,Canal Zone,Bronze,2022-03-20
CUS00696,Neveen Ahmed,Female,2000-04-08,1210409797,neveen.ahmed35@hotmail.com,Mansoura,Nile Delta,Gold,2023-06-20
CUS01656,Dalia Rizk,Female,1990-03-06,1134831499,dalia.rizk67@hotmail.com,Port Said,Canal Zone,Bronze,2021-12-21
CUS01939,Rania Nasser,Female,1979-11-19,1059621760,rania.nasser65@gmail.com,Alexandria,Alexandria,Silver,2020-02-11
CUS00046,Hossam Salem,MALE,03/12/1991,1056548066,,Mansoura,Nile Delta,Bronze,2022-08-01
CUS02168,Ashraf Mansour,Male,16/11/1983,1038067311,ashraf.mansour97@outlook.com,Cairo,Greater Cairo,Bronze,2021-07-17
CUS00545,Emad Gouda,Male,1988-12-18,1242831540,emad.gouda98@gmail.com,Mansoura,Nile Delta,Platinum,2023-04-19
CUS01426,Hazem Younis,Male,1985-03-25,1264829712,hazem.younis33@hotmail.com,Ismailia,Canal Zone,Platinum,2021-12-14
CUS02169,Amira Mostafa,Female,24/03/1979,1247650461,amira.mostafa90@yahoo.com,Tanta,Nile Delta,Silver,2021-09-25
CUS00417,Neveen Amin,female,1987-04-19,1121707969,neveen.amin76@yahoo.com,Giza,Greater Cairo,Gold,2021-12-15
CUS01815,Tamer Badawi,Male,01/09/1986,1163610121,tamer.badawi54@yahoo.com,Cairo,Greater Cairo,Gold,2020-11-08
CUS01925,Maged Ahmed,Male,1973-04-05,1164521433,maged.ahmed86@outlook.com,Hurghada,Red Sea,Bronze,2023-08-28
CUS02080,Eman Gouda,Female,1974-12-03,1116579870,eman.gouda57@outlook.com,Hurghada,Red Sea,Silver,2023-04-21
CUS00193,Adel Shaaban,Male,1974-10-04,1290048179,adel.shaaban12@yahoo.com,Suez,Canal Zone,Silver,2021-10-25
CUS02910,Mona Mohamed,FEMALE,1975-11-24,1140195198,mona.mohamed1@outlook.com,Giza,Greater Cairo,Bronze,2021-05-09
CUS02918,Rana Bakr,FEMALE,1988-07-11,1247389079,rana.bakr39@hotmail.com,Aswan,Upper Egypt,Bronze,2022-10-27
CUS00315,Omar Ali,Male,1996-08-19,1185935555,omar.ali78@yahoo.com,Aswan,Upper Egypt,Bronze,2021-09-21
CUS00479,Nader Ahmed,Male,1998-05-12,1016594707,nader.ahmed52@yahoo.com,Ismailia,Canal Zone,Bronze,2022-09-20
CUS00684,Hassan Mansour,MALE,1975-12-03,1068112164,,Mansoura,Nile Delta,Bronze,2022-11-17
CUS00355,Zeinab Amin,Female,1981-10-24,1171448654,,Cairo,Greater Cairo,Bronze,2020-04-28
CUS00300,Neveen Gouda,female,1980-10-07,1121568480,neveen.gouda13@outlook.com,Cairo,Greater Cairo,Bronze,2023-05-08
CUS01507,Akram Mostafa,MALE,12/08/1994,1233865861,akram.mostafa40@gmail.com,Alexandria,Alexandria,Platinum,2020-12-02
CUS01365,Sherif Mostafa,Male,06/10/1984,1216060961,,Zagazig,Nile Delta,Bronze,2021-01-14
CUS01243,Ali Abdallah,male,1982-02-15,1048825894,ali.abdallah32@hotmail.com,Hurghada,Red Sea,Bronze,2023-08-26
CUS02468,Tarek Mohamed,Male,13/03/1995,1239167240,tarek.mohamed98@yahoo.com,Cairo,Greater Cairo,Bronze,2021-07-11
CUS00728,Rania Barakat,female,17/10/1987,1050714161,rania.barakat28@yahoo.com,Hurghada,Red Sea,Bronze,2023-08-16
CUS02349,Wael Gouda,Male,1986-02-12,1278207429,wael.gouda7@hotmail.com,Alexandria,Alexandria,Silver,2021-11-28
CUS01085,Ghada Ahmed,Female,1971-12-02,1016472544,ghada.ahmed69@yahoo.com,Port Said,Canal Zone,Silver,2022-03-04
CUS00730,Ayman Ali,Male,01/07/1990,1060154780,ayman.ali17@outlook.com,Cairo,Greater Cairo,Silver,2023-11-28
CUS01955,Sara Mohamed,FEMALE,2001-03-10,1128464221,sara.mohamed56@yahoo.com,Sharm El Sheikh,South Sinai,Bronze,2021-08-28
CUS02879,Lobna Rizk,Female,16/03/1994,1142679457,lobna.rizk60@hotmail.com,Alexandria,Alexandria,Bronze,2023-11-03
CUS00843,Mohamed Fathy,Male,1998-08-20,1162443962,mohamed.fathy52@outlook.com,Cairo,Greater Cairo,Bronze,2021-10-05
CUS02346,Yasmin Mostafa,female,11/10/1999,1228729323,yasmin.mostafa31@gmail.com,Mansoura,Nile Delta,Bronze,2021-06-13
CUS00433,Hossam Farouk,Male,19/02/1994,1266618508,hossam.farouk12@yahoo.com,Mansoura,Nile Delta,Platinum,2022-01-07
CUS02571,Sherif Mahmoud,Male,1985-03-20,1114332363,sherif.mahmoud46@gmail.com,Giza,Greater Cairo,Bronze,2020-07-12
CUS02610,Ahmed Mostafa,MALE,1974-03-02,1063360110,ahmed.mostafa95@outlook.com,Cairo,Greater Cairo,Bronze,2022-03-14
CUS00176,Mahmoud Zaki,MALE,1991-02-02,1065963010,mahmoud.zaki90@yahoo.com,Cairo,Greater Cairo,Bronze,2023-12-19
CUS00257,Hossam Wahba,Male,1987-03-25,1124500436,hossam.wahba4@gmail.com,Port Said,Canal Zone,Silver,2020-02-16
CUS02119,Zeinab Younis,Female,09/12/1985,1228228078,zeinab.younis7@yahoo.com,Cairo,Greater Cairo,Silver,2022-01-14
CUS02404,Wael Ibrahim,Male,1977-10-11,1294173034,wael.ibrahim25@hotmail.com,Giza,Greater Cairo,Bronze,2023-08-20
CUS00444,Yasmin Fathy,Female,05/01/1976,1183435357,yasmin.fathy59@hotmail.com,Giza,Greater Cairo,Bronze,2021-05-06
CUS01337,Rana Ali,Female,1979-09-18,1165967954,,Cairo,Greater Cairo,Bronze,2020-10-20
CUS02152,Lobna Lotfy,female,1977-06-20,1111744307,,Cairo,Greater Cairo,Silver,2020-08-07
CUS02298,Emad Hamdy,Male,1972-09-02,1285708054,emad.hamdy30@yahoo.com,Cairo,Greater Cairo,Bronze,2020-06-25
CUS01840,Mahmoud Nasser,Male,1989-04-10,1190497815,mahmoud.nasser71@outlook.com,Cairo,Greater Cairo,Silver,2020-12-17
CUS02794,Hoda Hassan,Female,1988-03-05,1259571765,hoda.hassan18@yahoo.com,Cairo,Greater Cairo,Bronze,2020-05-08
CUS02773,Neveen Ismail,Female,1976-11-01,1078866174,neveen.ismail52@outlook.com,Hurghada,Red Sea,Silver,2023-11-01
CUS02770,Karim Saad,Male,05/04/2001,1010400313,karim.saad43@yahoo.com,Tanta,Nile Delta,Bronze,2020-06-08
CUS02595,Bassem Mahmoud,Male,1996-12-22,1087213046,,Cairo,Greater Cairo,Bronze,2023-05-03
CUS02323,Tarek Ragab,Male,1996-05-01,1016544576,tarek.ragab26@yahoo.com,Mansoura,Nile Delta,Gold,2022-03-01
CUS02300,Osama Younis,Male,1992-11-22,1294942673,osama.younis94@hotmail.com,Giza,Greater Cairo,Silver,2022-02-22
CUS00197,Omar Mohamed,male,1979-12-16,1268617594,omar.mohamed59@outlook.com,Zagazig,Nile Delta,Bronze,2021-08-17
CUS01910,Rania Younis,female,1998-04-27,1015868959,rania.younis12@yahoo.com,Cairo,Greater Cairo,Bronze,2023-07-14
CUS00171,Nour Barakat,Female,1979-08-27,1270625891,nour.barakat90@yahoo.com,Tanta,Nile Delta,Bronze,2023-07-11
CUS00299,Aisha Khalil,Female,1988-12-07,1156150415,aisha.khalil78@outlook.com,Mansoura,Nile Delta,Silver,2021-05-24
CUS02827,Zeinab Ibrahim,Female,2002-01-19,1214135520,,Zagazig,Nile Delta,Silver,2021-04-13
CUS00089,Zeinab Younis,female,1997-01-17,1013391969,zeinab.younis21@hotmail.com,Suez,Canal Zone,Bronze,2022-03-27
CUS01481,Hoda Shaaban,Female,1991-01-09,1126723636,hoda.shaaban76@hotmail.com,Aswan,Upper Egypt,Silver,2022-03-18
CUS00830,Amr Ramadan,Male,1976-08-21,1166971876,amr.ramadan68@hotmail.com,Giza,Greater Cairo,Bronze,2022-12-02
CUS00271,Fady Hafez,male,1994-12-24,1066756516,fady.hafez53@hotmail.com,Hurghada,Red Sea,Bronze,2020-08-18
CUS02923,Doha Saad,Female,1981-05-01,1056612671,doha.saad79@gmail.com,Aswan,Upper Egypt,Silver,2023-09-01
CUS01048,Yasmin Ragab,FEMALE,1981-10-24,1199131349,,Cairo,Greater Cairo,Bronze,2022-10-17
CUS00811,Reham Younis,Female,1988-05-06,1083252711,reham.younis63@gmail.com,Ismailia,Canal Zone,Silver,2021-03-27
CUS00651,Noha Mohamed,Female,2001-12-04,1121959568,noha.mohamed53@outlook.com,Cairo,Greater Cairo,Bronze,2023-03-28
CUS01115,Hassan Attia,Male,1989-12-18,1027976656,hassan.attia45@gmail.com,Alexandria,Alexandria,Bronze,2023-01-05
CUS02636,Ashraf Zaki,MALE,1999-09-10,1040312385,ashraf.zaki64@yahoo.com,Mansoura,Nile Delta,Bronze,2021-06-20
CUS01238,Walid Saad,Male,1971-11-15,1282542655,walid.saad12@outlook.com,Alexandria,Alexandria,Silver,2022-12-14
CUS00153,Tarek Amin,Male,1984-05-26,1122335296,,Cairo,Greater Cairo,Bronze,2022-08-06
CUS01741,Tarek Mohamed,Male,1991-06-21,1094448949,tarek.mohamed39@hotmail.com,Aswan,Upper Egypt,Bronze,2022-02-18
CUS02286,Ashraf Ali,Male,1995-08-16,1156962250,ashraf.ali42@hotmail.com,Cairo,Greater Cairo,Gold,2020-01-11
CUS01658,Ramy Ahmed,Male,1994-12-06,1181222187,ramy.ahmed13@yahoo.com,Giza,Greater Cairo,Bronze,2020-12-24
CUS01411,Adel Attia,MALE,28/08/1986,1056638324,adel.attia12@gmail.com,Cairo,Greater Cairo,Gold,2022-11-18
CUS00290,Neveen Wahba,Female,1982-08-15,1173946652,neveen.wahba48@yahoo.com,Alexandria,Alexandria,Bronze,2023-11-14
CUS01818,Nader Ramadan,Male,2002-12-20,1012706348,nader.ramadan52@gmail.com,Hurghada,Red Sea,Bronze,2022-06-01
CUS02935,Mona Bakr,Female,02/12/1976,1020288463,mona.bakr73@yahoo.com,Tanta,Nile Delta,Bronze,2022-12-19
CUS01269,Salma Rizk,Female,1971-01-23,1034488359,salma.rizk21@yahoo.com,Mansoura,Nile Delta,Silver,2021-10-17
CUS02789,Reem Sayed,FEMALE,1988-06-25,1128412800,reem.sayed36@gmail.com,Port Said,Canal Zone,Bronze,2021-01-01
CUS02105,Khaled Saad,Male,1992-10-10,1077338280,khaled.saad48@yahoo.com,Hurghada,Red Sea,Bronze,2022-03-26
CUS00450,Radwa Saad,Female,1986-11-06,1029023738,radwa.saad54@yahoo.com,Cairo,Greater Cairo,Bronze,2022-03-27
CUS01967,Akram Rizk,Male,1997-02-14,1283840258,akram.rizk98@gmail.com,Cairo,Greater Cairo,Silver,2022-10-20
CUS00931,Engy Younis,Female,2001-11-20,1221390627,engy.younis86@hotmail.com,Cairo,Greater Cairo,Bronze,2021-08-06
CUS00258,Samah Bakr,Female,1979-05-20,1222929680,samah.bakr60@yahoo.com,Tanta,Nile Delta,Bronze,2022-11-16
CUS01217,Yasmin Zaki,Female,12/11/1980,1064736922,yasmin.zaki29@outlook.com,Cairo,Greater Cairo,Bronze,2022-04-01
CUS01622,Osama Ahmed,Male,27/06/1978,1155233421,osama.ahmed5@gmail.com,Cairo,Greater Cairo,Bronze,2021-10-28
CUS00683,Wael Mahmoud,Male,1974-01-24,1055786338,wael.mahmoud59@hotmail.com,Cairo,Greater Cairo,Bronze,2020-10-04
CUS02229,Hussein Shaaban,Male,02/06/1987,1261756938,hussein.shaaban25@yahoo.com,Giza,Greater Cairo,Bronze,2021-04-01
CUS02442,Hazem Mohamed,Male,1997-12-14,1265703311,hazem.mohamed61@hotmail.com,Alexandria,Alexandria,Silver,2021-11-01
CUS01715,Dina Ahmed,Female,2003-06-26,1219505341,dina.ahmed79@hotmail.com,Cairo,Greater Cairo,Bronze,2021-03-03
CUS00068,Adel Ragab,Male,05/03/1973,1055992373,adel.ragab41@yahoo.com,Hurghada,Red Sea,Silver,2020-08-11
CUS01456,Bassem Lotfy,Male,2002-08-01,1060654368,,Port Said,Canal Zone,Silver,2021-08-22
CUS02583,Ayman Wahba,Male,1995-10-28,1079707613,ayman.wahba39@gmail.com,Alexandria,Alexandria,Bronze,2021-06-19
CUS02448,Dalia Khalil,Female,1978-12-14,1192663590,dalia.khalil34@gmail.com,Cairo,Greater Cairo,Bronze,2021-09-06
CUS02769,Mohamed Ibrahim,Male,1996-09-01,1021023370,mohamed.ibrahim54@gmail.com,Alexandria,Alexandria,Silver,2023-05-07
CUS01641,Mona Badawi,Female,2003-02-04,1069371178,,Alexandria,Alexandria,Bronze,2020-05-20
CUS01100,Mona Ragab,Female,2001-07-09,1298486477,,Giza,Greater Cairo,Silver,2021-03-17
CUS00737,Dalia Saad,Female,14/10/2002,1045661812,dalia.saad61@outlook.com,Giza,Greater Cairo,Bronze,2023-06-04
CUS00512,Omar Ibrahim,Male,1986-09-07,1157910133,omar.ibrahim47@hotmail.com,Giza,Greater Cairo,Bronze,2021-09-09
CUS01872,Ola Attia,Female,28/07/1983,1198574862,ola.attia80@yahoo.com,Cairo,Greater Cairo,Bronze,2023-03-17
CUS00424,Hana Badawi,Female,1984-06-09,1088069593,hana.badawi94@outlook.com,Alexandria,Alexandria,Bronze,2022-03-16
CUS01152,Doha Farouk,Female,1972-03-04,1119565463,doha.farouk50@hotmail.com,Aswan,Upper Egypt,Bronze,2023-12-26
CUS01610,Hoda Mostafa,female,16/12/1991,1158042204,hoda.mostafa30@yahoo.com,Alexandria,Alexandria,Bronze,2021-05-14
CUS00125,Hoda Ali,female,2002-06-13,1233461307,hoda.ali2@gmail.com,Cairo,Greater Cairo,Bronze,2021-07-19
CUS02506,Hassan Hamdy,MALE,1982-03-21,1113282336,,Cairo,Greater Cairo,Gold,2022-08-16
CUS01160,Hoda Ragab,Female,1978-06-20,1039244446,hoda.ragab7@outlook.com,Cairo,Greater Cairo,Gold,2020-05-17
CUS00507,Osama Ismail,Male,1991-01-05,1083428820,osama.ismail8@yahoo.com,Suez,Canal Zone,Gold,2023-02-26
CUS02041,Dina Mohamed,FEMALE,1970-08-16,1099828519,dina.mohamed17@outlook.com,Luxor,Upper Egypt,Bronze,2023-11-21
CUS01374,Ayman Gamal,Male,13/07/2002,1238010136,ayman.gamal14@outlook.com,Alexandria,Alexandria,Bronze,2021-11-16
CUS02308,Amira Ragab,Female,2001-06-21,1131069914,amira.ragab65@hotmail.com,Mansoura,Nile Delta,Bronze,2020-11-11
CUS01038,Amr Rizk,Male,1973-07-12,1282695541,amr.rizk61@yahoo.com,Zagazig,Nile Delta,Gold,2022-09-28
CUS02645,Walid Khalil,Male,09/06/1977,1056761054,walid.khalil8@outlook.com,Cairo,Greater Cairo,Bronze,2020-11-05
CUS01150,Shaimaa Salem,Female,01/02/1994,1111294689,shaimaa.salem84@hotmail.com,Luxor,Upper Egypt,Bronze,2021-05-28
CUS01721,Mariam Nasser,Female,1996-01-23,1190808054,mariam.nasser90@yahoo.com,Cairo,Greater Cairo,Silver,2022-07-08
CUS00613,Omar Mahmoud,Male,1977-09-06,1221774955,omar.mahmoud10@outlook.com,Mansoura,Nile Delta,Gold,2022-08-15
CUS01787,Ramy Nasser,MALE,1995-12-25,1190594945,ramy.nasser34@yahoo.com,Mansoura,Nile Delta,Silver,2021-09-12
CUS02906,Ahmed Barakat,Male,1991-09-07,1271745482,ahmed.barakat23@outlook.com,Cairo,Greater Cairo,Silver,2021-03-03
CUS02031,Osama Wahba,Male,1990-06-17,1152920489,osama.wahba14@hotmail.com,Cairo,Greater Cairo,Bronze,2020-05-07
CUS01761,Hassan Abdallah,Male,1972-07-08,1071386952,hassan.abdallah5@gmail.com,Giza,Greater Cairo,Bronze,2022-06-17
CUS00595,Nadia Saad,Female,1972-03-05,1248712477,nadia.saad40@yahoo.com,Suez,Canal Zone,Bronze,2022-08-23
CUS00991,Suzy Shaaban,Female,1971-06-24,1159633035,suzy.shaaban87@hotmail.com,Hurghada,Red Sea,Bronze,2023-06-26
CUS02524,Emad Lotfy,Male,08/08/1977,1058746010,,Giza,Greater Cairo,Bronze,2021-11-05
CUS00292,Radwa Younis,Female,1973-09-03,1078909330,radwa.younis73@hotmail.com,Cairo,Greater Cairo,Bronze,2022-05-19
CUS01873,Ibrahim Badawi,Male,2002-04-26,1262339589,,Alexandria,Alexandria,Bronze,2023-12-17
CUS01804,Engy Mahmoud,Female,2003-09-17,1069735019,engy.mahmoud52@hotmail.com,Giza,Greater Cairo,Bronze,2021-09-02
CUS00081,Rana Wahba,Female,2000-08-28,1020048242,rana.wahba65@yahoo.com,Luxor,Upper Egypt,Bronze,2023-07-27
CUS02685,Hossam Lotfy,Male,25/01/1988,1290004656,hossam.lotfy9@hotmail.com,Giza,Greater Cairo,Bronze,2020-09-07
CUS01980,Reham Attia,Female,1999-01-08,1031076233,reham.attia29@gmail.com,Aswan,Upper Egypt,Bronze,2023-04-05
CUS00943,Eman Hafez,Female,1994-08-27,1054480754,eman.hafez86@outlook.com,Mansoura,Nile Delta,Bronze,2023-05-03
CUS01357,Adel Gamal,male,1979-09-20,1267599647,adel.gamal59@yahoo.com,Suez,Canal Zone,Bronze,2021-08-25
CUS00409,Adel Hamdy,Male,1997-03-18,1124588794,adel.hamdy96@outlook.com,Suez,Canal Zone,Silver,2020-06-28
CUS01802,Lobna Hamdy,Female,1976-01-10,1175879752,lobna.hamdy39@hotmail.com,Zagazig,Nile Delta,Platinum,2023-04-23
CUS00941,Amira Hamdy,Female,1994-02-10,1041572277,amira.hamdy11@gmail.com,Cairo,Greater Cairo,Silver,2023-05-14
CUS02315,Hossam Mohamed,Male,1995-03-23,1280256723,hossam.mohamed24@outlook.com,Sharm El Sheikh,South Sinai,Bronze,2023-07-12
CUS02160,Mariam Ali,Female,1984-01-05,1269580724,mariam.ali97@yahoo.com,Zagazig,Nile Delta,Bronze,2021-11-27
CUS00369,Ayman Wahba,Male,1997-03-27,1112658997,ayman.wahba39@yahoo.com,Cairo,Greater Cairo,Bronze,2021-05-13
CUS01726,Shaimaa Gamal,Female,2002-06-17,1160561023,shaimaa.gamal67@gmail.com,Cairo,Greater Cairo,Silver,2021-11-28
CUS00858,Reem Hamdy,Female,09/12/1973,1099062872,reem.hamdy80@hotmail.com,Alexandria,Alexandria,Bronze,2023-10-02
CUS01492,Nour Badawi,Female,15/02/1984,1147572968,nour.badawi53@yahoo.com,Giza,Greater Cairo,Bronze,2023-04-13
CUS00142,Mahmoud Gouda,male,1979-06-25,1043382936,mahmoud.gouda98@gmail.com,Cairo,Greater Cairo,Bronze,2020-06-21
CUS02116,Rania Sayed,Female,1973-03-13,1237423200,,Cairo,Greater Cairo,Bronze,2021-04-23
CUS02881,Ghada Salem,female,23/09/1978,1197547005,ghada.salem6@gmail.com,Giza,Greater Cairo,Bronze,2020-08-22
CUS00820,Reham Barakat,Female,1981-05-11,1228019246,reham.barakat5@hotmail.com,Giza,Greater Cairo,Bronze,2020-05-08
CUS01111,Mahmoud Badawi,Male,1980-03-03,1037406435,mahmoud.badawi10@outlook.com,Aswan,Upper Egypt,Bronze,2023-03-06
CUS00556,Adel Barakat,Male,03/09/1990,1238709086,adel.barakat56@outlook.com,Giza,Greater Cairo,Bronze,2023-12-26
CUS00860,Emad Shaaban,MALE,1984-04-18,1223838198,emad.shaaban42@yahoo.com,Cairo,Greater Cairo,Bronze,2022-12-16
CUS02397,Fady Fathy,Male,1984-02-22,1216737139,fady.fathy2@outlook.com,Cairo,Greater Cairo,Bronze,2020-10-03
CUS02072,Magdy Lotfy,male,1980-06-05,1215762109,magdy.lotfy73@hotmail.com,Alexandria,Alexandria,Platinum,2022-03-17
CUS00600,Reem Farouk,female,1999-03-02,1245670151,reem.farouk9@yahoo.com,Cairo,Greater Cairo,Bronze,2022-01-07
CUS01713,Shaimaa Shaaban,female,2003-09-03,1146624012,shaimaa.shaaban44@outlook.com,Hurghada,Red Sea,Bronze,2021-05-24
CUS00178,Heba Barakat,Female,1975-08-24,1291171931,heba.barakat41@hotmail.com,Giza,Greater Cairo,Silver,2022-03-20
CUS01484,Ayman Bakr,Male,1970-11-11,1082856005,,Cairo,Greater Cairo,Bronze,2023-11-10
CUS01695,Maged Ali,Male,1997-11-15,1019010715,,Giza,Greater Cairo,Silver,2021-05-10
CUS01704,Neveen Ibrahim,Female,1979-08-19,1235623259,neveen.ibrahim18@hotmail.com,Alexandria,Alexandria,Silver,2021-06-22
CUS02128,Shaimaa Ali,Female,1985-07-24,1062077771,shaimaa.ali41@gmail.com,Cairo,Greater Cairo,Gold,2023-02-28
CUS02784,Noha Wahba,female,16/12/1971,1198913917,noha.wahba94@gmail.com,Hurghada,Red Sea,Bronze,2022-12-20
CUS00184,Mahmoud Ismail,MALE,1975-08-17,1074781956,mahmoud.ismail68@hotmail.com,Luxor,Upper Egypt,Gold,2022-03-25
CUS01344,Hossam Zaki,Male,1974-01-05,1258759172,hossam.zaki75@hotmail.com,Zagazig,Nile Delta,Silver,2022-07-13
CUS01324,Hassan Hafez,male,1981-07-13,1154629491,hassan.hafez21@hotmail.com,Cairo,Greater Cairo,Bronze,2021-11-17
CUS00868,Eman Hafez,Female,1997-06-26,1192362416,eman.hafez16@gmail.com,Cairo,Greater Cairo,Bronze,2023-06-01
CUS02581,Ashraf Gouda,Male,1990-06-25,1188198069,ashraf.gouda43@hotmail.com,Cairo,Greater Cairo,Silver,2020-03-18
CUS02574,Sara Hafez,Female,1982-02-15,1164475620,sara.hafez49@outlook.com,Alexandria,Alexandria,Bronze,2020-09-03
CUS00671,Mariam Gamal,Female,1983-07-14,1171818207,mariam.gamal42@outlook.com,Cairo,Greater Cairo,Bronze,2021-12-17
CUS01728,Noha Wahba,female,1980-12-27,1248461227,noha.wahba86@yahoo.com,Sharm El Sheikh,South Sinai,Silver,2021-10-18
CUS01090,Dina Saad,Female,01/10/1991,1092838528,dina.saad22@gmail.com,Cairo,Greater Cairo,Bronze,2023-08-19
CUS02723,Ali Nasser,Male,1997-08-10,1267626003,ali.nasser27@hotmail.com,Hurghada,Red Sea,Bronze,2020-06-08
CUS01874,Eman Rizk,Female,1987-01-18,1298448010,eman.rizk26@yahoo.com,Aswan,Upper Egypt,Gold,2020-08-21
CUS01261,Ghada Abdallah,Female,1994-01-15,1168574966,ghada.abdallah29@gmail.com,Cairo,Greater Cairo,Gold,2020-01-23
CUS00163,Ramy Gamal,male,1992-11-10,1077276832,ramy.gamal4@hotmail.com,Mansoura,Nile Delta,Gold,2021-03-11
CUS02449,Salma Ragab,Female,2003-04-08,1228113838,salma.ragab50@yahoo.com,Cairo,Greater Cairo,Gold,2021-06-21
CUS02947,Sherif Abdallah,Male,1985-05-26,1142842570,sherif.abdallah17@outlook.com,Alexandria,Alexandria,Bronze,2022-08-22
CUS01254,Osama Ahmed,Male,1994-05-24,1259038710,osama.ahmed60@gmail.com,Cairo,Greater Cairo,Bronze,2022-12-15
CUS02532,Hossam Mahmoud,Male,1971-04-13,1255548057,,Aswan,Upper Egypt,Platinum,2022-03-24
CUS02864,Rana Zaki,Female,1971-11-06,1077404022,rana.zaki61@hotmail.com,Alexandria,Alexandria,Bronze,2020-05-11
CUS01879,Akram Gamal,Male,1998-08-20,1137457394,akram.gamal92@hotmail.com,Giza,Greater Cairo,Gold,2022-04-17
CUS00031,Dalia Hamdy,Female,2001-04-24,1242900372,dalia.hamdy82@gmail.com,Mansoura,Nile Delta,Silver,2022-01-25
CUS00458,Tarek Barakat,Male,1990-06-06,1267716265,tarek.barakat7@outlook.com,Alexandria,Alexandria,Platinum,2021-11-13
CUS00434,Essam Abdallah,male,12/01/1977,1128703143,essam.abdallah54@yahoo.com,Cairo,Greater Cairo,Silver,2021-04-02
CUS00818,Maged Ali,Male,1994-05-21,1131028161,maged.ali6@yahoo.com,Giza,Greater Cairo,Silver,2023-04-24
CUS00174,Engy Younis,Female,1981-02-05,1010474177,engy.younis70@gmail.com,Cairo,Greater Cairo,Silver,2023-04-07
CUS01922,Ramy Salem,Male,07/10/1991,1172691030,ramy.salem48@gmail.com,Cairo,Greater Cairo,Gold,2022-07-06
CUS00297,Walid Ahmed,Male,1991-01-04,1267953597,walid.ahmed71@hotmail.com,Hurghada,Red Sea,Bronze,2020-08-13
CUS00326,Manar Mahmoud,Female,01/09/1974,1269750614,manar.mahmoud46@outlook.com,Zagazig,Nile Delta,Bronze,2021-12-01
CUS01214,Aisha Mohamed,Female,1999-03-17,1298552975,aisha.mohamed60@hotmail.com,Hurghada,Red Sea,Silver,2020-02-14
CUS02949,Adel Mahmoud,Male,1977-02-12,1280910930,,Giza,Greater Cairo,Bronze,2021-10-09
CUS00946,Akram Mostafa,Male,2000-09-22,1296011916,akram.mostafa76@outlook.com,Cairo,Greater Cairo,Gold,2021-06-15
CUS00745,Osama Gouda,Male,1980-03-08,1296571635,,Cairo,Greater Cairo,Silver,2023-06-02
CUS01223,Yasmin Amin,Female,1983-06-25,1274083494,yasmin.amin58@yahoo.com,Giza,Greater Cairo,Bronze,2022-07-01
CUS00795,Hussein Saad,Male,2003-05-24,1112724561,hussein.saad33@yahoo.com,Cairo,Greater Cairo,Platinum,2021-11-16
CUS01427,Mona Gamal,Female,1971-12-26,1152832536,mona.gamal69@hotmail.com,Cairo,Greater Cairo,Silver,2023-08-06
CUS02752,Omar Fathy,Male,1983-07-16,1041480353,omar.fathy90@yahoo.com,Tanta,Nile Delta,Gold,2020-10-23
CUS01363,Khaled Ramadan,MALE,1995-03-23,1290543284,khaled.ramadan77@yahoo.com,Mansoura,Nile Delta,Bronze,2021-01-10
CUS01588,Karim Ismail,MALE,1970-10-12,1276224539,karim.ismail91@gmail.com,Giza,Greater Cairo,Bronze,2023-01-26
CUS01098,Doha Nasser,Female,28/09/1991,1250213388,doha.nasser5@yahoo.com,Cairo,Greater Cairo,Platinum,2020-03-16
CUS02269,Radwa Khalil,Female,1974-05-12,1275338800,,Cairo,Greater Cairo,Silver,2022-10-04
CUS02093,Ahmed Ahmed,Male,1999-06-26,1045042983,ahmed.ahmed36@outlook.com,Cairo,Greater Cairo,Bronze,2021-11-08
CUS00074,Ashraf Sayed,Male,2003-05-20,1228409776,ashraf.sayed37@gmail.com,Aswan,Upper Egypt,Silver,2020-08-07
CUS02948,Yasmin Hassan,FEMALE,1984-12-20,1210097184,yasmin.hassan10@gmail.com,Alexandria,Alexandria,Bronze,2022-11-15
CUS02329,Nader Ismail,Male,1979-03-23,1193757881,nader.ismail99@hotmail.com,Mansoura,Nile Delta,Bronze,2021-07-04
CUS01362,Wael Nasser,Male,1984-11-05,1255357151,wael.nasser11@hotmail.com,Cairo,Greater Cairo,Bronze,2021-09-13
CUS01781,Fatima Mohamed,female,1998-01-26,1075420157,fatima.mohamed54@outlook.com,Cairo,Greater Cairo,Bronze,2021-03-02
CUS01162,Doha Badawi,Female,1997-05-25,1052180686,doha.badawi95@outlook.com,Cairo,Greater Cairo,Bronze,2023-08-23
CUS01451,Hassan Mostafa,Male,1975-10-09,1250793088,hassan.mostafa79@outlook.com,Alexandria,Alexandria,Gold,2022-06-13
CUS01938,Adel Salem,Male,19/12/2001,1144956007,adel.salem1@gmail.com,Aswan,Upper Egypt,Gold,2020-09-18
CUS02883,Doha Lotfy,female,21/10/1976,1197085746,doha.lotfy63@hotmail.com,Cairo,Greater Cairo,Platinum,2021-05-22
CUS01746,Rana Gamal,female,11/10/2000,1286260244,rana.gamal33@gmail.com,Alexandria,Alexandria,Gold,2021-11-08
CUS00603,Hazem Younis,Male,1989-05-28,1243423167,hazem.younis15@yahoo.com,Cairo,Greater Cairo,Gold,2023-01-11
CUS00472,Ali Shaaban,male,1989-12-15,1196046600,ali.shaaban4@yahoo.com,Ismailia,Canal Zone,Bronze,2020-01-05
CUS02444,Suzy Sayed,Female,1985-11-24,1136882000,suzy.sayed62@hotmail.com,Aswan,Upper Egypt,Bronze,2023-03-09
CUS00963,Samah Ahmed,Female,1981-03-21,1064508893,samah.ahmed35@gmail.com,Cairo,Greater Cairo,Silver,2021-01-03
CUS02518,Shaimaa Lotfy,female,1970-04-02,1038522803,shaimaa.lotfy97@gmail.com,Alexandria,Alexandria,Bronze,2022-03-23
CUS00568,Hussein Mansour,male,06/05/1992,1183387315,hussein.mansour74@outlook.com,Giza,Greater Cairo,Bronze,2023-08-27
CUS02272,Youssef Mahmoud,Male,17/04/1979,1179150757,,Giza,Greater Cairo,Silver,2020-09-25
CUS02388,Amr Hafez,Male,1981-06-02,1062102936,amr.hafez62@yahoo.com,Mansoura,Nile Delta,Silver,2021-01-16
CUS01834,Fady Ismail,Male,1990-02-03,1180650419,fady.ismail32@hotmail.com,Zagazig,Nile Delta,Silver,2022-06-08
CUS01587,Doha Mohamed,Female,06/06/1976,1186658763,doha.mohamed93@outlook.com,Tanta,Nile Delta,Gold,2020-08-18
CUS01602,Mohamed Ali,Male,1973-07-10,1164570141,mohamed.ali65@outlook.com,Giza,Greater Cairo,Bronze,2021-12-23
CUS00325,Doha Hafez,female,20/08/1983,1112130654,doha.hafez1@gmail.com,Port Said,Canal Zone,Gold,2021-07-18
CUS01065,Ahmed Attia,Male,22/11/1989,1144213454,ahmed.attia36@gmail.com,Giza,Greater Cairo,Silver,2021-10-26
CUS02941,Sherif Abdallah,Male,1970-04-04,1265743422,sherif.abdallah40@yahoo.com,Cairo,Greater Cairo,Bronze,2021-09-24
CUS00681,Bassem Ali,Male,1987-12-13,1159230243,bassem.ali44@yahoo.com,Aswan,Upper Egypt,Silver,2022-12-09
CUS00486,Engy Barakat,Female,22/05/1981,1154452330,engy.barakat6@hotmail.com,Suez,Canal Zone,Bronze,2020-07-26
CUS02255,Noha Badawi,Female,1991-07-23,1144314984,noha.badawi81@hotmail.com,Luxor,Upper Egypt,Platinum,2023-07-07
CUS02132,Mariam Gouda,Female,19/07/1988,1211339690,mariam.gouda12@outlook.com,Cairo,Greater Cairo,Silver,2021-08-22
CUS00679,Ola Fathy,Female,1971-10-19,1132690870,ola.fathy4@outlook.com,Ismailia,Canal Zone,Silver,2022-03-02
CUS01617,Tamer Ismail,Male,1999-04-12,1147945749,tamer.ismail4@yahoo.com,Sharm El Sheikh,South Sinai,Bronze,2020-07-20
CUS01712,Engy Lotfy,Female,1977-12-22,1110644042,,Cairo,Greater Cairo,Silver,2023-05-20
CUS00240,Bassem Hamdy,Male,1970-05-12,1151350514,bassem.hamdy57@outlook.com,Cairo,Greater Cairo,Gold,2023-05-06
CUS02690,Youssef Mansour,male,1979-05-26,1162059096,youssef.mansour29@yahoo.com,Giza,Greater Cairo,Bronze,2022-01-09
CUS02187,Ali Farouk,Male,2000-11-13,1144479284,ali.farouk72@hotmail.com,Luxor,Upper Egypt,Platinum,2020-04-08
CUS02776,Hassan Salem,Male,1973-06-18,1264964040,hassan.salem8@outlook.com,Giza,Greater Cairo,Gold,2022-09-15
CUS02477,Shaimaa Zaki,Female,1986-11-20,1125440655,shaimaa.zaki87@outlook.com,Cairo,Greater Cairo,Silver,2021-11-09
CUS01861,Youssef Hassan,Male,1987-11-27,1280359390,youssef.hassan43@gmail.com,Hurghada,Red Sea,Gold,2021-08-26
CUS02311,Ahmed Khalil,Male,1985-07-05,1217827726,ahmed.khalil89@hotmail.com,Alexandria,Alexandria,Bronze,2021-02-04
CUS01175,Youssef Younis,Male,1985-07-06,1267278051,youssef.younis95@yahoo.com,Mansoura,Nile Delta,Platinum,2020-03-27
CUS00882,Mona Ismail,Female,10/05/1971,1062056495,mona.ismail15@outlook.com,Tanta,Nile Delta,Gold,2020-06-27
CUS01062,Zeinab Amin,female,1989-06-22,1133916938,zeinab.amin90@outlook.com,Ismailia,Canal Zone,Platinum,2023-06-23
CUS02814,Yasmin Nasser,Female,1999-08-11,1046206485,yasmin.nasser81@yahoo.com,Cairo,Greater Cairo,Silver,2022-05-18
CUS00412,Ahmed Ramadan,MALE,2000-05-10,1121088383,ahmed.ramadan32@hotmail.com,Port Said,Canal Zone,Bronze,2020-05-23
CUS01134,Noha Shaaban,Female,1998-01-17,1166144019,noha.shaaban52@yahoo.com,Cairo,Greater Cairo,Platinum,2021-05-03
CUS00606,Zeinab Saad,Female,1984-05-16,1159766743,zeinab.saad58@hotmail.com,Alexandria,Alexandria,Silver,2023-10-13
CUS01690,Adel Rizk,MALE,1993-10-09,1162563413,adel.rizk85@gmail.com,Hurghada,Red Sea,Silver,2021-08-22
CUS01929,Rania Fathy,Female,2001-05-17,1147869930,rania.fathy80@hotmail.com,Mansoura,Nile Delta,Bronze,2022-04-18
CUS02473,Bassem Ibrahim,male,1997-12-04,1160930242,,Suez,Canal Zone,Bronze,2020-01-06
CUS02226,Nadia Salem,Female,2002-02-05,1256535485,nadia.salem59@hotmail.com,Alexandria,Alexandria,Silver,2022-10-23
CUS00611,Doha Hamdy,Female,1998-12-07,1053119744,doha.hamdy91@hotmail.com,Cairo,Greater Cairo,Gold,2022-10-24
CUS00622,Sherif Zaki,Male,1995-11-12,1193471826,sherif.zaki5@yahoo.com,Cairo,Greater Cairo,Bronze,2023-01-18
CUS02657,Heba Ahmed,Female,1972-12-23,1143533745,heba.ahmed65@gmail.com,Aswan,Upper Egypt,Silver,2022-03-02
CUS00536,Akram Nasser,Male,1970-07-03,1184858214,akram.nasser79@outlook.com,Port Said,Canal Zone,Bronze,2021-11-12
CUS02991,Lobna Hamdy,Female,2000-07-02,1094616456,lobna.hamdy70@hotmail.com,Cairo,Greater Cairo,Bronze,2021-12-19
CUS01651,Hazem Mahmoud,Male,1978-02-28,1010162044,hazem.mahmoud25@hotmail.com,Cairo,Greater Cairo,Bronze,2023-10-20
CUS00415,Shaimaa Mostafa,Female,1987-06-09,1166112969,,Mansoura,Nile Delta,Bronze,2022-04-10
CUS00773,Salma Bakr,Female,1984-08-09,1197517299,salma.bakr51@hotmail.com,Cairo,Greater Cairo,Bronze,2020-09-08
CUS00565,Hassan Fathy,Male,1992-10-12,1196144415,hassan.fathy75@outlook.com,Giza,Greater Cairo,Bronze,2021-09-19
CUS00533,Khaled Attia,Male,1988-02-23,1226098153,khaled.attia36@gmail.com,Sharm El Sheikh,South Sinai,Silver,2022-02-24
CUS02513,Zeinab Mansour,Female,1990-11-02,1288016807,zeinab.mansour71@gmail.com,Giza,Greater Cairo,Bronze,2023-01-17
CUS00109,Hany Ragab,Male,1991-12-04,1174265413,hany.ragab32@gmail.com,Cairo,Greater Cairo,Bronze,2021-10-19
CUS02712,Hoda Amin,Female,20/11/1997,1168699523,,Alexandria,Alexandria,Silver,2020-03-19
CUS02510,Khaled Lotfy,Male,17/04/1977,1070071563,,Suez,Canal Zone,Silver,2023-10-19
CUS00480,Ali Amin,MALE,1977-04-04,1014789956,ali.amin80@outlook.com,Alexandria,Alexandria,Bronze,2023-07-04
CUS01785,Osama Gamal,Male,1980-06-15,1042416546,osama.gamal60@hotmail.com,Mansoura,Nile Delta,Bronze,2020-12-13
CUS00319,Osama Mahmoud,Male,1977-02-18,1048299260,osama.mahmoud53@yahoo.com,Cairo,Greater Cairo,Bronze,2020-10-11
CUS01095,Ali Hassan,Male,1991-09-11,1122126246,ali.hassan84@hotmail.com,Cairo,Greater Cairo,Silver,2023-07-08
CUS02722,Amira Sayed,Female,1991-08-12,1299230719,,Hurghada,Red Sea,Bronze,2021-09-13
CUS01245,Engy Hassan,Female,1983-07-17,1116498646,,Hurghada,Red Sea,Gold,2023-04-14
CUS01830,Omar Saad,Male,26/09/1971,1178718631,omar.saad82@outlook.com,Giza,Greater Cairo,Silver,2023-10-25
CUS00403,Reham Younis,Female,17/07/1987,1240704198,reham.younis41@gmail.com,Alexandria,Alexandria,Bronze,2020-02-24
CUS01475,Fady Mahmoud,Male,27/09/1973,1061746772,,Giza,Greater Cairo,Bronze,2021-06-13
CUS00806,Hassan Mostafa,male,1978-01-08,1281610914,hassan.mostafa75@yahoo.com,Zagazig,Nile Delta,Silver,2020-09-06
CUS01961,Ashraf Nasser,Male,1992-02-24,1223354960,,Cairo,Greater Cairo,Bronze,2021-07-08
CUS02411,Tarek Gouda,Male,1979-11-08,1297316295,tarek.gouda41@hotmail.com,Tanta,Nile Delta,Bronze,2020-08-26
CUS02458,Suzy Hafez,Female,1992-10-21,1276242320,,Mansoura,Nile Delta,Gold,2020-11-12
CUS01730,Ghada Mansour,Female,2000-03-17,1160830809,ghada.mansour62@outlook.com,Mansoura,Nile Delta,Platinum,2021-05-15
CUS00388,Hana Farouk,Female,28/03/1973,1162587561,hana.farouk3@outlook.com,Cairo,Greater Cairo,Bronze,2022-07-22
CUS00875,Dalia Lotfy,FEMALE,1985-12-04,1117126486,dalia.lotfy61@yahoo.com,Cairo,Greater Cairo,Bronze,2020-08-22
CUS01212,Yasmin Wahba,female,1975-06-01,1070232661,yasmin.wahba20@outlook.com,Giza,Greater Cairo,Gold,2022-01-15
CUS02931,Suzy Mohamed,Female,1999-02-17,1165312224,suzy.mohamed90@yahoo.com,Alexandria,Alexandria,Bronze,2023-04-21
CUS00528,Lobna Mostafa,Female,1991-06-19,1292762623,lobna.mostafa58@outlook.com,Cairo,Greater Cairo,Bronze,2023-12-27
CUS01519,Reham Wahba,female,1991-07-13,1244840947,reham.wahba46@outlook.com,Cairo,Greater Cairo,Silver,2021-04-17
CUS01558,Hussein Mostafa,male,1981-08-06,1237790964,hussein.mostafa51@hotmail.com,Giza,Greater Cairo,Silver,2023-08-02
CUS02838,Sara Lotfy,female,1984-04-25,1145056585,sara.lotfy28@yahoo.com,Cairo,Greater Cairo,Bronze,2021-06-10
CUS01338,Ibrahim Ismail,Male,24/09/1986,1150582530,ibrahim.ismail26@gmail.com,Tanta,Nile Delta,Bronze,2023-01-23
CUS02623,Nader Salem,male,1996-08-07,1270612666,nader.salem69@outlook.com,Giza,Greater Cairo,Platinum,2023-05-14
CUS00071,Hussein Lotfy,Male,2002-10-10,1018762675,hussein.lotfy77@hotmail.com,Hurghada,Red Sea,Bronze,2023-11-05
CUS02954,Hoda Mahmoud,Female,1987-02-09,1067965149,,Alexandria,Alexandria,Bronze,2023-11-26
CUS01940,Karim Zaki,Male,1999-06-13,1096305446,karim.zaki88@yahoo.com,Cairo,Greater Cairo,Gold,2023-03-10
CUS01821,Ghada Wahba,Female,1972-07-27,1071301736,ghada.wahba80@hotmail.com,Cairo,Greater Cairo,Bronze,2020-08-09
CUS00808,Mona Ramadan,female,2001-04-05,1095395947,mona.ramadan82@gmail.com,Port Said,Canal Zone,Silver,2022-08-06
CUS00057,Essam Saad,Male,1993-01-11,1151734908,,Cairo,Greater Cairo,Platinum,2021-03-10
CUS01676,Nader Younis,Male,1993-10-06,1053752963,nader.younis64@gmail.com,Giza,Greater Cairo,Silver,2020-11-07
CUS00901,Eman Hassan,FEMALE,1990-04-22,1218828684,eman.hassan5@hotmail.com,Cairo,Greater Cairo,Silver,2023-07-26
CUS00044,Adel Bakr,Male,1978-03-24,1195800828,adel.bakr89@hotmail.com,Suez,Canal Zone,Gold,2021-11-19
CUS02233,Ashraf Amin,male,1975-03-16,1140963485,ashraf.amin91@hotmail.com,Suez,Canal Zone,Gold,2022-11-16
CUS02640,Amira Hassan,Female,1976-11-15,1146428171,amira.hassan1@yahoo.com,Tanta,Nile Delta,Silver,2020-09-20
CUS02263,Ashraf Zaki,Male,2001-03-14,1299145904,ashraf.zaki47@hotmail.com,Suez,Canal Zone,Bronze,2020-08-22
CUS02857,Ali Gamal,Male,1993-06-05,1074637055,ali.gamal64@hotmail.com,Cairo,Greater Cairo,Bronze,2023-12-25
CUS00310,Nader Amin,Male,1984-06-10,1199512805,nader.amin67@yahoo.com,Cairo,Greater Cairo,Silver,2020-06-17
CUS00912,Omar Badawi,MALE,18/03/1970,1123718350,omar.badawi32@outlook.com,Cairo,Greater Cairo,Bronze,2022-09-18
CUS01000,Neveen Bakr,Female,2003-11-02,1013398022,neveen.bakr9@hotmail.com,Giza,Greater Cairo,Silver,2021-06-15
CUS01002,Ramy Gamal,male,1979-09-25,1133623696,ramy.gamal81@outlook.com,Alexandria,Alexandria,Silver,2021-06-05
CUS00841,Karim Ibrahim,Male,1975-11-07,1254941595,karim.ibrahim49@gmail.com,Cairo,Greater Cairo,Silver,2022-02-10
CUS02494,Rana Ramadan,female,1973-01-20,1267170315,rana.ramadan10@hotmail.com,Giza,Greater Cairo,Gold,2022-02-14
CUS00394,Akram Fathy,Male,1974-09-27,1282340910,akram.fathy85@gmail.com,Hurghada,Red Sea,Bronze,2021-10-23
CUS00487,Ola Younis,FEMALE,16/01/1977,1229747600,ola.younis86@yahoo.com,Cairo,Greater Cairo,Bronze,2022-08-10
CUS01394,Ayman Ramadan,Male,2001-10-28,1010577198,ayman.ramadan44@yahoo.com,Alexandria,Alexandria,Bronze,2021-08-06
CUS01710,Ola Salem,Female,1994-11-22,1292615050,,Mansoura,Nile Delta,Bronze,2020-07-10
CUS01573,Neveen Zaki,Female,27/07/2000,1024117849,neveen.zaki40@outlook.com,Zagazig,Nile Delta,Silver,2022-05-22
CUS02131,Youssef Fathy,Male,1973-05-23,1062167903,youssef.fathy73@gmail.com,Cairo,Greater Cairo,Bronze,2023-05-05
CUS02934,Wael Attia,Male,1972-01-16,1012775857,wael.attia15@yahoo.com,Alexandria,Alexandria,Bronze,2023-09-27
CUS00638,Heba Sayed,Female,1977-04-12,1291041439,heba.sayed57@outlook.com,Cairo,Greater Cairo,Gold,2020-07-27
CUS01058,Hana Nasser,female,2000-07-24,1077868292,hana.nasser97@outlook.com,Giza,Greater Cairo,Bronze,2021-07-15
CUS01030,Hussein Mohamed,Male,1989-04-22,1187771867,hussein.mohamed70@gmail.com,Aswan,Upper Egypt,Gold,2020-09-26
CUS02280,Dina Gamal,FEMALE,1997-08-04,1071580813,dina.gamal93@outlook.com,Cairo,Greater Cairo,Silver,2021-05-26
CUS00602,Ahmed Ramadan,Male,1977-12-15,1236145447,ahmed.ramadan33@outlook.com,Cairo,Greater Cairo,Bronze,2022-08-21
CUS02205,Suzy Khalil,Female,24/09/1996,1033684726,suzy.khalil40@yahoo.com,Zagazig,Nile Delta,Bronze,2023-04-24
CUS02711,Engy Zaki,Female,1974-06-23,1244479846,engy.zaki91@hotmail.com,Hurghada,Red Sea,Bronze,2020-03-13
CUS01846,Ayman Khalil,Male,1972-07-13,1263296865,ayman.khalil24@yahoo.com,Cairo,Greater Cairo,Bronze,2022-11-09
CUS02672,Suzy Lotfy,Female,1984-05-09,1037867319,suzy.lotfy96@outlook.com,Giza,Greater Cairo,Bronze,2021-04-24
CUS01627,Mahmoud Rizk,Male,28/09/1976,1232280380,mahmoud.rizk53@outlook.com,Cairo,Greater Cairo,Silver,2023-01-23
CUS00437,Noha Wahba,Female,13/01/1980,1170974645,noha.wahba91@yahoo.com,Cairo,Greater Cairo,Platinum,2023-03-09
CUS02175,Mohamed Younis,Male,1994-01-04,1131165784,mohamed.younis31@yahoo.com,Cairo,Greater Cairo,Bronze,2023-05-20
CUS00121,Reem Hafez,Female,1999-11-15,1213670948,reem.hafez29@yahoo.com,Hurghada,Red Sea,Silver,2022-07-12
CUS01526,Adel Ramadan,Male,2001-07-21,1177428547,adel.ramadan29@outlook.com,Cairo,Greater Cairo,Silver,2022-12-09
CUS02886,Fatima Badawi,Female,1994-11-01,1263945179,,Port Said,Canal Zone,Gold,2022-02-06
CUS02611,Manar Ragab,Female,1996-05-16,1013917930,manar.ragab54@hotmail.com,Aswan,Upper Egypt,Bronze,2021-12-23
CUS00766,Rana Wahba,Female,1976-08-20,1048077170,rana.wahba58@hotmail.com,Alexandria,Alexandria,Silver,2022-05-21
CUS01778,Suzy Attia,Female,1970-01-16,1285230324,suzy.attia13@yahoo.com,Giza,Greater Cairo,Silver,2020-11-24
CUS00314,Tarek Zaki,Male,01/08/1988,1029077681,tarek.zaki37@yahoo.com,Ismailia,Canal Zone,Bronze,2021-12-16
CUS01035,Doha Amin,female,09/03/1973,1259686746,doha.amin95@hotmail.com,Cairo,Greater Cairo,Bronze,2023-03-08
CUS00234,Doha Fathy,Female,2003-09-15,1150813240,doha.fathy30@outlook.com,Alexandria,Alexandria,Gold,2022-05-25
CUS02871,Ramy Mostafa,Male,1979-07-07,1117494556,ramy.mostafa84@yahoo.com,Suez,Canal Zone,Silver,2021-12-01
CUS01004,Salma Gamal,Female,1984-03-08,1167287009,salma.gamal7@outlook.com,Zagazig,Nile Delta,Bronze,2020-09-06
CUS02983,Wael Rizk,male,1975-01-14,1171569070,wael.rizk80@outlook.com,Tanta,Nile Delta,Bronze,2023-07-12
CUS02882,Reem Ibrahim,Female,1977-02-10,1266810647,reem.ibrahim92@gmail.com,Luxor,Upper Egypt,Bronze,2020-06-22
CUS01289,Sara Ali,Female,1998-12-07,1179013190,sara.ali72@hotmail.com,Cairo,Greater Cairo,Silver,2022-09-20
CUS00112,Khaled Sayed,Male,1971-04-17,1266343932,khaled.sayed77@gmail.com,Cairo,Greater Cairo,Silver,2020-02-16
CUS01252,Manar Mohamed,female,1978-04-12,1059119994,manar.mohamed1@gmail.com,Alexandria,Alexandria,Silver,2023-04-22
CUS01191,Zeinab Ahmed,Female,2000-07-28,1062468705,zeinab.ahmed2@hotmail.com,Cairo,Greater Cairo,Bronze,2021-08-06
CUS00411,Mariam Bakr,Female,1995-09-24,1262190363,mariam.bakr45@gmail.com,Giza,Greater Cairo,Gold,2021-01-22
CUS00219,Hassan Younis,Male,1996-12-26,1127031212,hassan.younis23@gmail.com,Mansoura,Nile Delta,Silver,2021-12-16
CUS02357,Osama Saad,Male,1995-03-10,1152031583,osama.saad2@hotmail.com,Suez,Canal Zone,Silver,2021-06-11
CUS00762,Doha Ahmed,Female,1997-07-27,1130675696,doha.ahmed40@yahoo.com,Giza,Greater Cairo,Silver,2023-08-13
CUS01468,Osama Bakr,Male,1984-02-11,1139209542,osama.bakr61@outlook.com,Giza,Greater Cairo,Silver,2022-10-02
CUS01510,Ramy Hamdy,male,1982-01-03,1139991893,,Hurghada,Red Sea,Silver,2023-09-03
CUS00694,Ghada Ismail,FEMALE,1978-06-26,1286809444,ghada.ismail32@outlook.com,Cairo,Greater Cairo,Silver,2023-01-11
CUS00473,Ayman Farouk,Male,1980-02-07,1259510172,ayman.farouk7@hotmail.com,Cairo,Greater Cairo,Gold,2020-02-02
CUS00898,Mohamed Nasser,Male,1977-09-01,1136704602,mohamed.nasser21@outlook.com,Suez,Canal Zone,Bronze,2022-07-13
CUS01565,Salma Ismail,Female,1993-09-08,1250002590,,Aswan,Upper Egypt,Gold,2022-08-08
CUS02217,Youssef Hamdy,Male,1972-09-13,1276130681,youssef.hamdy44@outlook.com,Aswan,Upper Egypt,Bronze,2021-06-18
CUS00863,Hazem Ibrahim,Male,1977-08-20,1132121080,hazem.ibrahim35@gmail.com,Alexandria,Alexandria,Bronze,2020-06-07
CUS02046,Noha Mahmoud,Female,1975-07-22,1033793492,noha.mahmoud87@hotmail.com,Zagazig,Nile Delta,Silver,2020-01-01
CUS01951,Khaled Nasser,MALE,1976-06-13,1232927797,khaled.nasser92@gmail.com,Cairo,Greater Cairo,Gold,2021-03-24
CUS01678,Dalia Ali,FEMALE,1976-06-22,1034365090,dalia.ali49@gmail.com,Giza,Greater Cairo,Bronze,2020-09-07
CUS02010,Ahmed Hafez,Male,1976-05-11,1049819178,ahmed.hafez53@hotmail.com,Alexandria,Alexandria,Bronze,2023-03-15
CUS01221,Mahmoud Lotfy,Male,1995-08-20,1280993070,mahmoud.lotfy73@outlook.com,Port Said,Canal Zone,Bronze,2021-03-24
CUS00362,Sherif Sayed,male,1992-06-06,1063974248,sherif.sayed85@hotmail.com,Mansoura,Nile Delta,Gold,2022-01-03
CUS00136,Samir Farouk,Male,1970-09-12,1065262252,samir.farouk83@outlook.com,Giza,Greater Cairo,Bronze,2023-04-09
CUS02726,Ola Mostafa,Female,1995-07-03,1212479847,ola.mostafa7@hotmail.com,Giza,Greater Cairo,Silver,2021-10-10
CUS02203,Emad Nasser,Male,07/07/1999,1081083359,,Giza,Greater Cairo,Silver,2020-07-25
CUS00765,Mahmoud Mahmoud,Male,1972-10-01,1032808207,mahmoud.mahmoud38@gmail.com,Cairo,Greater Cairo,Bronze,2022-03-03
CUS02294,Mahmoud Ali,Male,07/06/1986,1283655063,mahmoud.ali98@outlook.com,Alexandria,Alexandria,Gold,2023-11-06
CUS00367,Magdy Hassan,male,1974-08-03,1016993664,,Ismailia,Canal Zone,Bronze,2021-04-17
CUS00980,Emad Nasser,Male,28/12/1978,1224724522,emad.nasser91@yahoo.com,Alexandria,Alexandria,Silver,2020-11-05
CUS00030,Hany Barakat,Male,1972-07-03,1147890586,hany.barakat48@yahoo.com,Cairo,Greater Cairo,Bronze,2022-10-26
CUS02543,Ahmed Farouk,Male,1973-04-18,1248857261,ahmed.farouk52@yahoo.com,Aswan,Upper Egypt,Silver,2020-10-28
CUS00023,Amira Shaaban,FEMALE,1988-11-02,1076422705,,Giza,Greater Cairo,Bronze,2020-06-11
CUS01930,Essam Mostafa,male,1981-06-05,1020771474,essam.mostafa82@gmail.com,Cairo,Greater Cairo,Bronze,2021-07-26
CUS00870,Essam Ali,MALE,2003-04-21,1267134182,essam.ali67@outlook.com,Port Said,Canal Zone,Platinum,2023-10-20
CUS00927,Fatima Sayed,Female,2000-10-17,1174585618,fatima.sayed23@hotmail.com,Cairo,Greater Cairo,Bronze,2023-01-26
CUS00421,Reham Attia,FEMALE,2002-12-24,1244740194,reham.attia22@yahoo.com,Hurghada,Red Sea,Bronze,2020-09-08
CUS01443,Engy Nasser,Female,1999-07-25,1125288519,engy.nasser63@gmail.com,Tanta,Nile Delta,Bronze,2023-11-10
CUS00461,Wael Lotfy,Male,1986-11-02,1121135154,wael.lotfy14@gmail.com,Cairo,Greater Cairo,Bronze,2023-10-04
CUS00088,Fady Nasser,Male,1982-04-20,1249000919,fady.nasser23@hotmail.com,Mansoura,Nile Delta,Bronze,2020-06-18
CUS02348,Suzy Ismail,Female,1979-04-11,1276021402,suzy.ismail13@hotmail.com,Giza,Greater Cairo,Bronze,2021-01-20
CUS02982,Ashraf Ramadan,Male,1984-09-16,1149346656,,Cairo,Greater Cairo,Silver,2022-12-08
CUS00283,Maged Abdallah,male,1975-06-23,1268106835,maged.abdallah36@hotmail.com,Giza,Greater Cairo,Silver,2023-05-09
CUS00977,Nader Mahmoud,Male,1990-10-24,1173142083,nader.mahmoud91@gmail.com,Alexandria,Alexandria,Silver,2022-04-16
CUS00599,Ghada Wahba,Female,1974-05-18,1282172776,ghada.wahba32@yahoo.com,Cairo,Greater Cairo,Silver,2022-12-06
CUS00686,Karim Mostafa,Male,1974-04-06,1140563463,karim.mostafa65@hotmail.com,Alexandria,Alexandria,Gold,2021-07-09
CUS02895,Ibrahim Farouk,male,16/04/1976,1147013272,ibrahim.farouk44@outlook.com,Cairo,Greater Cairo,Gold,2021-06-23
CUS01375,Ghada Nasser,Female,2003-03-02,1023201902,ghada.nasser46@yahoo.com,Cairo,Greater Cairo,Bronze,2023-07-10
CUS00534,Doha Khalil,Female,2002-06-09,1194640912,doha.khalil5@outlook.com,Alexandria,Alexandria,Silver,2020-12-26
CUS01135,Engy Ragab,Female,1998-09-28,1193690835,engy.ragab8@yahoo.com,Tanta,Nile Delta,Bronze,2022-01-02
CUS02648,Salma Rizk,female,1995-11-07,1279208032,salma.rizk4@hotmail.com,Alexandria,Alexandria,Bronze,2022-09-16
CUS02447,Fady Ramadan,Male,1991-11-05,1156117598,fady.ramadan55@outlook.com,Cairo,Greater Cairo,Bronze,2023-03-20
CUS02430,Essam Nasser,Male,1989-10-03,1096594655,essam.nasser56@outlook.com,Suez,Canal Zone,Bronze,2022-04-14
CUS02148,Osama Wahba,Male,1984-07-12,1174828923,osama.wahba45@outlook.com,Giza,Greater Cairo,Bronze,2022-08-26
CUS01327,Hassan Khalil,Male,1999-11-23,1136375893,hassan.khalil85@hotmail.com,Cairo,Greater Cairo,Silver,2023-09-11
CUS02130,Engy Zaki,Female,16/10/1994,1250825346,engy.zaki53@yahoo.com,Giza,Greater Cairo,Gold,2020-10-14
CUS02670,Tarek Barakat,Male,06/12/1973,1156644531,tarek.barakat23@outlook.com,Giza,Greater Cairo,Bronze,2022-04-11
CUS02603,Mahmoud Amin,Male,1987-11-24,1238074163,mahmoud.amin4@hotmail.com,Zagazig,Nile Delta,Silver,2022-12-12
CUS01037,Khaled Younis,Male,02/06/1973,1165510726,khaled.younis14@outlook.com,Giza,Greater Cairo,Bronze,2023-06-27
CUS01544,Ola Fathy,Female,1989-08-12,1223115897,ola.fathy68@hotmail.com,Cairo,Greater Cairo,Bronze,2020-04-14
CUS02227,Noha Lotfy,Female,1970-10-05,1042841930,noha.lotfy54@hotmail.com,Giza,Greater Cairo,Bronze,2023-12-28
CUS00680,Nadia Badawi,female,1997-06-02,1198139894,nadia.badawi80@gmail.com,Luxor,Upper Egypt,Bronze,2020-05-13
CUS01400,Emad Mohamed,Male,1971-10-23,1130446613,emad.mohamed87@outlook.com,Tanta,Nile Delta,Bronze,2022-04-25
CUS00222,Noha Khalil,Female,1971-08-17,1019510600,noha.khalil26@hotmail.com,Alexandria,Alexandria,Bronze,2021-02-11
CUS00544,Adel Bakr,MALE,1997-09-24,1050554420,adel.bakr61@outlook.com,Tanta,Nile Delta,Bronze,2022-07-03
CUS01264,Shaimaa Abdallah,Female,1988-02-24,1095941380,shaimaa.abdallah64@hotmail.com,Giza,Greater Cairo,Gold,2020-11-21
CUS02177,Samah Ragab,Female,1985-07-14,1029284042,,Cairo,Greater Cairo,Bronze,2020-09-21
CUS01179,Walid Rizk,Male,1994-02-05,1213409779,walid.rizk4@gmail.com,Hurghada,Red Sea,Gold,2021-11-24
CUS00583,Khaled Saad,MALE,1987-08-20,1252702631,khaled.saad79@hotmail.com,Alexandria,Alexandria,Silver,2023-10-14
CUS01279,Suzy Abdallah,Female,1987-06-05,1246067815,suzy.abdallah39@hotmail.com,Cairo,Greater Cairo,Bronze,2020-08-07
CUS01454,Samir Lotfy,Male,1974-05-10,1161172286,,Alexandria,Alexandria,Bronze,2020-02-26
CUS00719,Ghada Lotfy,Female,1993-04-10,1193115371,,Cairo,Greater Cairo,Bronze,2023-01-16
CUS02103,Khaled Barakat,Male,1992-09-21,1193077045,khaled.barakat54@yahoo.com,Cairo,Greater Cairo,Bronze,2022-05-22
CUS00677,Mahmoud Abdallah,Male,13/08/1994,1132878479,mahmoud.abdallah57@yahoo.com,Cairo,Greater Cairo,Gold,2023-01-16
CUS00032,Shaimaa Sayed,Female,1983-09-08,1176038997,shaimaa.sayed6@yahoo.com,Cairo,Greater Cairo,Bronze,2023-12-12
CUS00273,Wael Rizk,Male,1994-05-21,1258701586,wael.rizk57@outlook.com,Luxor,Upper Egypt,Bronze,2020-07-09
CUS00522,Fady Hamdy,Male,1991-07-21,1173174275,fady.hamdy38@yahoo.com,Giza,Greater Cairo,Bronze,2020-02-20
CUS01371,Ashraf Ibrahim,Male,1973-03-05,1019294238,ashraf.ibrahim57@gmail.com,Ismailia,Canal Zone,Bronze,2023-11-27
CUS00979,Rana Hassan,female,18/03/1973,1092549527,rana.hassan18@yahoo.com,Alexandria,Alexandria,Bronze,2020-05-03
CUS01006,Ayman Rizk,Male,1986-07-16,1053528399,ayman.rizk28@yahoo.com,Mansoura,Nile Delta,Silver,2021-03-23
CUS00938,Hany Badawi,MALE,1980-09-08,1086237437,hany.badawi71@outlook.com,Suez,Canal Zone,Bronze,2020-07-27
CUS00351,Essam Sayed,male,1991-10-15,1250888822,,Alexandria,Alexandria,Bronze,2023-01-06
CUS01806,Osama Barakat,male,1995-10-11,1025045536,,Hurghada,Red Sea,Bronze,2021-09-15
CUS01079,Adel Mahmoud,Male,1986-08-15,1146137452,adel.mahmoud19@hotmail.com,Cairo,Greater Cairo,Silver,2023-09-24
CUS02653,Suzy Younis,female,22/11/1983,1169909888,suzy.younis45@hotmail.com,Giza,Greater Cairo,Silver,2023-09-01
CUS01339,Heba Fathy,Female,1976-04-18,1117886725,heba.fathy12@outlook.com,Cairo,Greater Cairo,Silver,2020-04-05
CUS02637,Khaled Rizk,Male,1993-03-10,1282041503,khaled.rizk32@hotmail.com,Ismailia,Canal Zone,Silver,2020-08-14
CUS02514,Fatima Attia,FEMALE,1976-05-20,1233410233,fatima.attia53@gmail.com,Alexandria,Alexandria,Silver,2022-09-22
CUS02495,Bassem Sayed,Male,25/08/1976,1130416174,bassem.sayed61@gmail.com,Alexandria,Alexandria,Silver,2020-06-24
CUS01331,Khaled Mostafa,Male,1988-07-26,1089477464,khaled.mostafa83@hotmail.com,Alexandria,Alexandria,Platinum,2021-12-19
CUS02540,Ola Ahmed,Female,1974-11-28,1143260942,ola.ahmed46@outlook.com,Hurghada,Red Sea,Gold,2020-10-19
CUS00169,Reem Ramadan,Female,20/01/1995,1261052956,reem.ramadan69@gmail.com,Cairo,Greater Cairo,Gold,2020-08-15
CUS00966,Ahmed Shaaban,male,1988-11-20,1050810571,ahmed.shaaban1@hotmail.com,Giza,Greater Cairo,Gold,2022-03-02
CUS01841,Essam Wahba,Male,1995-01-23,1025516055,essam.wahba59@outlook.com,Giza,Greater Cairo,Bronze,2021-09-05
CUS01322,Adel Mansour,Male,2002-07-10,1191793881,adel.mansour56@outlook.com,Cairo,Greater Cairo,Silver,2021-05-06
CUS02405,Fady Rizk,male,2002-06-13,1052523431,fady.rizk52@hotmail.com,Tanta,Nile Delta,Gold,2020-07-19
CUS01919,Youssef Farouk,Male,27/11/1983,1273176382,youssef.farouk68@gmail.com,Giza,Greater Cairo,Bronze,2023-07-20
CUS02189,Hussein Hafez,Male,1971-06-04,1226811753,,Hurghada,Red Sea,Bronze,2020-08-09
CUS02530,Nader Mostafa,Male,1980-07-27,1173506512,,Sharm El Sheikh,South Sinai,Silver,2023-11-06
CUS02270,Adel Fathy,Male,1984-07-14,1137512732,adel.fathy39@hotmail.com,Alexandria,Alexandria,Bronze,2022-08-04
CUS01438,Samir Salem,Male,12/03/1973,1242519826,samir.salem23@yahoo.com,Tanta,Nile Delta,Bronze,2020-04-09
CUS00368,Shaimaa Khalil,Female,1982-04-14,1091315976,shaimaa.khalil35@outlook.com,Suez,Canal Zone,Bronze,2020-06-13
CUS00846,Fatima Lotfy,Female,1977-04-25,1141940192,fatima.lotfy70@hotmail.com,Giza,Greater Cairo,Bronze,2023-02-07
CUS02313,Reem Lotfy,Female,10/01/1992,1115083288,reem.lotfy19@hotmail.com,Alexandria,Alexandria,Silver,2023-09-21
CUS01414,Ramy Mohamed,Male,1975-12-21,1195883279,ramy.mohamed55@outlook.com,Cairo,Greater Cairo,Gold,2023-08-17
CUS01367,Hussein Lotfy,Male,1979-03-27,1160542762,,Tanta,Nile Delta,Bronze,2022-06-20
CUS00352,Samah Younis,female,1983-04-10,1280383199,samah.younis53@outlook.com,Luxor,Upper Egypt,Silver,2021-02-05
CUS02780,Engy Ahmed,Female,1974-01-20,1098763518,,Cairo,Greater Cairo,Bronze,2023-02-04
CUS01189,Samir Ali,Male,1971-12-08,1220049039,samir.ali98@yahoo.com,Giza,Greater Cairo,Bronze,2021-03-06
CUS00888,Akram Abdallah,MALE,1991-01-19,1253840780,akram.abdallah76@yahoo.com,Cairo,Greater Cairo,Bronze,2022-06-24
CUS01926,Emad Attia,male,1978-12-13,1227373433,emad.attia84@outlook.com,Cairo,Greater Cairo,Platinum,2022-07-01
CUS02734,Hana Hafez,Female,1986-12-21,1094282500,,Port Said,Canal Zone,Bronze,2021-10-18
CUS02408,Doha Ali,Female,1986-05-24,1122268646,doha.ali34@yahoo.com,Cairo,Greater Cairo,Silver,2023-08-26
CUS00499,Tamer Gamal,Male,23/08/1991,1047358181,,Ismailia,Canal Zone,Silver,2023-07-16
CUS01703,Karim Fathy,Male,1974-11-17,1114466147,karim.fathy26@gmail.com,Giza,Greater Cairo,Platinum,2023-07-10
CUS00211,Osama Badawi,male,1971-08-05,1295944345,osama.badawi43@outlook.com,Alexandria,Alexandria,Gold,2020-09-23
CUS02746,Hany Lotfy,Male,2000-06-13,1070971798,hany.lotfy30@hotmail.com,Hurghada,Red Sea,Bronze,2021-10-15
CUS01129,Noha Bakr,Female,01/10/1992,1199329766,,Giza,Greater Cairo,Bronze,2021-04-02
CUS00228,Noha Hamdy,Female,1999-12-21,1094195455,,Giza,Greater Cairo,Gold,2023-05-23
CUS00366,Mahmoud Barakat,Male,1996-11-27,1113180065,mahmoud.barakat7@yahoo.com,Giza,Greater Cairo,Bronze,2021-10-28
CUS01877,Aisha Mostafa,Female,1979-11-20,1138857058,,Alexandria,Alexandria,Silver,2021-04-03
CUS01019,Nader Ali,Male,1971-07-08,1152242979,nader.ali35@outlook.com,Suez,Canal Zone,Bronze,2021-08-15
CUS02016,Amr Ramadan,Male,1978-01-27,1099688354,amr.ramadan44@outlook.com,Giza,Greater Cairo,Bronze,2020-03-12
CUS02813,Engy Nasser,FEMALE,2002-09-02,1023935976,engy.nasser75@yahoo.com,Mansoura,Nile Delta,Bronze,2021-09-08
CUS01599,Omar Rizk,Male,2001-06-14,1211711039,omar.rizk79@yahoo.com,Cairo,Greater Cairo,Silver,2021-06-20
CUS00408,Amr Shaaban,Male,04/01/1992,1176041312,amr.shaaban63@gmail.com,Cairo,Greater Cairo,Bronze,2021-11-09
CUS02002,Salma Attia,FEMALE,1982-12-26,1069118335,salma.attia24@gmail.com,Cairo,Greater Cairo,Bronze,2022-02-02
CUS02135,Noha Badawi,Female,1989-12-13,1053604277,noha.badawi11@gmail.com,Tanta,Nile Delta,Gold,2021-01-08
CUS02372,Ibrahim Hamdy,Male,1991-10-01,1142247766,ibrahim.hamdy10@outlook.com,Aswan,Upper Egypt,Bronze,2022-02-21
CUS01222,Akram Lotfy,Male,1981-03-14,1293199234,akram.lotfy73@outlook.com,Cairo,Greater Cairo,Bronze,2021-04-12
CUS02261,Hassan Gouda,MALE,1997-11-12,1184890137,hassan.gouda17@hotmail.com,Hurghada,Red Sea,Gold,2023-11-01
CUS02764,Nour Nasser,female,2002-08-05,1022670073,nour.nasser79@yahoo.com,Giza,Greater Cairo,Gold,2020-02-12
CUS01826,Youssef Fathy,Male,10/11/2001,1031224800,youssef.fathy27@gmail.com,Alexandria,Alexandria,Bronze,2021-06-05
CUS00008,Ayman Lotfy,Male,1970-12-07,1047358810,,Luxor,Upper Egypt,Bronze,2021-06-11
CUS02180,Zeinab Lotfy,Female,2001-09-18,1152875790,zeinab.lotfy10@outlook.com,Alexandria,Alexandria,Bronze,2022-01-28
CUS02793,Mahmoud Badawi,Male,1977-02-20,1176988422,mahmoud.badawi17@gmail.com,Alexandria,Alexandria,Gold,2020-02-05
CUS01973,Mohamed Fathy,Male,1995-05-24,1215375433,mohamed.fathy41@hotmail.com,Cairo,Greater Cairo,Silver,2021-10-04
CUS00416,Heba Ramadan,female,1981-05-16,1154866590,heba.ramadan17@hotmail.com,Giza,Greater Cairo,Bronze,2022-12-26
CUS01011,Fady Rizk,Male,1974-03-21,1219031885,,Cairo,Greater Cairo,Bronze,2022-06-14
CUS00747,Hassan Ahmed,MALE,18/05/1981,1166809533,hassan.ahmed92@gmail.com,Giza,Greater Cairo,Gold,2020-02-09
CUS02859,Samir Ismail,male,1973-09-05,1121971638,samir.ismail99@hotmail.com,Cairo,Greater Cairo,Bronze,2022-10-02
CUS01986,Khaled Mohamed,Male,1994-01-16,1043265405,khaled.mohamed47@yahoo.com,Cairo,Greater Cairo,Bronze,2021-02-22
CUS00200,Shaimaa Ahmed,Female,1991-09-25,1072930506,shaimaa.ahmed46@hotmail.com,Hurghada,Red Sea,Silver,2022-03-02
CUS00284,Nadia Barakat,FEMALE,06/07/1990,1175937784,nadia.barakat57@gmail.com,Cairo,Greater Cairo,Bronze,2021-03-02
CUS00232,Sara Ismail,Female,1999-02-03,1133999716,sara.ismail90@yahoo.com,Alexandria,Alexandria,Bronze,2023-03-28
CUS01911,Noha Farouk,female,1982-07-03,1157755049,noha.farouk42@hotmail.com,Giza,Greater Cairo,Bronze,2022-03-14
CUS01012,Dina Lotfy,Female,1983-10-11,1183433438,dina.lotfy18@gmail.com,Ismailia,Canal Zone,Platinum,2022-03-14
CUS00097,Radwa Ibrahim,female,1979-01-15,1254522084,radwa.ibrahim10@yahoo.com,Alexandria,Alexandria,Bronze,2022-07-13
CUS01413,Ashraf Gamal,Male,1971-12-04,1175205893,ashraf.gamal51@yahoo.com,Cairo,Greater Cairo,Bronze,2021-07-08
CUS02994,Nour Ali,Female,19/06/2003,1051850765,nour.ali87@outlook.com,Giza,Greater Cairo,Silver,2020-04-13
CUS01989,Neveen Ahmed,Female,28/05/1976,1287917351,neveen.ahmed25@yahoo.com,Giza,Greater Cairo,Bronze,2021-06-18
CUS02484,Sherif Younis,male,20/09/1980,1075866125,sherif.younis75@yahoo.com,Cairo,Greater Cairo,Silver,2020-10-26
CUS01937,Hussein Ragab,male,1994-08-01,1282089297,hussein.ragab75@hotmail.com,Cairo,Greater Cairo,Silver,2022-02-02
CUS01533,Neveen Barakat,Female,1995-07-24,1124002515,neveen.barakat45@yahoo.com,Tanta,Nile Delta,Silver,2021-07-02
CUS02911,Mohamed Fathy,Male,03/03/1977,1059097424,mohamed.fathy77@gmail.com,Cairo,Greater Cairo,Gold,2020-03-10
CUS02631,Lobna Fathy,Female,1989-03-20,1236982938,lobna.fathy4@yahoo.com,Mansoura,Nile Delta,Silver,2022-02-14
CUS01466,Hana Salem,Female,25/06/1979,1124205791,hana.salem24@hotmail.com,Cairo,Greater Cairo,Gold,2020-11-24
CUS01449,Hassan Gouda,Male,1985-12-13,1211695218,hassan.gouda55@outlook.com,Port Said,Canal Zone,Bronze,2021-01-02
CUS00105,Hoda Salem,Female,1993-07-08,1249057246,hoda.salem2@yahoo.com,Suez,Canal Zone,Bronze,2021-09-05
CUS02594,Amira Amin,Female,27/04/1984,1168504096,,Alexandria,Alexandria,Bronze,2022-05-26
CUS01101,Reham Attia,FEMALE,25/06/1987,1125017061,reham.attia96@outlook.com,Cairo,Greater Cairo,Bronze,2021-08-04
CUS02292,Reham Ali,Female,1984-11-13,1085487077,reham.ali47@hotmail.com,Giza,Greater Cairo,Silver,2020-08-02
CUS02894,Mahmoud Younis,male,1979-11-28,1193504533,mahmoud.younis66@hotmail.com,Mansoura,Nile Delta,Silver,2021-03-09
CUS01601,Dina Gamal,Female,1985-10-01,1032302166,dina.gamal31@outlook.com,Cairo,Greater Cairo,Silver,2022-01-02
CUS02509,Samir Hafez,MALE,1977-03-21,1161465683,samir.hafez85@yahoo.com,Aswan,Upper Egypt,Bronze,2022-07-27
CUS00777,Sara Salem,female,1977-01-08,1046245645,sara.salem99@outlook.com,Cairo,Greater Cairo,Silver,2020-08-22
CUS00227,Ashraf Nasser,male,1978-06-10,1096924795,ashraf.nasser59@gmail.com,Ismailia,Canal Zone,Bronze,2023-08-25
CUS01273,Walid Mostafa,Male,1973-09-02,1228885625,,Hurghada,Red Sea,Silver,2022-06-11
CUS02335,Magdy Salem,Male,1988-02-04,1147602402,magdy.salem91@gmail.com,Cairo,Greater Cairo,Bronze,2020-05-16
CUS01589,Magdy Salem,Male,1984-03-13,1120130392,magdy.salem80@outlook.com,Giza,Greater Cairo,Bronze,2020-02-12
CUS02111,Aisha Saad,FEMALE,1973-09-12,1013009431,aisha.saad9@outlook.com,Cairo,Greater Cairo,Bronze,2023-04-15
CUS02453,Shaimaa Hafez,Female,08/12/1989,1017338859,shaimaa.hafez17@outlook.com,Alexandria,Alexandria,Bronze,2022-11-23
CUS01074,Noha Mansour,Female,1977-10-01,1141663551,noha.mansour4@hotmail.com,Cairo,Greater Cairo,Gold,2023-05-16
CUS00701,Reem Mahmoud,female,1993-06-11,1065383843,,Alexandria,Alexandria,Bronze,2023-11-26
CUS01136,Reham Zaki,Female,2002-10-16,1129538668,reham.zaki7@hotmail.com,Cairo,Greater Cairo,Bronze,2023-12-25
CUS02833,Neveen Gamal,female,1974-10-13,1188557831,neveen.gamal36@hotmail.com,Cairo,Greater Cairo,Gold,2022-11-04
CUS02801,Akram Younis,MALE,1993-12-05,1141548797,,Hurghada,Red Sea,Bronze,2020-06-14
CUS00465,Ola Younis,Female,1999-12-26,1168527249,ola.younis88@hotmail.com,Ismailia,Canal Zone,Silver,2023-02-19
CUS00848,Magdy Nasser,male,1986-02-13,1181696670,magdy.nasser86@yahoo.com,Sharm El Sheikh,South Sinai,Gold,2021-02-01
CUS00756,Tarek Ahmed,Male,2003-10-04,1175433400,tarek.ahmed96@gmail.com,Hurghada,Red Sea,Silver,2021-07-11
CUS02995,Wael Fathy,male,1985-04-03,1050123125,wael.fathy57@gmail.com,Cairo,Greater Cairo,Gold,2023-07-06
CUS01335,Emad Nasser,Male,2000-11-14,1198153057,emad.nasser37@gmail.com,Ismailia,Canal Zone,Bronze,2022-02-24
CUS02715,Reem Ramadan,female,1994-02-27,1261992603,reem.ramadan20@hotmail.com,Cairo,Greater Cairo,Bronze,2020-11-05
CUS02242,Nour Salem,Female,1990-05-14,1066329361,nour.salem53@outlook.com,Cairo,Greater Cairo,Silver,2023-09-22
CUS02023,Reham Wahba,FEMALE,2000-03-14,1044660244,reham.wahba92@yahoo.com,Port Said,Canal Zone,Silver,2021-02-11
CUS00213,Dina Hamdy,FEMALE,1991-02-27,1148917593,dina.hamdy25@hotmail.com,Mansoura,Nile Delta,Silver,2023-02-21
CUS00013,Mona Badawi,Female,04/07/1983,1297734330,mona.badawi45@gmail.com,Aswan,Upper Egypt,Gold,2023-02-25
CUS02952,Ahmed Lotfy,Male,1991-07-19,1129600614,,Tanta,Nile Delta,Bronze,2021-07-28
CUS00423,Samir Bakr,Male,1973-11-27,1057712141,samir.bakr69@gmail.com,Cairo,Greater Cairo,Gold,2023-11-09
CUS01652,Manar Gouda,Female,1978-04-22,1019875253,manar.gouda60@yahoo.com,Giza,Greater Cairo,Silver,2023-06-11
CUS02021,Dina Lotfy,female,1985-09-23,1168607910,dina.lotfy63@hotmail.com,Ismailia,Canal Zone,Bronze,2020-12-11
CUS02891,Dina Mostafa,Female,1984-04-26,1191886893,dina.mostafa35@yahoo.com,Giza,Greater Cairo,Silver,2021-05-03
CUS02475,Sherif Fathy,Male,07/10/1994,1084663795,sherif.fathy64@hotmail.com,Alexandria,Alexandria,Bronze,2023-03-06
CUS02684,Hossam Sayed,Male,1984-06-08,1091089799,hossam.sayed53@yahoo.com,Giza,Greater Cairo,Silver,2022-12-23
CUS02478,Fatima Salem,Female,2001-08-22,1057613415,fatima.salem43@gmail.com,Hurghada,Red Sea,Silver,2023-01-11
CUS01094,Hana Shaaban,Female,1974-06-23,1276597407,hana.shaaban28@hotmail.com,Alexandria,Alexandria,Bronze,2023-10-08
CUS01731,Fatima Ragab,Female,18/11/1981,1039778113,fatima.ragab82@hotmail.com,Giza,Greater Cairo,Gold,2023-04-11
CUS02184,Ahmed Mansour,MALE,2002-11-18,1057853708,ahmed.mansour88@hotmail.com,Giza,Greater Cairo,Bronze,2021-02-28
CUS00510,Radwa Ramadan,Female,1978-02-15,1092631573,radwa.ramadan8@yahoo.com,Zagazig,Nile Delta,Bronze,2021-02-19
CUS00645,Sherif Salem,Male,1970-05-08,1092170846,sherif.salem25@outlook.com,Cairo,Greater Cairo,Bronze,2021-09-19
CUS00598,Emad Mostafa,Male,16/06/1982,1186424646,emad.mostafa68@yahoo.com,Cairo,Greater Cairo,Bronze,2021-06-22
CUS02615,Ali Attia,Male,01/10/1980,1298678041,ali.attia6@gmail.com,Giza,Greater Cairo,Silver,2020-08-02
CUS00799,Tarek Sayed,Male,1972-05-01,1264913597,tarek.sayed27@gmail.com,Tanta,Nile Delta,Bronze,2022-04-20
CUS02807,Hany Badawi,MALE,1980-06-02,1086984297,hany.badawi50@yahoo.com,Zagazig,Nile Delta,Silver,2021-01-12
CUS02688,Omar Saad,MALE,1997-03-20,1032247105,omar.saad67@gmail.com,Giza,Greater Cairo,Bronze,2021-09-11
CUS00519,Hana Ragab,Female,1973-10-03,1191916907,hana.ragab36@hotmail.com,Ismailia,Canal Zone,Silver,2023-03-08
CUS00913,Hany Saad,Male,1995-09-23,1240595207,hany.saad62@yahoo.com,Mansoura,Nile Delta,Bronze,2023-10-19
CUS00574,Salma Abdallah,Female,2001-04-02,1050525421,salma.abdallah37@hotmail.com,Mansoura,Nile Delta,Bronze,2023-11-27
CUS02978,Ghada Mostafa,female,1994-04-20,1071171240,ghada.mostafa25@outlook.com,Cairo,Greater Cairo,Gold,2021-09-03
CUS02771,Radwa Mansour,Female,18/11/1989,1285380078,,Cairo,Greater Cairo,Bronze,2022-10-16
CUS01393,Reem Wahba,female,06/05/1980,1163711215,reem.wahba43@gmail.com,Cairo,Greater Cairo,Silver,2020-11-11
CUS02029,Salma Barakat,Female,1997-11-09,1018281699,salma.barakat56@yahoo.com,Cairo,Greater Cairo,Gold,2020-04-06
CUS01801,Adel Badawi,Male,1982-11-16,1257969943,adel.badawi56@gmail.com,Port Said,Canal Zone,Bronze,2020-10-07
CUS02488,Osama Nasser,Male,1999-06-20,1181273514,osama.nasser33@yahoo.com,Luxor,Upper Egypt,Silver,2021-01-28
CUS01489,Hassan Salem,Male,1998-09-19,1190675884,hassan.salem98@hotmail.com,Giza,Greater Cairo,Gold,2022-03-28
CUS00124,Mahmoud Gouda,Male,11/10/1993,1187110685,mahmoud.gouda36@outlook.com,Cairo,Greater Cairo,Bronze,2021-10-05
CUS01229,Essam Hamdy,male,1985-11-01,1192636112,essam.hamdy62@yahoo.com,Ismailia,Canal Zone,Bronze,2022-01-10
CUS00221,Ibrahim Salem,male,2000-08-06,1099945021,ibrahim.salem33@hotmail.com,Mansoura,Nile Delta,Silver,2023-01-04
CUS02956,Nadia Amin,Female,11/08/1988,1078222824,nadia.amin43@outlook.com,Tanta,Nile Delta,Bronze,2021-03-26
CUS00359,Rana Ibrahim,FEMALE,1970-11-09,1069144114,rana.ibrahim28@outlook.com,Port Said,Canal Zone,Silver,2020-11-26
CUS01607,Omar Shaaban,male,1973-03-08,1053842699,omar.shaaban46@hotmail.com,Cairo,Greater Cairo,Silver,2023-01-26
CUS01863,Akram Ali,Male,16/01/1987,1071551989,,Cairo,Greater Cairo,Bronze,2020-12-13
CUS02426,Hassan Mahmoud,Male,1998-09-17,1156375778,hassan.mahmoud96@gmail.com,Suez,Canal Zone,Bronze,2022-02-17
CUS00260,Bassem Fathy,Male,1977-10-22,1198594248,bassem.fathy21@gmail.com,Cairo,Greater Cairo,Silver,2023-05-16
CUS02818,Youssef Amin,Male,25/03/1998,1163283208,youssef.amin2@hotmail.com,Cairo,Greater Cairo,Silver,2022-02-03
CUS00872,Sherif Mansour,Male,05/12/1976,1018444387,sherif.mansour81@hotmail.com,Cairo,Greater Cairo,Silver,2020-01-13
CUS02431,Ola Ismail,Female,1975-11-10,1252294327,ola.ismail54@gmail.com,Mansoura,Nile Delta,Silver,2022-01-25
CUS01643,Hussein Gouda,male,24/04/1971,1058344299,,Alexandria,Alexandria,Bronze,2021-07-21
CUS01988,Shaimaa Saad,Female,1979-07-26,1221444897,shaimaa.saad98@hotmail.com,Alexandria,Alexandria,Bronze,2021-07-17
CUS02497,Tarek Ibrahim,Male,2003-07-03,1156647252,tarek.ibrahim40@hotmail.com,Alexandria,Alexandria,Silver,2023-07-09
CUS02421,Samir Wahba,male,1988-04-28,1285640452,samir.wahba29@hotmail.com,Cairo,Greater Cairo,Silver,2023-01-23
CUS01552,Fatima Ahmed,Female,1999-11-24,1058882805,fatima.ahmed50@gmail.com,Mansoura,Nile Delta,Gold,2021-06-06
CUS02841,Karim Nasser,Male,2003-07-04,1065602912,karim.nasser55@gmail.com,Giza,Greater Cairo,Bronze,2022-05-08
CUS02762,Walid Ismail,Male,1978-07-28,1135888722,walid.ismail3@hotmail.com,Cairo,Greater Cairo,Bronze,2021-10-10
CUS02363,Tamer Sayed,Male,1995-03-27,1170232336,tamer.sayed62@yahoo.com,Giza,Greater Cairo,Gold,2021-06-26
CUS00457,Maged Ragab,Male,1995-01-12,1078123659,maged.ragab54@yahoo.com,Cairo,Greater Cairo,Bronze,2020-07-02
CUS00463,Engy Khalil,Female,1981-05-01,1098538924,engy.khalil45@outlook.com,Zagazig,Nile Delta,Silver,2020-03-17
CUS02260,Ayman Younis,Male,16/06/1974,1121219525,ayman.younis23@hotmail.com,Giza,Greater Cairo,Bronze,2020-12-19
CUS00786,Hussein Rizk,MALE,18/10/1980,1021007045,hussein.rizk14@gmail.com,Suez,Canal Zone,Silver,2023-04-24
CUS01563,Heba Ismail,female,1995-09-05,1262514007,,Hurghada,Red Sea,Silver,2022-04-03
CUS00382,Akram Wahba,Male,16/03/1972,1050446284,akram.wahba58@gmail.com,Tanta,Nile Delta,Bronze,2023-11-18
CUS01867,Maged Gouda,male,2000-04-17,1041683303,maged.gouda42@outlook.com,Cairo,Greater Cairo,Gold,2022-05-23
CUS02150,Ghada Saad,FEMALE,1997-09-21,1276458477,ghada.saad67@outlook.com,Aswan,Upper Egypt,Bronze,2020-01-28
CUS01262,Reem Nasser,FEMALE,1979-03-25,1193942023,reem.nasser60@yahoo.com,Hurghada,Red Sea,Gold,2021-02-14
CUS02806,Samir Shaaban,male,06/08/1972,1155695129,samir.shaaban93@hotmail.com,Ismailia,Canal Zone,Silver,2023-07-02
CUS01698,Emad Mansour,Male,1999-01-11,1193274386,emad.mansour22@yahoo.com,Cairo,Greater Cairo,Bronze,2020-07-07
CUS01455,Shaimaa Mansour,Female,06/06/1976,1178633402,shaimaa.mansour27@outlook.com,Cairo,Greater Cairo,Gold,2022-08-01
CUS00839,Amira Barakat,Female,1990-10-11,1043813544,amira.barakat76@hotmail.com,Alexandria,Alexandria,Gold,2022-11-02
CUS01300,Magdy Khalil,Male,1979-11-15,1024020462,magdy.khalil5@yahoo.com,Tanta,Nile Delta,Bronze,2020-06-18
CUS01054,Ibrahim Younis,Male,2001-09-19,1225021199,ibrahim.younis53@hotmail.com,Hurghada,Red Sea,Silver,2020-11-06
CUS01081,Ibrahim Barakat,Male,03/07/1983,1036983030,ibrahim.barakat55@gmail.com,Hurghada,Red Sea,Gold,2023-09-18
CUS01739,Mohamed Mostafa,MALE,1993-04-07,1147608279,,Giza,Greater Cairo,Silver,2023-08-06
CUS01478,Karim Saad,MALE,1996-04-07,1179443222,karim.saad48@gmail.com,Hurghada,Red Sea,Bronze,2023-07-20
CUS02398,Eman Amin,Female,1985-08-02,1066684607,eman.amin29@hotmail.com,Cairo,Greater Cairo,Silver,2022-01-03
CUS01993,Dalia Hamdy,Female,16/04/1993,1189684093,dalia.hamdy84@hotmail.com,Mansoura,Nile Delta,Bronze,2023-01-19
CUS01534,Emad Shaaban,MALE,05/08/1978,1094439916,emad.shaaban39@gmail.com,Cairo,Greater Cairo,Bronze,2020-10-23
CUS01234,Ola Mahmoud,Female,2000-12-08,1232341708,ola.mahmoud25@hotmail.com,Cairo,Greater Cairo,Bronze,2020-10-27
CUS00543,Samah Shaaban,Female,1978-12-09,1020271291,samah.shaaban2@yahoo.com,Cairo,Greater Cairo,Silver,2020-12-19
CUS01293,Tamer Salem,Male,1994-09-20,1040051846,tamer.salem85@hotmail.com,Alexandria,Alexandria,Silver,2023-01-08
CUS01318,Mohamed Bakr,Male,1978-03-10,1222828052,mohamed.bakr5@gmail.com,Zagazig,Nile Delta,Bronze,2022-02-09
CUS01230,Suzy Rizk,Female,1977-12-06,1140271240,suzy.rizk52@gmail.com,Giza,Greater Cairo,Bronze,2020-01-16
CUS01843,Shaimaa Barakat,Female,1983-07-18,1151561050,,Giza,Greater Cairo,Bronze,2020-04-13
CUS01118,Rania Ali,Female,2001-05-20,1227532794,rania.ali93@yahoo.com,Luxor,Upper Egypt,Silver,2023-10-24
CUS02460,Lobna Farouk,Female,1984-12-05,1251484355,lobna.farouk64@hotmail.com,Giza,Greater Cairo,Gold,2020-05-28
CUS02273,Nader Hamdy,MALE,2001-10-28,1282191219,nader.hamdy6@gmail.com,Alexandria,Alexandria,Bronze,2020-06-19
CUS02873,Ola Mansour,Female,1993-07-12,1131423696,ola.mansour77@gmail.com,Suez,Canal Zone,Silver,2022-05-03
CUS02728,Mona Khalil,Female,1994-01-24,1080225784,mona.khalil75@yahoo.com,Cairo,Greater Cairo,Silver,2020-12-17
CUS02942,Karim Ahmed,Male,1972-05-20,1140922596,karim.ahmed58@outlook.com,Mansoura,Nile Delta,Bronze,2021-10-13
CUS01768,Aisha Amin,Female,21/09/1987,1185426728,aisha.amin5@gmail.com,Alexandria,Alexandria,Bronze,2023-03-26
CUS02646,Youssef Zaki,Male,1979-11-18,1139079617,youssef.zaki91@outlook.com,Giza,Greater Cairo,Silver,2021-09-19
CUS02459,Akram Khalil,Male,1984-01-26,1063602031,akram.khalil32@yahoo.com,Alexandria,Alexandria,Bronze,2023-08-23
CUS01753,Mohamed Fathy,Male,1974-05-17,1162457729,mohamed.fathy91@yahoo.com,Cairo,Greater Cairo,Silver,2022-12-28
CUS02682,Tamer Nasser,Male,1980-09-14,1226188579,tamer.nasser43@hotmail.com,Aswan,Upper Egypt,Silver,2021-03-09
CUS00436,Ashraf Salem,Male,1981-08-24,1080793145,ashraf.salem83@gmail.com,Tanta,Nile Delta,Bronze,2022-02-05
CUS01412,Reem Hassan,Female,1997-08-07,1270111368,reem.hassan16@hotmail.com,Cairo,Greater Cairo,Silver,2021-11-14
CUS00238,Mahmoud Abdallah,Male,1977-05-01,1192882398,,Cairo,Greater Cairo,Bronze,2021-10-17
CUS01056,Walid Ismail,MALE,1976-01-11,1216229481,walid.ismail31@gmail.com,Giza,Greater Cairo,Bronze,2022-09-23
CUS00110,Mona Salem,Female,1973-03-09,1079342339,,Cairo,Greater Cairo,Bronze,2022-02-07
CUS00782,Doha Amin,female,27/09/1989,1149386369,doha.amin18@hotmail.com,Alexandria,Alexandria,Bronze,2023-03-09
CUS02090,Tarek Mostafa,male,1989-04-09,1129770026,tarek.mostafa34@hotmail.com,Giza,Greater Cairo,Bronze,2022-08-21
CUS00164,Dina Lotfy,Female,2003-11-20,1240524866,dina.lotfy78@hotmail.com,Alexandria,Alexandria,Bronze,2023-09-05
CUS00289,Manar Mahmoud,Female,1971-04-06,1164008708,manar.mahmoud63@outlook.com,Giza,Greater Cairo,Bronze,2022-11-20
CUS00253,Doha Mostafa,Female,1999-02-17,1076547299,,Luxor,Upper Egypt,Bronze,2022-08-04
CUS02133,Neveen Gamal,female,1984-07-01,1130120034,neveen.gamal27@hotmail.com,Alexandria,Alexandria,Bronze,2023-08-12
CUS02052,Hossam Nasser,Male,27/02/1990,1259184207,hossam.nasser87@outlook.com,Alexandria,Alexandria,Silver,2022-12-27
CUS00768,Nader Bakr,Male,16/12/1985,1165013238,nader.bakr76@hotmail.com,Luxor,Upper Egypt,Bronze,2021-08-21
CUS00788,Akram Younis,Male,1992-03-13,1265236368,akram.younis16@outlook.com,Giza,Greater Cairo,Bronze,2022-11-20
CUS01353,Khaled Wahba,Male,1976-11-09,1173019381,khaled.wahba17@gmail.com,Giza,Greater Cairo,Silver,2021-02-21
CUS01579,Ramy Abdallah,male,1982-06-15,1262584867,ramy.abdallah44@yahoo.com,Mansoura,Nile Delta,Bronze,2023-12-27
CUS02965,Hussein Abdallah,Male,1990-12-13,1254242207,hussein.abdallah74@yahoo.com,Luxor,Upper Egypt,Gold,2021-02-25
CUS02829,Ramy Amin,Male,1979-06-02,1062660529,ramy.amin57@hotmail.com,Giza,Greater Cairo,Silver,2022-02-03
CUS01458,Eman Ibrahim,female,1972-05-02,1129482232,eman.ibrahim21@hotmail.com,Tanta,Nile Delta,Bronze,2023-02-17
CUS02371,Ayman Ahmed,Male,1975-04-17,1073151137,ayman.ahmed22@gmail.com,Mansoura,Nile Delta,Silver,2023-06-06
CUS01963,Mona Ismail,female,1981-04-21,1225037335,mona.ismail68@yahoo.com,Aswan,Upper Egypt,Bronze,2022-05-22
CUS02402,Youssef Khalil,Male,1986-01-01,1120381139,youssef.khalil55@outlook.com,Cairo,Greater Cairo,Bronze,2020-03-21
CUS02498,Emad Gamal,male,2002-04-06,1120104355,emad.gamal52@yahoo.com,Luxor,Upper Egypt,Gold,2021-05-20
CUS02866,Akram Mansour,male,1998-07-11,1049659642,akram.mansour50@outlook.com,Alexandria,Alexandria,Bronze,2021-04-18
CUS01033,Rana Ismail,female,1982-03-17,1093699313,rana.ismail74@gmail.com,Cairo,Greater Cairo,Bronze,2021-04-01
CUS02438,Sara Ramadan,Female,01/01/1994,1163545818,,Giza,Greater Cairo,Bronze,2021-08-19
CUS00462,Amr Mahmoud,Male,1974-08-28,1137913590,,Mansoura,Nile Delta,Bronze,2020-04-22
CUS02465,Maged Mohamed,Male,2002-01-14,1239052145,maged.mohamed38@yahoo.com,Mansoura,Nile Delta,Silver,2022-08-18
CUS01504,Hany Wahba,Male,2000-11-08,1121017493,hany.wahba53@hotmail.com,Giza,Greater Cairo,Bronze,2023-08-10
CUS00158,Ashraf Ramadan,male,1993-06-07,1156241350,ashraf.ramadan79@outlook.com,Hurghada,Red Sea,Gold,2021-08-02
CUS02572,Essam Zaki,Male,2003-07-07,1229926155,essam.zaki86@gmail.com,Suez,Canal Zone,Gold,2022-07-02
CUS01692,Ramy Amin,Male,1970-05-12,1153465341,ramy.amin53@yahoo.com,Alexandria,Alexandria,Bronze,2022-07-01
CUS00678,Ghada Mahmoud,Female,1993-02-06,1093756036,ghada.mahmoud86@yahoo.com,Giza,Greater Cairo,Silver,2022-05-23
CUS02921,Yasmin Hamdy,FEMALE,1988-10-15,1217059683,yasmin.hamdy84@outlook.com,Giza,Greater Cairo,Bronze,2020-12-21
CUS00239,Eman Ismail,Female,1971-02-18,1121727533,eman.ismail66@gmail.com,Mansoura,Nile Delta,Silver,2022-07-05
CUS01272,Eman Shaaban,Female,1971-11-11,1267496370,eman.shaaban25@yahoo.com,Luxor,Upper Egypt,Gold,2020-10-28
CUS01770,Mariam Gouda,Female,1991-03-17,1011608040,mariam.gouda92@gmail.com,Giza,Greater Cairo,Bronze,2023-04-09
CUS00244,Essam Ramadan,Male,1986-11-22,1126050250,essam.ramadan75@gmail.com,Giza,Greater Cairo,Gold,2021-06-15
CUS00101,Amr Farouk,Male,04/04/1986,1086140729,amr.farouk60@gmail.com,Cairo,Greater Cairo,Bronze,2022-11-03
CUS00316,Magdy Salem,Male,26/02/1990,1299187990,magdy.salem6@outlook.com,Tanta,Nile Delta,Gold,2022-11-03
CUS00904,Osama Khalil,Male,05/11/1997,1038768529,osama.khalil22@gmail.com,Alexandria,Alexandria,Gold,2020-07-02
CUS01114,Aisha Saad,Female,1989-12-27,1173680989,aisha.saad54@hotmail.com,Alexandria,Alexandria,Gold,2022-02-08
CUS02380,Nader Nasser,Male,1977-08-14,1276601167,nader.nasser97@outlook.com,Hurghada,Red Sea,Bronze,2022-10-04
CUS01104,Hazem Ragab,Male,1971-03-18,1063136530,,Port Said,Canal Zone,Gold,2022-02-21
CUS00262,Ramy Ahmed,Male,1985-04-08,1251889289,ramy.ahmed44@yahoo.com,Sharm El Sheikh,South Sinai,Bronze,2020-09-11
CUS02354,Shaimaa Nasser,Female,1976-04-16,1080704774,shaimaa.nasser62@yahoo.com,Luxor,Upper Egypt,Bronze,2020-04-04
CUS01719,Noha Mahmoud,Female,03/07/1986,1134583524,noha.mahmoud19@yahoo.com,Ismailia,Canal Zone,Gold,2023-08-28
CUS00196,Fady Lotfy,Male,1995-07-14,1238348941,fady.lotfy47@outlook.com,Giza,Greater Cairo,Silver,2021-05-28
CUS02467,Dina Bakr,FEMALE,1986-05-25,1184306405,dina.bakr7@outlook.com,Giza,Greater Cairo,Bronze,2020-06-28
CUS02469,Hossam Barakat,Male,1973-05-24,1115381194,hossam.barakat31@outlook.com,Alexandria,Alexandria,Bronze,2023-08-22
CUS01812,Ramy Hafez,Male,1977-10-04,1289606631,ramy.hafez65@outlook.com,Hurghada,Red Sea,Bronze,2023-02-16
CUS00180,Hana Hassan,Female,1982-12-10,1119104802,,Cairo,Greater Cairo,Silver,2022-06-13
CUS02355,Noha Abdallah,Female,1994-11-02,1210875598,,Zagazig,Nile Delta,Bronze,2020-10-08
CUS00579,Adel Ali,MALE,1977-06-24,1081305655,,Alexandria,Alexandria,Bronze,2021-11-16
CUS00930,Eman Ahmed,Female,1972-11-14,1151003929,eman.ahmed26@gmail.com,Cairo,Greater Cairo,Bronze,2020-03-07
CUS00341,Aisha Abdallah,Female,1994-11-26,1055417034,aisha.abdallah85@yahoo.com,Alexandria,Alexandria,Bronze,2023-12-03
CUS02047,Amira Shaaban,Female,1986-04-13,1148936750,amira.shaaban54@gmail.com,Cairo,Greater Cairo,Silver,2022-03-06
CUS01226,Sara Nasser,Female,1989-02-01,1079335025,sara.nasser70@outlook.com,Mansoura,Nile Delta,Silver,2021-01-19
CUS00749,Youssef Ahmed,Male,2000-03-28,1042470699,youssef.ahmed32@outlook.com,Suez,Canal Zone,Silver,2021-12-04
CUS01124,Wael Badawi,Male,1975-02-17,1052726974,wael.badawi43@yahoo.com,Hurghada,Red Sea,Bronze,2022-03-01
CUS00663,Engy Abdallah,Female,1984-02-21,1025472405,engy.abdallah22@hotmail.com,Mansoura,Nile Delta,Bronze,2023-05-18
CUS00481,Eman Fathy,Female,1983-03-26,1056658526,,Mansoura,Nile Delta,Silver,2021-09-23
CUS00804,Ayman Farouk,Male,23/05/1980,1284490480,ayman.farouk75@hotmail.com,Mansoura,Nile Delta,Platinum,2023-03-27
CUS02173,Neveen Ahmed,Female,2003-07-06,1264731709,neveen.ahmed39@outlook.com,Cairo,Greater Cairo,Silver,2023-01-22
CUS01583,Doha Shaaban,Female,1996-04-19,1298829740,doha.shaaban21@outlook.com,Alexandria,Alexandria,Bronze,2021-12-03
CUS01908,Khaled Gouda,male,1971-12-06,1192734671,khaled.gouda41@yahoo.com,Giza,Greater Cairo,Bronze,2020-05-28
CUS02474,Ramy Barakat,male,1999-01-25,1057115103,ramy.barakat84@gmail.com,Zagazig,Nile Delta,Silver,2023-04-04
CUS00550,Samir Mostafa,Male,1997-05-24,1246387450,samir.mostafa19@hotmail.com,Hurghada,Red Sea,Bronze,2021-10-23
CUS01188,Magdy Ali,Male,13/07/1978,1045202115,,Cairo,Greater Cairo,Bronze,2022-07-07
CUS00784,Nader Bakr,MALE,1977-03-19,1088145345,nader.bakr71@gmail.com,Giza,Greater Cairo,Bronze,2022-09-22
CUS02754,Khaled Mansour,Male,1989-08-19,1294556647,khaled.mansour71@outlook.com,Giza,Greater Cairo,Bronze,2023-01-22
CUS01965,Hussein Mohamed,Male,2002-07-06,1017226037,hussein.mohamed34@gmail.com,Alexandria,Alexandria,Gold,2020-04-27
CUS00743,Sherif Hamdy,Male,1979-12-03,1260689240,sherif.hamdy36@yahoo.com,Zagazig,Nile Delta,Silver,2022-04-13
CUS02454,Doha Mansour,Female,1978-06-22,1283809434,doha.mansour26@gmail.com,Giza,Greater Cairo,Bronze,2023-04-06
CUS02100,Wael Ramadan,Male,12/12/1974,1259420855,wael.ramadan91@hotmail.com,Giza,Greater Cairo,Bronze,2023-06-22
CUS01831,Shaimaa Ali,female,1979-02-04,1181256685,shaimaa.ali88@gmail.com,Ismailia,Canal Zone,Platinum,2020-11-01
CUS01256,Dalia Shaaban,Female,22/06/1970,1116600294,dalia.shaaban61@gmail.com,Giza,Greater Cairo,Bronze,2022-04-28
CUS02401,Engy Nasser,Female,1999-04-08,1274568678,engy.nasser1@gmail.com,Giza,Greater Cairo,Bronze,2022-10-06
CUS02043,Ayman Sayed,Male,08/11/1991,1239146157,ayman.sayed23@outlook.com,Alexandria,Alexandria,Bronze,2020-03-03
CUS02156,Mona Farouk,Female,1978-04-18,1270083672,mona.farouk81@outlook.com,Cairo,Greater Cairo,Silver,2021-12-17
CUS01508,Sara Rizk,FEMALE,09/04/1994,1091429935,,Alexandria,Alexandria,Silver,2022-10-15
CUS00248,Mohamed Gouda,Male,1992-05-23,1128658140,mohamed.gouda44@yahoo.com,Ismailia,Canal Zone,Gold,2022-01-24
CUS02903,Salma Ramadan,Female,2001-06-09,1239365350,salma.ramadan96@outlook.com,Cairo,Greater Cairo,Gold,2020-06-09
CUS02604,Samah Salem,Female,20/05/2002,1159857532,samah.salem29@yahoo.com,Giza,Greater Cairo,Silver,2021-10-19
CUS02766,Fatima Bakr,Female,1987-07-17,1020636033,fatima.bakr36@yahoo.com,Port Said,Canal Zone,Gold,2021-07-01
CUS00627,Manar Badawi,Female,1983-08-20,1183266696,manar.badawi44@hotmail.com,Alexandria,Alexandria,Gold,2021-05-11
CUS00348,Manar Shaaban,FEMALE,1970-08-21,1230036175,manar.shaaban30@outlook.com,Cairo,Greater Cairo,Bronze,2023-06-26
CUS00279,Radwa Attia,Female,2001-02-08,1237265709,radwa.attia64@outlook.com,Tanta,Nile Delta,Bronze,2021-07-28
CUS01862,Mahmoud Gouda,Male,2003-01-12,1081416682,mahmoud.gouda25@yahoo.com,Mansoura,Nile Delta,Silver,2020-04-14
CUS02970,Hazem Lotfy,Male,1995-01-15,1035077123,hazem.lotfy49@outlook.com,Alexandria,Alexandria,Silver,2023-01-13
CUS00656,Rania Ibrahim,Female,1991-04-12,1042138616,,Cairo,Greater Cairo,Gold,2020-08-26
CUS02209,Hussein Ragab,Male,1995-08-15,1129818516,hussein.ragab58@outlook.com,Giza,Greater Cairo,Bronze,2020-08-14
CUS00928,Ashraf Rizk,male,1980-11-26,1120219296,ashraf.rizk33@yahoo.com,Alexandria,Alexandria,Bronze,2023-06-08
CUS02669,Akram Amin,Male,1998-04-04,1242449738,akram.amin98@hotmail.com,Zagazig,Nile Delta,Bronze,2022-10-23
CUS02632,Mona Zaki,Female,1992-05-17,1060684249,,Tanta,Nile Delta,Bronze,2021-06-17
CUS01072,Aisha Mostafa,Female,1983-07-12,1226492036,aisha.mostafa33@yahoo.com,Cairo,Greater Cairo,Bronze,2020-07-16
CUS02584,Lobna Ahmed,female,1988-05-09,1147424925,lobna.ahmed44@yahoo.com,Giza,Greater Cairo,Bronze,2023-09-14
CUS01274,Zeinab Saad,Female,1991-08-22,1263498812,zeinab.saad13@yahoo.com,Cairo,Greater Cairo,Bronze,2022-08-14
CUS02909,Maged Sayed,Male,1998-03-21,1046290952,maged.sayed24@hotmail.com,Giza,Greater Cairo,Bronze,2021-05-25
CUS00446,Khaled Badawi,Male,1993-09-28,1252096774,khaled.badawi88@gmail.com,Port Said,Canal Zone,Bronze,2020-12-26
CUS00618,Rania Mahmoud,Female,1981-09-19,1279322944,rania.mahmoud78@hotmail.com,Cairo,Greater Cairo,Bronze,2022-07-07
CUS01887,Zeinab Fathy,Female,11/03/1977,1188668146,zeinab.fathy56@outlook.com,Cairo,Greater Cairo,Silver,2022-10-24
CUS01126,Magdy Salem,Male,1973-02-02,1228515091,magdy.salem99@gmail.com,Alexandria,Alexandria,Bronze,2021-03-21
CUS01833,Ramy Abdallah,Male,1996-04-25,1250333457,ramy.abdallah64@yahoo.com,Alexandria,Alexandria,Silver,2022-05-10
CUS01657,Radwa Wahba,Female,1977-02-03,1139871880,radwa.wahba4@hotmail.com,Alexandria,Alexandria,Gold,2023-08-03
CUS02792,Adel Ibrahim,Male,1974-04-12,1070107253,adel.ibrahim22@outlook.com,Ismailia,Canal Zone,Silver,2023-04-07
CUS00845,Khaled Bakr,Male,1992-12-06,1056270369,khaled.bakr60@gmail.com,Cairo,Greater Cairo,Bronze,2021-03-22
CUS02596,Adel Ibrahim,Male,2001-04-22,1095690045,adel.ibrahim55@hotmail.com,Hurghada,Red Sea,Silver,2022-05-14
CUS00548,Ashraf Hassan,Male,1987-12-07,1275595812,ashraf.hassan91@outlook.com,Tanta,Nile Delta,Silver,2020-02-14
CUS02382,Nour Abdallah,Female,1993-12-01,1221482568,nour.abdallah82@hotmail.com,Luxor,Upper Egypt,Bronze,2023-06-05
CUS00908,Shaimaa Shaaban,Female,22/11/1975,1031183715,shaimaa.shaaban22@outlook.com,Giza,Greater Cairo,Silver,2021-08-24
CUS01321,Hussein Ismail,Male,1984-11-06,1134365277,hussein.ismail32@hotmail.com,Cairo,Greater Cairo,Bronze,2022-07-22
CUS00264,Hazem Hafez,Male,10/10/1980,1168517739,,Alexandria,Alexandria,Bronze,2021-05-09
CUS01809,Sara Ali,FEMALE,1972-05-04,1179945393,sara.ali54@outlook.com,Cairo,Greater Cairo,Bronze,2020-02-27
CUS02391,Heba Rizk,Female,1997-06-19,1122869898,heba.rizk30@gmail.com,Giza,Greater Cairo,Platinum,2022-10-13
CUS02366,Nadia Saad,Female,1990-07-11,1269954826,nadia.saad94@outlook.com,Cairo,Greater Cairo,Bronze,2022-05-06
CUS00354,Omar Shaaban,Male,1985-09-11,1275895351,omar.shaaban59@hotmail.com,Cairo,Greater Cairo,Gold,2022-07-20
CUS02516,Sara Ibrahim,Female,2002-01-26,1141264011,sara.ibrahim61@outlook.com,Port Said,Canal Zone,Silver,2022-07-17
CUS00209,Dalia Saad,female,1997-12-22,1144539133,dalia.saad43@gmail.com,Cairo,Greater Cairo,Bronze,2022-05-06
CUS00614,Yasmin Hafez,Female,1974-03-21,1255608488,yasmin.hafez3@outlook.com,Cairo,Greater Cairo,Gold,2022-01-20
CUS01361,Walid Sayed,Male,11/09/1990,1171543645,walid.sayed64@outlook.com,Suez,Canal Zone,Bronze,2020-03-09
CUS01747,Ashraf Hassan,Male,20/09/1975,1025281129,ashraf.hassan34@hotmail.com,Cairo,Greater Cairo,Bronze,2023-02-07
CUS01570,Manar Attia,FEMALE,1999-11-14,1011260296,manar.attia92@outlook.com,Giza,Greater Cairo,Silver,2021-02-21
CUS01196,Nader Ismail,Male,2002-07-19,1170214805,nader.ismail99@hotmail.com,Luxor,Upper Egypt,Silver,2021-07-27
CUS01672,Neveen Khalil,Female,1985-12-06,1098672138,neveen.khalil71@yahoo.com,Luxor,Upper Egypt,Silver,2023-11-15
CUS01650,Ali Mahmoud,Male,1977-11-25,1217433350,,Tanta,Nile Delta,Bronze,2023-04-18
CUS02171,Akram Amin,Male,1975-05-25,1016867378,akram.amin21@yahoo.com,Tanta,Nile Delta,Bronze,2023-08-07
CUS00058,Fady Saad,Male,1996-10-21,1035224301,fady.saad67@hotmail.com,Cairo,Greater Cairo,Bronze,2020-09-26
CUS01201,Mona Ahmed,female,1979-08-16,1232405926,mona.ahmed6@outlook.com,Zagazig,Nile Delta,Platinum,2023-01-10
CUS00812,Mahmoud Bakr,male,1994-08-02,1268343093,mahmoud.bakr32@outlook.com,Aswan,Upper Egypt,Bronze,2022-11-11
CUS02228,Ramy Fathy,Male,2002-11-04,1013046687,,Alexandria,Alexandria,Silver,2021-09-19
CUS00562,Karim Wahba,Male,1996-03-21,1210432769,karim.wahba90@gmail.com,Cairo,Greater Cairo,Gold,2023-02-04
CUS02553,Tarek Gouda,male,2002-12-04,1160133318,,Hurghada,Red Sea,Silver,2022-02-17
CUS00230,Hana Abdallah,Female,1991-04-18,1097112459,hana.abdallah27@yahoo.com,Mansoura,Nile Delta,Silver,2022-06-09
CUS02551,Maged Gouda,Male,12/12/1984,1126245985,maged.gouda54@hotmail.com,Giza,Greater Cairo,Silver,2023-04-03
CUS01798,Ayman Hamdy,male,1982-02-16,1078927204,ayman.hamdy3@yahoo.com,Cairo,Greater Cairo,Silver,2023-04-13
CUS02945,Amr Attia,male,11/07/1994,1181711841,amr.attia99@hotmail.com,Zagazig,Nile Delta,Bronze,2023-12-10
CUS00539,Ashraf Ahmed,Male,1990-05-22,1165194233,ashraf.ahmed35@outlook.com,Giza,Greater Cairo,Gold,2021-06-21
CUS01351,Doha Ismail,female,05/08/1990,1096319246,doha.ismail56@hotmail.com,Luxor,Upper Egypt,Gold,2020-11-23
CUS01128,Youssef Farouk,Male,01/08/1992,1049548494,youssef.farouk18@hotmail.com,Giza,Greater Cairo,Silver,2020-09-04
CUS02844,Heba Lotfy,Female,1998-09-21,1152080163,heba.lotfy34@gmail.com,Port Said,Canal Zone,Bronze,2020-10-27
CUS01091,Ayman Ramadan,Male,1983-04-27,1122003127,ayman.ramadan3@outlook.com,Port Said,Canal Zone,Bronze,2020-11-11
CUS01661,Magdy Saad,Male,1975-02-03,1139067726,magdy.saad68@outlook.com,Mansoura,Nile Delta,Platinum,2021-06-13
CUS01197,Mahmoud Saad,Male,1999-03-07,1268233507,mahmoud.saad1@hotmail.com,Ismailia,Canal Zone,Bronze,2021-09-28
CUS00708,Mohamed Ahmed,Male,1970-05-01,1169735024,,Hurghada,Red Sea,Platinum,2021-11-07
CUS00425,Amr Mansour,male,1982-10-16,1234213769,amr.mansour51@yahoo.com,Cairo,Greater Cairo,Bronze,2020-03-03
CUS00070,Samah Hassan,Female,1972-09-07,1260076822,samah.hassan3@gmail.com,Ismailia,Canal Zone,Gold,2021-04-23
CUS01024,Khaled Gouda,Male,22/10/1983,1296240962,khaled.gouda32@yahoo.com,Ismailia,Canal Zone,Silver,2020-01-25
CUS00648,Suzy Ramadan,female,1974-03-01,1270192392,suzy.ramadan19@gmail.com,Tanta,Nile Delta,Bronze,2022-02-24
CUS02598,Sherif Hafez,Male,1986-03-11,1267683606,sherif.hafez96@gmail.com,Alexandria,Alexandria,Bronze,2023-12-17
CUS01358,Mahmoud Mahmoud,MALE,1995-06-05,1165616403,,Giza,Greater Cairo,Bronze,2020-03-12
CUS01568,Heba Fathy,Female,2001-02-28,1113600484,heba.fathy74@hotmail.com,Cairo,Greater Cairo,Gold,2020-03-09
CUS02457,Ola Ahmed,Female,1990-04-10,1175812955,ola.ahmed21@hotmail.com,Giza,Greater Cairo,Gold,2022-04-23
CUS02625,Hossam Gouda,Male,1984-11-27,1260187647,hossam.gouda21@yahoo.com,Giza,Greater Cairo,Bronze,2023-12-27
CUS01675,Aisha Rizk,Female,1992-09-26,1210938593,aisha.rizk9@hotmail.com,Hurghada,Red Sea,Platinum,2021-03-20
CUS01026,Mariam Ali,Female,1985-01-02,1147331005,,Alexandria,Alexandria,Gold,2021-10-02
CUS00621,Khaled Gouda,Male,20/01/1972,1098711501,khaled.gouda23@yahoo.com,Cairo,Greater Cairo,Silver,2021-06-04
CUS00950,Ghada Wahba,Female,02/08/1974,1245478283,,Alexandria,Alexandria,Bronze,2022-11-10
CUS02860,Reem Younis,FEMALE,1977-08-22,1193920717,reem.younis97@gmail.com,Cairo,Greater Cairo,Silver,2023-02-18
CUS00953,Hossam Barakat,MALE,2003-03-06,1245140558,hossam.barakat50@hotmail.com,Cairo,Greater Cairo,Bronze,2020-08-03
CUS01592,Rania Ibrahim,Female,1997-04-26,1296694511,,Sharm El Sheikh,South Sinai,Gold,2023-06-27
CUS01578,Wael Ahmed,Male,1979-04-20,1240841253,wael.ahmed4@outlook.com,Mansoura,Nile Delta,Silver,2022-12-08
CUS00999,Ayman Shaaban,Male,1990-07-07,1072818001,ayman.shaaban98@hotmail.com,Port Said,Canal Zone,Bronze,2021-08-18
CUS02971,Aisha Wahba,Female,1993-12-05,1120989502,aisha.wahba95@yahoo.com,Giza,Greater Cairo,Platinum,2021-07-25
CUS02709,Mona Ramadan,female,1978-06-25,1041512912,mona.ramadan95@yahoo.com,Cairo,Greater Cairo,Gold,2020-10-04
CUS01462,Zeinab Sayed,Female,1996-10-10,1265099159,,Mansoura,Nile Delta,Silver,2021-09-28
CUS00280,Samir Ismail,Male,1996-03-14,1013861862,samir.ismail48@outlook.com,Hurghada,Red Sea,Bronze,2020-01-16
CUS01473,Reem Hamdy,Female,20/12/1970,1168950875,,Luxor,Upper Egypt,Platinum,2023-11-03
CUS01576,Essam Ali,male,1998-08-15,1190013011,essam.ali53@yahoo.com,Cairo,Greater Cairo,Bronze,2023-04-16
CUS01577,Magdy Ibrahim,Male,1975-01-15,1057994970,magdy.ibrahim5@outlook.com,Cairo,Greater Cairo,Bronze,2021-05-07
CUS02121,Akram Mahmoud,Male,1989-10-12,1061552098,akram.mahmoud90@hotmail.com,Hurghada,Red Sea,Platinum,2022-07-22
CUS01045,Amr Shaaban,Male,1997-11-22,1031469242,amr.shaaban24@outlook.com,Suez,Canal Zone,Silver,2023-08-11
CUS01724,Adel Amin,Male,1985-01-07,1133657334,adel.amin9@outlook.com,Cairo,Greater Cairo,Bronze,2021-05-10
CUS00554,Bassem Hafez,MALE,1987-12-28,1299724136,bassem.hafez28@gmail.com,Alexandria,Alexandria,Bronze,2021-03-06
CUS00835,Salma Younis,female,1979-07-13,1285141628,,Alexandria,Alexandria,Silver,2023-03-13
CUS00658,Ayman Shaaban,Male,1997-07-03,1113198965,ayman.shaaban64@hotmail.com,Giza,Greater Cairo,Bronze,2020-09-27
CUS00597,Yasmin Wahba,Female,1990-09-12,1175128586,yasmin.wahba49@gmail.com,Mansoura,Nile Delta,Bronze,2020-06-08
CUS00803,Ayman Salem,male,1974-03-16,1111023114,ayman.salem54@gmail.com,Alexandria,Alexandria,Bronze,2020-03-07
CUS02172,Ahmed Zaki,male,27/10/1998,1261043450,ahmed.zaki92@outlook.com,Cairo,Greater Cairo,Bronze,2021-02-07
CUS00731,Akram Younis,Male,2001-02-14,1214149208,akram.younis99@gmail.com,Cairo,Greater Cairo,Bronze,2022-05-13
CUS02567,Hossam Barakat,Male,1993-10-05,1291790169,,Cairo,Greater Cairo,Bronze,2021-08-10
CUS02765,Neveen Gamal,Female,1989-08-14,1068327873,neveen.gamal66@gmail.com,Cairo,Greater Cairo,Silver,2021-01-10
CUS00441,Fatima Gamal,Female,17/07/1988,1052207776,fatima.gamal13@hotmail.com,Cairo,Greater Cairo,Bronze,2023-12-17
CUS00509,Radwa Gouda,Female,1989-04-01,1013537149,radwa.gouda88@gmail.com,Port Said,Canal Zone,Silver,2023-01-13
CUS00077,Doha Ramadan,Female,1977-02-28,1011298197,doha.ramadan57@hotmail.com,Hurghada,Red Sea,Bronze,2020-06-27
CUS02341,Suzy Zaki,Female,2001-04-08,1139916662,suzy.zaki32@outlook.com,Zagazig,Nile Delta,Silver,2023-01-04
CUS00650,Doha Hassan,Female,1973-12-25,1188845892,doha.hassan94@yahoo.com,Alexandria,Alexandria,Silver,2021-04-20
CUS00523,Hazem Gamal,MALE,1983-07-27,1214375434,hazem.gamal10@yahoo.com,Ismailia,Canal Zone,Bronze,2023-09-24
CUS01557,Adel Sayed,MALE,03/08/1987,1161271419,adel.sayed67@yahoo.com,Mansoura,Nile Delta,Bronze,2021-04-11
CUS01717,Tamer Gamal,Male,05/11/2001,1054955754,tamer.gamal67@outlook.com,Cairo,Greater Cairo,Bronze,2020-12-20
CUS01564,Manar Abdallah,Female,1991-03-13,1028870433,manar.abdallah71@outlook.com,Cairo,Greater Cairo,Bronze,2022-05-17
CUS00655,Ibrahim Zaki,MALE,1988-02-12,1234215127,ibrahim.zaki20@hotmail.com,Giza,Greater Cairo,Gold,2023-11-18
CUS01237,Mohamed Amin,Male,1979-03-03,1213239162,mohamed.amin95@gmail.com,Luxor,Upper Egypt,Gold,2021-09-12
CUS01612,Omar Bakr,Male,1972-05-05,1052197020,omar.bakr84@outlook.com,Mansoura,Nile Delta,Bronze,2023-08-03
CUS02437,Walid Abdallah,Male,19/01/1976,1298614349,walid.abdallah25@outlook.com,Giza,Greater Cairo,Bronze,2023-09-22
CUS01727,Nader Abdallah,Male,22/03/1974,1282517098,nader.abdallah79@hotmail.com,Alexandria,Alexandria,Silver,2023-10-23
CUS00631,Tamer Ramadan,Male,1982-05-02,1149795077,tamer.ramadan42@yahoo.com,Tanta,Nile Delta,Bronze,2022-01-03
CUS01317,Amira Amin,female,1974-06-09,1036330288,,Alexandria,Alexandria,Silver,2023-06-21
CUS02975,Mahmoud Barakat,male,1997-12-15,1252870052,mahmoud.barakat12@hotmail.com,Giza,Greater Cairo,Silver,2021-11-17
CUS01748,Radwa Mansour,FEMALE,18/07/1999,1121701669,,Cairo,Greater Cairo,Silver,2020-03-01
CUS00483,Ahmed Gamal,male,2000-10-01,1143220287,ahmed.gamal38@yahoo.com,Giza,Greater Cairo,Bronze,2021-03-25
CUS02009,Nader Hassan,male,1980-12-09,1039666825,nader.hassan64@hotmail.com,Cairo,Greater Cairo,Silver,2023-06-11
CUS02804,Ola Lotfy,Female,1998-12-05,1117015048,ola.lotfy42@gmail.com,Ismailia,Canal Zone,Silver,2023-08-10
CUS02607,Lobna Hafez,female,1996-03-22,1160625447,lobna.hafez13@outlook.com,Cairo,Greater Cairo,Gold,2022-09-15
CUS01776,Rania Ragab,Female,1977-02-10,1144600674,,Giza,Greater Cairo,Silver,2021-01-25
CUS00439,Rana Ahmed,female,1993-11-14,1046227990,rana.ahmed4@yahoo.com,Tanta,Nile Delta,Bronze,2022-03-18
CUS00970,Tarek Farouk,Male,1971-01-13,1171535643,tarek.farouk28@yahoo.com,Alexandria,Alexandria,Bronze,2022-01-03
CUS01794,Hussein Wahba,Male,1993-10-27,1266452768,hussein.wahba94@gmail.com,Tanta,Nile Delta,Bronze,2021-06-01
CUS02244,Engy Mansour,Female,1984-11-11,1216933562,engy.mansour55@yahoo.com,Sharm El Sheikh,South Sinai,Silver,2023-11-07
CUS01614,Hazem Barakat,Male,04/09/2002,1289711480,hazem.barakat15@outlook.com,Giza,Greater Cairo,Bronze,2021-09-17
CUS00857,Tamer Ramadan,Male,2002-08-23,1027379520,tamer.ramadan83@hotmail.com,Cairo,Greater Cairo,Bronze,2020-07-21
CUS02779,Lobna Bakr,Female,1980-06-11,1086797379,,Giza,Greater Cairo,Silver,2022-02-05
CUS00167,Emad Farouk,Male,1984-04-22,1058219240,emad.farouk61@hotmail.com,Giza,Greater Cairo,Bronze,2021-07-16
CUS00060,Reham Shaaban,Female,01/11/1977,1059991642,reham.shaaban71@hotmail.com,Giza,Greater Cairo,Gold,2022-03-27
CUS00612,Ashraf Ramadan,Male,1995-08-26,1080920296,ashraf.ramadan5@hotmail.com,Hurghada,Red Sea,Bronze,2023-05-19
CUS00531,Heba Gamal,FEMALE,1988-03-04,1146755323,heba.gamal34@gmail.com,Aswan,Upper Egypt,Bronze,2021-11-09
CUS01784,Ramy Hassan,male,1972-04-10,1127767325,ramy.hassan79@yahoo.com,Mansoura,Nile Delta,Gold,2020-04-05
CUS00050,Hossam Salem,Male,1973-06-01,1121761279,hossam.salem4@yahoo.com,Cairo,Greater Cairo,Platinum,2021-11-10
CUS02695,Fatima Mansour,Female,1991-03-22,1259524021,fatima.mansour14@gmail.com,Ismailia,Canal Zone,Silver,2020-06-12
CUS02164,Salma Gamal,Female,1974-06-15,1148500243,salma.gamal85@outlook.com,Aswan,Upper Egypt,Bronze,2020-10-18
CUS00859,Emad Mansour,Male,1991-06-09,1134502256,emad.mansour46@hotmail.com,Alexandria,Alexandria,Silver,2021-11-08
CUS01766,Emad Abdallah,Male,1976-11-28,1269729673,emad.abdallah69@hotmail.com,Giza,Greater Cairo,Gold,2020-10-11
CUS00049,Hoda Mohamed,female,1997-11-06,1268277389,hoda.mohamed90@hotmail.com,Alexandria,Alexandria,Bronze,2022-05-08
CUS00720,Essam Lotfy,Male,1976-07-23,1293246092,essam.lotfy49@gmail.com,Zagazig,Nile Delta,Bronze,2023-02-16
CUS01232,Maged Ali,Male,24/05/1982,1049449705,maged.ali78@gmail.com,Cairo,Greater Cairo,Bronze,2022-08-14
CUS01341,Shaimaa Bakr,Female,23/08/1978,1091546931,shaimaa.bakr49@hotmail.com,Cairo,Greater Cairo,Bronze,2023-04-20
CUS02284,Salma Badawi,female,1979-02-10,1286974476,salma.badawi1@outlook.com,Cairo,Greater Cairo,Gold,2021-10-02
CUS01934,Ahmed Amin,Male,1987-11-24,1160133229,ahmed.amin62@outlook.com,Mansoura,Nile Delta,Bronze,2023-10-03
CUS00633,Ramy Ibrahim,Male,1984-05-05,1126572053,ramy.ibrahim19@hotmail.com,Alexandria,Alexandria,Bronze,2022-01-21
CUS02320,Walid Zaki,Male,1993-10-09,1183293374,walid.zaki23@hotmail.com,Giza,Greater Cairo,Bronze,2023-04-13
CUS02245,Samah Gamal,Female,1988-10-20,1172379893,samah.gamal18@gmail.com,Luxor,Upper Egypt,Silver,2020-09-23
CUS02163,Yasmin Bakr,female,1978-12-14,1291006265,yasmin.bakr14@gmail.com,Giza,Greater Cairo,Bronze,2020-06-24
CUS01069,Amira Ali,Female,1991-08-10,1282592611,amira.ali96@gmail.com,Giza,Greater Cairo,Bronze,2022-07-28
CUS02578,Sherif Mohamed,MALE,07/05/1988,1031921179,sherif.mohamed43@outlook.com,Mansoura,Nile Delta,Bronze,2020-01-16
CUS00026,Nour Amin,Female,1975-07-04,1192181084,nour.amin16@gmail.com,Hurghada,Red Sea,Bronze,2021-12-01
CUS02760,Hoda Hassan,FEMALE,1993-07-18,1226904243,hoda.hassan28@hotmail.com,Cairo,Greater Cairo,Gold,2022-06-13
CUS00220,Adel Gamal,Male,1996-01-18,1035756766,adel.gamal98@yahoo.com,Aswan,Upper Egypt,Bronze,2023-11-22
CUS01346,Noha Badawi,Female,1975-08-05,1164251790,,Giza,Greater Cairo,Bronze,2023-01-16
CUS00277,Nadia Mansour,Female,1990-05-07,1065632768,nadia.mansour74@yahoo.com,Hurghada,Red Sea,Silver,2020-01-18
CUS02231,Ahmed Bakr,male,2002-04-19,1051915131,ahmed.bakr36@yahoo.com,Zagazig,Nile Delta,Bronze,2023-09-17
CUS01308,Mohamed Sayed,Male,20/08/2000,1053942593,mohamed.sayed38@gmail.com,Hurghada,Red Sea,Silver,2021-04-08
CUS01642,Eman Younis,Female,1988-02-26,1154853899,eman.younis86@hotmail.com,Aswan,Upper Egypt,Bronze,2023-12-11
CUS01049,Ghada Sayed,Female,1982-04-24,1039935290,ghada.sayed69@yahoo.com,Luxor,Upper Egypt,Silver,2021-02-27
CUS02096,Yasmin Ibrahim,Female,2003-08-20,1294399594,yasmin.ibrahim35@outlook.com,Hurghada,Red Sea,Bronze,2020-06-19
CUS02176,Lobna Fathy,Female,1988-10-03,1222120516,lobna.fathy29@gmail.com,Aswan,Upper Egypt,Silver,2021-02-02
CUS02674,Karim Lotfy,Male,2002-06-02,1198463964,karim.lotfy97@yahoo.com,Cairo,Greater Cairo,Silver,2021-06-10
CUS01548,Mona Fathy,Female,1997-12-20,1081001456,mona.fathy15@hotmail.com,Alexandria,Alexandria,Silver,2021-11-18
CUS00298,Suzy Farouk,female,01/09/1973,1187363548,suzy.farouk61@gmail.com,Cairo,Greater Cairo,Bronze,2023-10-21
CUS01597,Hany Gouda,Male,1996-03-10,1064427645,hany.gouda47@hotmail.com,Cairo,Greater Cairo,Bronze,2021-01-08
CUS01749,Hana Wahba,Female,1975-04-02,1048923027,hana.wahba78@gmail.com,Hurghada,Red Sea,Silver,2020-10-13
CUS00959,Ghada Salem,Female,1996-09-02,1146642579,ghada.salem76@yahoo.com,Cairo,Greater Cairo,Silver,2022-05-18
CUS01886,Samir Hafez,Male,1993-10-10,1251679917,samir.hafez93@gmail.com,Alexandria,Alexandria,Bronze,2023-07-05
CUS01265,Tarek Wahba,Male,15/07/1980,1128484479,tarek.wahba21@gmail.com,Cairo,Greater Cairo,Bronze,2020-04-23
CUS00350,Manar Zaki,FEMALE,01/10/1990,1214323017,manar.zaki81@outlook.com,Mansoura,Nile Delta,Bronze,2023-04-13
CUS01303,Ibrahim Ramadan,Male,1974-08-01,1111762000,ibrahim.ramadan52@gmail.com,Cairo,Greater Cairo,Silver,2022-02-08
CUS00644,Heba Younis,FEMALE,08/06/1975,1115472438,,Giza,Greater Cairo,Bronze,2021-12-08
CUS01106,Eman Sayed,Female,1983-03-09,1142238832,eman.sayed79@hotmail.com,Cairo,Greater Cairo,Bronze,2020-11-05
CUS01208,Rana Mohamed,Female,23/12/1983,1281881946,,Giza,Greater Cairo,Silver,2021-06-10
CUS01996,Hana Abdallah,Female,1993-01-21,1088448668,hana.abdallah34@hotmail.com,Mansoura,Nile Delta,Silver,2021-08-18
CUS01299,Salma Ramadan,Female,1997-05-27,1018911205,salma.ramadan98@outlook.com,Mansoura,Nile Delta,Silver,2021-02-12
CUS02012,Hussein Fathy,MALE,1994-05-22,1049714236,hussein.fathy55@outlook.com,Cairo,Greater Cairo,Bronze,2023-05-02
CUS01777,Adel Mansour,Male,1989-08-07,1299994804,adel.mansour91@yahoo.com,Tanta,Nile Delta,Silver,2021-08-24
CUS01103,Ola Wahba,Female,1984-12-08,1064318314,ola.wahba30@gmail.com,Suez,Canal Zone,Gold,2020-10-04
CUS02413,Tarek Hamdy,Male,1999-07-04,1293903804,tarek.hamdy63@yahoo.com,Alexandria,Alexandria,Bronze,2020-10-24
CUS01457,Manar Farouk,Female,19/06/1975,1029457121,,Tanta,Nile Delta,Bronze,2021-08-02
CUS02149,Amira Ragab,Female,2001-08-02,1144982485,,Alexandria,Alexandria,Bronze,2022-12-20
CUS00787,Hazem Amin,Male,22/01/1996,1246683639,hazem.amin31@gmail.com,Alexandria,Alexandria,Silver,2023-04-20
CUS02739,Salma Barakat,Female,1978-01-27,1089837128,salma.barakat57@outlook.com,Ismailia,Canal Zone,Bronze,2023-08-28
CUS00141,Adel Ismail,MALE,1993-01-28,1239231043,,Ismailia,Canal Zone,Bronze,2022-10-04
CUS00789,Manar Ismail,Female,05/12/1986,1234744102,manar.ismail92@gmail.com,Alexandria,Alexandria,Bronze,2021-04-24
CUS01615,Hoda Gamal,Female,1975-09-27,1257408537,hoda.gamal5@outlook.com,Giza,Greater Cairo,Silver,2022-07-25
CUS02068,Fatima Hassan,Female,1970-12-04,1288092454,fatima.hassan44@yahoo.com,Cairo,Greater Cairo,Bronze,2021-05-28
CUS00715,Yasmin Hafez,Female,1980-10-05,1063197220,yasmin.hafez6@gmail.com,Giza,Greater Cairo,Silver,2020-05-18
CUS01376,Hany Hamdy,Male,16/03/1974,1047533969,hany.hamdy63@hotmail.com,Luxor,Upper Egypt,Bronze,2023-06-25
CUS01608,Nour Saad,Female,1979-03-21,1250151738,nour.saad21@hotmail.com,Hurghada,Red Sea,Bronze,2022-02-05
CUS01745,Lobna Hassan,Female,1981-10-07,1141346763,lobna.hassan12@yahoo.com,Giza,Greater Cairo,Bronze,2020-09-02
CUS02635,Adel Bakr,male,1986-11-15,1094044402,adel.bakr57@hotmail.com,Tanta,Nile Delta,Platinum,2022-12-17
CUS00619,Hazem Hamdy,Male,2000-05-17,1071331294,hazem.hamdy13@hotmail.com,Hurghada,Red Sea,Bronze,2022-05-27
CUS00407,Walid Nasser,Male,1989-11-17,1072150455,,Giza,Greater Cairo,Bronze,2023-06-10
CUS02483,Ayman Mansour,Male,1977-05-23,1195425274,ayman.mansour43@yahoo.com,Port Said,Canal Zone,Gold,2023-04-27
CUS02108,Radwa Bakr,Female,1980-04-26,1263339265,radwa.bakr79@gmail.com,Suez,Canal Zone,Bronze,2021-01-27
CUS01125,Ahmed Ibrahim,male,1993-04-11,1047276838,ahmed.ibrahim78@hotmail.com,Mansoura,Nile Delta,Bronze,2022-10-23
CUS01193,Khaled Ismail,Male,1976-07-12,1148615169,khaled.ismail85@outlook.com,Giza,Greater Cairo,Gold,2022-08-14
CUS01966,Mohamed Amin,Male,1996-05-18,1122439236,mohamed.amin39@gmail.com,Alexandria,Alexandria,Bronze,2022-01-18
CUS00498,Engy Ali,Female,1992-03-15,1271518719,engy.ali65@yahoo.com,Cairo,Greater Cairo,Bronze,2022-12-17
CUS00343,Eman Abdallah,Female,2002-10-16,1020926356,eman.abdallah50@hotmail.com,Cairo,Greater Cairo,Bronze,2023-09-15
CUS01917,Wael Farouk,Male,1996-04-25,1010874185,wael.farouk60@gmail.com,Suez,Canal Zone,Silver,2020-10-27
CUS02304,Tarek Gamal,male,19/01/1974,1257187231,tarek.gamal19@outlook.com,Giza,Greater Cairo,Bronze,2022-01-12
CUS00783,Omar Barakat,male,1993-02-16,1150241177,omar.barakat12@yahoo.com,Cairo,Greater Cairo,Bronze,2020-06-04
CUS02033,Radwa Ramadan,Female,1985-11-07,1287197710,radwa.ramadan9@outlook.com,Alexandria,Alexandria,Bronze,2021-06-22
CUS00304,Tarek Hafez,Male,1978-02-28,1068936139,tarek.hafez61@hotmail.com,Mansoura,Nile Delta,Bronze,2022-09-06
CUS01732,Khaled Badawi,MALE,2001-11-23,1017507424,khaled.badawi61@yahoo.com,Mansoura,Nile Delta,Bronze,2020-03-25
CUS00665,Hassan Ibrahim,Male,1985-07-20,1168801935,hassan.ibrahim65@yahoo.com,Cairo,Greater Cairo,Bronze,2021-12-11
CUS01836,Hazem Badawi,Male,1975-12-22,1017464593,hazem.badawi28@outlook.com,Mansoura,Nile Delta,Bronze,2022-10-07
CUS01881,Maged Ragab,Male,2003-09-22,1220638875,,Tanta,Nile Delta,Silver,2020-10-14
CUS02763,Mariam Ibrahim,Female,1975-10-27,1045749728,mariam.ibrahim44@gmail.com,Mansoura,Nile Delta,Bronze,2023-10-22
CUS02749,Salma Saad,Female,01/04/1987,1088249308,salma.saad41@hotmail.com,Aswan,Upper Egypt,Bronze,2022-03-26
CUS00085,Walid Nasser,male,1999-04-23,1124464073,walid.nasser16@outlook.com,Giza,Greater Cairo,Platinum,2023-11-19
CUS02249,Nader Ibrahim,MALE,1981-11-07,1137604821,nader.ibrahim48@outlook.com,Alexandria,Alexandria,Bronze,2023-08-15
CUS00942,Mariam Ismail,Female,1990-05-14,1252465445,mariam.ismail99@gmail.com,Alexandria,Alexandria,Bronze,2023-07-06
CUS00962,Shaimaa Mohamed,Female,1976-04-04,1023437484,shaimaa.mohamed88@gmail.com,Mansoura,Nile Delta,Bronze,2021-06-26
CUS00842,Fady Ahmed,Male,25/07/1999,1094495057,fady.ahmed81@yahoo.com,Mansoura,Nile Delta,Bronze,2020-12-12
CUS01392,Doha Mohamed,Female,1991-09-07,1135446515,doha.mohamed42@outlook.com,Cairo,Greater Cairo,Bronze,2021-09-12
CUS02416,Aisha Mahmoud,Female,1981-11-25,1055934951,aisha.mahmoud13@gmail.com,Ismailia,Canal Zone,Bronze,2020-03-12
CUS02243,Akram Ramadan,Male,1983-12-14,1220526520,akram.ramadan82@hotmail.com,Alexandria,Alexandria,Bronze,2021-12-03
CUS02783,Tarek Lotfy,Male,06/04/1999,1083598596,tarek.lotfy40@gmail.com,Ismailia,Canal Zone,Bronze,2022-04-10
CUS00291,Maged Farouk,Male,1979-08-17,1296869121,maged.farouk62@hotmail.com,Cairo,Greater Cairo,Gold,2021-03-22
CUS01869,Ibrahim Khalil,Male,1981-04-24,1122730930,ibrahim.khalil33@hotmail.com,Cairo,Greater Cairo,Silver,2022-11-04
CUS02214,Radwa Lotfy,Female,1998-07-13,1148451635,radwa.lotfy21@gmail.com,Ismailia,Canal Zone,Bronze,2023-10-09
CUS00605,Akram Gouda,MALE,1976-11-10,1238224904,akram.gouda22@yahoo.com,Cairo,Greater Cairo,Platinum,2021-06-17
CUS02687,Amira Ramadan,Female,1981-10-05,1153117599,amira.ramadan59@yahoo.com,Cairo,Greater Cairo,Bronze,2021-12-10
CUS00917,Sara Barakat,Female,1978-12-09,1282241369,sara.barakat94@gmail.com,Giza,Greater Cairo,Silver,2023-08-27
CUS02751,Noha Fathy,Female,1980-05-15,1123904902,noha.fathy69@gmail.com,Giza,Greater Cairo,Gold,2022-07-04
CUS02835,Tamer Sayed,Male,1981-11-10,1096665527,tamer.sayed66@gmail.com,Giza,Greater Cairo,Bronze,2020-04-09
CUS01089,Walid Barakat,MALE,1976-02-06,1239210851,walid.barakat69@gmail.com,Sharm El Sheikh,South Sinai,Silver,2020-10-08
CUS02234,Mona Khalil,Female,1978-09-01,1070981857,mona.khalil38@hotmail.com,Luxor,Upper Egypt,Bronze,2020-03-24
CUS01352,Hossam Ali,male,1999-09-08,1027129638,hossam.ali14@hotmail.com,Alexandria,Alexandria,Bronze,2022-04-10
CUS00822,Ibrahim Ahmed,Male,1982-04-19,1094674420,ibrahim.ahmed29@gmail.com,Cairo,Greater Cairo,Bronze,2023-01-24
CUS02508,Sara Mansour,Female,26/11/1979,1098444685,sara.mansour96@hotmail.com,Giza,Greater Cairo,Silver,2021-11-16
CUS01001,Rania Ramadan,female,10/10/1971,1086995914,rania.ramadan68@gmail.com,Cairo,Greater Cairo,Bronze,2023-03-02
CUS02872,Hussein Attia,male,1994-07-14,1293616696,hussein.attia21@gmail.com,Port Said,Canal Zone,Bronze,2021-04-10
CUS00019,Tarek Khalil,male,1973-07-21,1141426254,tarek.khalil10@yahoo.com,Giza,Greater Cairo,Bronze,2021-09-22
CUS02998,Doha Mahmoud,Female,06/07/1995,1122335410,doha.mahmoud89@outlook.com,Giza,Greater Cairo,Silver,2023-03-27
CUS01270,Hossam Zaki,Male,1981-11-06,1163377272,,Giza,Greater Cairo,Bronze,2021-03-07
CUS01714,Osama Rizk,MALE,1991-01-19,1287518631,osama.rizk41@yahoo.com,Giza,Greater Cairo,Bronze,2023-12-19
CUS01310,Ola Lotfy,Female,1991-06-19,1095813283,ola.lotfy12@hotmail.com,Aswan,Upper Egypt,Gold,2020-01-07
CUS01609,Mahmoud Fathy,Male,19/02/2003,1043482786,mahmoud.fathy45@yahoo.com,Cairo,Greater Cairo,Gold,2022-10-09
CUS02855,Hany Saad,Male,1996-02-12,1215604302,,Cairo,Greater Cairo,Bronze,2021-10-05
CUS01913,Radwa Fathy,female,1972-07-19,1052843211,radwa.fathy90@gmail.com,Sharm El Sheikh,South Sinai,Silver,2023-08-28
CUS02054,Noha Abdallah,Female,1990-02-24,1155434240,noha.abdallah26@outlook.com,Port Said,Canal Zone,Bronze,2021-04-16
CUS01423,Shaimaa Shaaban,Female,22/07/1993,1144321106,shaimaa.shaaban47@hotmail.com,Cairo,Greater Cairo,Bronze,2022-06-08
CUS02036,Suzy Ibrahim,Female,26/11/1973,1251984383,suzy.ibrahim25@outlook.com,Giza,Greater Cairo,Bronze,2021-02-05
CUS00361,Karim Ibrahim,male,1984-02-26,1232532859,karim.ibrahim42@yahoo.com,Giza,Greater Cairo,Gold,2021-09-13
CUS02601,Dalia Nasser,Female,1998-03-11,1010142112,dalia.nasser98@hotmail.com,Mansoura,Nile Delta,Bronze,2022-03-18
CUS01883,Khaled Rizk,Male,1988-07-23,1115512465,khaled.rizk77@hotmail.com,Mansoura,Nile Delta,Silver,2022-06-20
CUS01158,Reham Bakr,FEMALE,1999-11-06,1116685457,reham.bakr88@outlook.com,Suez,Canal Zone,Silver,2021-08-06
CUS02276,Hoda Bakr,Female,1971-10-13,1077614749,hoda.bakr68@outlook.com,Mansoura,Nile Delta,Silver,2023-11-11
CUS01638,Omar Ali,male,1992-08-13,1021756011,omar.ali52@hotmail.com,Cairo,Greater Cairo,Bronze,2022-07-26
CUS00345,Rana Hamdy,Female,1986-09-03,1021278067,,Giza,Greater Cairo,Bronze,2022-07-15
CUS00987,Amira Farouk,FEMALE,1996-06-01,1196868831,amira.farouk50@yahoo.com,Tanta,Nile Delta,Bronze,2023-02-03
CUS01323,Ola Amin,Female,1997-08-21,1273559266,ola.amin71@hotmail.com,Luxor,Upper Egypt,Gold,2021-10-16
CUS01790,Ibrahim Wahba,Male,1983-09-09,1163502363,ibrahim.wahba71@gmail.com,Alexandria,Alexandria,Bronze,2022-08-08
CUS02324,Amr Lotfy,Male,1973-11-19,1020369912,amr.lotfy30@yahoo.com,Giza,Greater Cairo,Bronze,2020-07-04
CUS02237,Heba Mahmoud,FEMALE,1973-05-01,1240931972,heba.mahmoud51@gmail.com,Suez,Canal Zone,Bronze,2020-11-18
CUS02704,Emad Nasser,MALE,1974-01-26,1159723427,emad.nasser59@hotmail.com,Cairo,Greater Cairo,Bronze,2020-07-14
CUS02710,Eman Ahmed,Female,20/10/1971,1277789197,eman.ahmed91@gmail.com,Giza,Greater Cairo,Gold,2021-11-23
CUS00086,Hossam Hassan,Male,2003-12-02,1268090825,hossam.hassan23@yahoo.com,Giza,Greater Cairo,Silver,2021-02-13
CUS02099,Samah Badawi,Female,2002-05-06,1018275089,samah.badawi33@outlook.com,Hurghada,Red Sea,Bronze,2020-11-16
CUS00669,Essam Lotfy,MALE,1988-11-20,1170353847,essam.lotfy82@outlook.com,Cairo,Greater Cairo,Silver,2023-03-15
CUS01015,Dalia Hafez,Female,20/09/2003,1197073528,dalia.hafez81@hotmail.com,Tanta,Nile Delta,Bronze,2021-02-20
CUS00129,Osama Gamal,Male,1971-07-04,1191279039,osama.gamal37@hotmail.com,Cairo,Greater Cairo,Bronze,2022-11-17
CUS01952,Manar Mansour,Female,1995-08-27,1094521185,manar.mansour32@hotmail.com,Cairo,Greater Cairo,Bronze,2021-04-18
CUS01207,Suzy Mostafa,FEMALE,1979-07-23,1137390284,suzy.mostafa1@outlook.com,Tanta,Nile Delta,Bronze,2022-10-09
CUS00892,Samir Barakat,Male,1976-06-11,1131286722,samir.barakat91@hotmail.com,Luxor,Upper Egypt,Bronze,2020-04-02
CUS01898,Samah Nasser,Female,1991-04-03,1154329591,samah.nasser36@gmail.com,Cairo,Greater Cairo,Silver,2021-11-13
CUS00308,Dina Ali,Female,1991-07-24,1226912191,dina.ali40@hotmail.com,Giza,Greater Cairo,Gold,2021-01-01
CUS00384,Nader Farouk,Male,11/11/1974,1161224263,nader.farouk30@yahoo.com,Luxor,Upper Egypt,Bronze,2022-02-10
CUS01912,Ali Amin,Male,1995-11-16,1217709878,,Luxor,Upper Egypt,Gold,2022-12-28
CUS01379,Hany Bakr,Male,15/10/1971,1238925378,,Giza,Greater Cairo,Gold,2020-05-14
CUS00427,Ahmed Hassan,Male,1976-09-24,1121403835,ahmed.hassan21@hotmail.com,Giza,Greater Cairo,Bronze,2022-08-05
CUS00495,Ahmed Salem,male,1977-09-04,1037419830,ahmed.salem16@hotmail.com,Alexandria,Alexandria,Gold,2023-08-06
CUS02053,Zeinab Bakr,Female,1996-01-02,1240691047,zeinab.bakr51@hotmail.com,Cairo,Greater Cairo,Bronze,2022-11-05
CUS02471,Youssef Shaaban,Male,1979-12-20,1023503483,youssef.shaaban74@hotmail.com,Cairo,Greater Cairo,Bronze,2021-08-10
CUS01314,Magdy Fathy,Male,1997-07-04,1236081078,,Aswan,Upper Egypt,Silver,2020-12-23
CUS01360,Samir Mansour,Male,1985-12-05,1133368501,samir.mansour59@yahoo.com,Alexandria,Alexandria,Bronze,2022-02-24
CUS00276,Mariam Hassan,female,1995-04-21,1152107027,mariam.hassan99@yahoo.com,Alexandria,Alexandria,Bronze,2023-06-15
CUS00490,Walid Sayed,Male,1986-05-20,1133260196,walid.sayed88@yahoo.com,Suez,Canal Zone,Silver,2022-03-14
CUS01585,Hazem Hassan,MALE,2000-01-01,1120546948,hazem.hassan11@yahoo.com,Ismailia,Canal Zone,Bronze,2020-03-22
CUS00691,Walid Khalil,Male,1989-09-09,1035494128,walid.khalil21@outlook.com,Giza,Greater Cairo,Bronze,2020-06-04
CUS01377,Ashraf Rizk,MALE,17/08/2003,1189011369,ashraf.rizk91@hotmail.com,Giza,Greater Cairo,Bronze,2020-01-10
CUS01205,Fady Mohamed,male,1989-10-05,1025830744,fady.mohamed98@gmail.com,Alexandria,Alexandria,Bronze,2023-11-24
CUS02989,Hana Abdallah,Female,17/11/2001,1162678062,hana.abdallah74@hotmail.com,Tanta,Nile Delta,Bronze,2021-01-01
CUS02241,Dalia Hafez,Female,1985-06-22,1289733241,dalia.hafez90@yahoo.com,Hurghada,Red Sea,Bronze,2021-09-11
CUS02115,Ashraf Hafez,Male,1999-07-10,1156787483,ashraf.hafez65@gmail.com,Mansoura,Nile Delta,Bronze,2022-12-09
CUS01059,Adel Sayed,MALE,07/02/1970,1099096950,adel.sayed20@gmail.com,Alexandria,Alexandria,Bronze,2021-06-06
CUS00119,Rana Mahmoud,FEMALE,1987-07-12,1263035211,rana.mahmoud12@hotmail.com,Suez,Canal Zone,Bronze,2022-06-27
CUS01025,Amr Mostafa,Male,2000-01-16,1150447664,amr.mostafa53@hotmail.com,Port Said,Canal Zone,Silver,2022-08-26
CUS02420,Dalia Nasser,Female,2001-02-27,1236855559,,Giza,Greater Cairo,Bronze,2020-11-01
CUS00282,Mona Hassan,Female,1986-09-20,1150601849,mona.hassan6@yahoo.com,Giza,Greater Cairo,Bronze,2022-03-17
CUS01566,Hassan Gouda,Male,1989-06-09,1187028916,,Giza,Greater Cairo,Bronze,2021-12-03
CUS02373,Essam Lotfy,MALE,1982-02-21,1040695523,essam.lotfy52@outlook.com,Tanta,Nile Delta,Bronze,2020-03-12
CUS00969,Nour Ibrahim,Female,1994-12-15,1145268115,nour.ibrahim35@yahoo.com,Alexandria,Alexandria,Silver,2021-11-07
CUS01209,Aisha Mostafa,Female,25/06/1988,1291939357,aisha.mostafa9@hotmail.com,Cairo,Greater Cairo,Bronze,2023-04-01
CUS01240,Hoda Ali,Female,1980-01-22,1225768498,hoda.ali89@hotmail.com,Cairo,Greater Cairo,Bronze,2021-02-03
CUS02487,Omar Salem,Male,1979-10-28,1239392062,omar.salem92@outlook.com,Alexandria,Alexandria,Silver,2023-10-18
CUS02025,Eman Mostafa,Female,1999-11-23,1162423804,eman.mostafa74@gmail.com,Giza,Greater Cairo,Gold,2020-07-22
CUS00305,Ashraf Hamdy,male,1985-03-25,1266602596,ashraf.hamdy59@hotmail.com,Zagazig,Nile Delta,Silver,2020-08-05
CUS01923,Fady Ramadan,Male,1979-11-24,1070420361,,Mansoura,Nile Delta,Bronze,2021-11-22
CUS01422,Ayman Abdallah,Male,1986-12-26,1270563375,ayman.abdallah4@hotmail.com,Alexandria,Alexandria,Gold,2023-12-03
CUS01581,Yasmin Barakat,Female,1970-06-08,1165055720,yasmin.barakat4@outlook.com,Cairo,Greater Cairo,Silver,2023-09-17
CUS02275,Hoda Sayed,Female,1978-04-20,1043146793,hoda.sayed44@yahoo.com,Port Said,Canal Zone,Bronze,2021-06-26
CUS02067,Ayman Gouda,Male,27/01/1981,1034552779,ayman.gouda13@outlook.com,Cairo,Greater Cairo,Bronze,2023-11-11
CUS00576,Samah Attia,female,1970-08-21,1263915716,samah.attia15@outlook.com,Port Said,Canal Zone,Bronze,2022-08-23
CUS01950,Heba Ragab,Female,1989-05-23,1287405259,heba.ragab93@gmail.com,Giza,Greater Cairo,Bronze,2020-02-04
CUS02616,Eman Attia,Female,1997-12-11,1294529590,,Cairo,Greater Cairo,Bronze,2021-12-08
CUS02668,Adel Hafez,Male,25/09/1993,1166835720,,Mansoura,Nile Delta,Bronze,2021-07-17
CUS02919,Hany Gamal,Male,1988-03-27,1069185750,hany.gamal50@yahoo.com,Giza,Greater Cairo,Bronze,2021-07-23
CUS01242,Mona Younis,FEMALE,22/11/1999,1029695117,mona.younis61@outlook.com,Hurghada,Red Sea,Bronze,2022-06-23
CUS00844,Dina Fathy,Female,2000-07-02,1085889571,dina.fathy51@hotmail.com,Ismailia,Canal Zone,Bronze,2020-04-07
CUS02937,Tamer Hamdy,Male,13/10/1977,1128135309,tamer.hamdy50@gmail.com,Hurghada,Red Sea,Bronze,2023-08-05
CUS00270,Adel Ibrahim,Male,22/06/1996,1222120705,adel.ibrahim74@gmail.com,Giza,Greater Cairo,Bronze,2022-08-03
CUS00630,Tamer Barakat,Male,26/01/2003,1258674884,tamer.barakat21@gmail.com,Cairo,Greater Cairo,Gold,2021-11-21
CUS01034,Osama Ragab,Male,1999-08-03,1226489417,osama.ragab2@outlook.com,Cairo,Greater Cairo,Bronze,2023-03-25
CUS00287,Samir Mostafa,male,19/06/1995,1053424580,samir.mostafa59@hotmail.com,Alexandria,Alexandria,Silver,2020-06-02
CUS02247,Mahmoud Shaaban,male,1998-02-21,1211881759,mahmoud.shaaban46@outlook.com,Cairo,Greater Cairo,Silver,2021-05-06
CUS00301,Mohamed Gamal,Male,1986-06-22,1033449822,,Cairo,Greater Cairo,Bronze,2023-02-20
CUS01954,Hossam Fathy,Male,02/02/1978,1197280272,,Zagazig,Nile Delta,Bronze,2021-04-23
CUS01890,Hana Nasser,female,16/11/1993,1265648320,hana.nasser98@gmail.com,Sharm El Sheikh,South Sinai,Bronze,2022-12-19
CUS01378,Ahmed Ragab,Male,1978-10-14,1161415792,ahmed.ragab7@outlook.com,Alexandria,Alexandria,Silver,2021-08-14
CUS00066,Noha Younis,Female,05/08/1976,1244715663,noha.younis43@gmail.com,Alexandria,Alexandria,Silver,2021-06-08
CUS02777,Karim Rizk,Male,1971-12-19,1197755635,karim.rizk71@gmail.com,Cairo,Greater Cairo,Silver,2021-12-28
CUS00891,Hoda Farouk,Female,2001-05-02,1090405385,,Zagazig,Nile Delta,Bronze,2023-10-01
CUS01560,Tamer Ali,Male,1988-09-17,1262982698,tamer.ali74@yahoo.com,Suez,Canal Zone,Silver,2020-04-27
CUS01845,Sherif Wahba,Male,1996-09-06,1184570966,sherif.wahba28@yahoo.com,Port Said,Canal Zone,Silver,2021-01-10
CUS01808,Ibrahim Mahmoud,male,1997-02-06,1025541386,ibrahim.mahmoud88@outlook.com,Cairo,Greater Cairo,Silver,2022-06-18
CUS01382,Yasmin Amin,Female,1982-08-21,1230946019,yasmin.amin9@outlook.com,Giza,Greater Cairo,Silver,2023-07-25
CUS00231,Ali Ibrahim,male,1993-06-15,1177303492,ali.ibrahim69@hotmail.com,Hurghada,Red Sea,Silver,2023-10-12
CUS00504,Amr Barakat,Male,2001-04-27,1086553774,amr.barakat18@gmail.com,Aswan,Upper Egypt,Bronze,2023-07-21
CUS01271,Hoda Ahmed,female,1991-11-18,1119045273,hoda.ahmed26@hotmail.com,Tanta,Nile Delta,Bronze,2022-07-10
CUS02186,Sara Farouk,Female,1988-04-02,1032651348,sara.farouk51@yahoo.com,Port Said,Canal Zone,Silver,2021-09-08
CUS01513,Samah Lotfy,FEMALE,1975-01-02,1280657083,samah.lotfy16@outlook.com,Port Said,Canal Zone,Silver,2021-07-27
CUS01290,Rana Shaaban,FEMALE,1983-09-09,1278682759,rana.shaaban3@outlook.com,Cairo,Greater Cairo,Bronze,2023-02-05
CUS01005,Ibrahim Wahba,male,1980-04-13,1023243302,ibrahim.wahba71@yahoo.com,Hurghada,Red Sea,Platinum,2021-12-03
CUS00837,Aisha Younis,Female,1970-06-14,1225811556,aisha.younis4@yahoo.com,Suez,Canal Zone,Bronze,2023-10-25
CUS01613,Radwa Mohamed,female,2002-01-24,1215092490,radwa.mohamed94@gmail.com,Alexandria,Alexandria,Silver,2020-12-07
CUS00375,Manar Zaki,Female,1970-03-27,1110211873,manar.zaki37@outlook.com,Cairo,Greater Cairo,Bronze,2021-03-12
CUS01506,Neveen Khalil,Female,1977-08-18,1254005745,neveen.khalil67@hotmail.com,Giza,Greater Cairo,Platinum,2020-03-18
CUS02529,Ahmed Sayed,Male,1994-06-04,1280102161,,Cairo,Greater Cairo,Bronze,2020-08-25
CUS01865,Ayman Saad,Male,1995-07-24,1043237682,ayman.saad74@outlook.com,Ismailia,Canal Zone,Silver,2022-02-11
CUS02462,Omar Mohamed,Male,1972-10-19,1185032591,omar.mohamed73@yahoo.com,Suez,Canal Zone,Bronze,2020-07-21
CUS02107,Lobna Ragab,Female,1999-10-28,1216895902,lobna.ragab21@outlook.com,Luxor,Upper Egypt,Silver,2021-10-09
CUS00752,Hossam Ismail,Male,1971-04-14,1229752845,hossam.ismail39@outlook.com,Port Said,Canal Zone,Gold,2021-03-01
CUS00100,Neveen Hassan,Female,02/02/1979,1086868988,neveen.hassan96@hotmail.com,Cairo,Greater Cairo,Gold,2021-07-21
CUS02925,Youssef Ahmed,Male,1989-04-13,1232491709,youssef.ahmed64@hotmail.com,Giza,Greater Cairo,Silver,2020-12-15
CUS00867,Radwa Ragab,Female,1973-06-28,1277973150,radwa.ragab22@yahoo.com,Cairo,Greater Cairo,Silver,2023-12-11
CUS00911,Manar Mansour,Female,1988-11-02,1266590557,manar.mansour32@hotmail.com,Alexandria,Alexandria,Bronze,2023-01-09
CUS01386,Ali Mostafa,male,1982-03-09,1259605688,ali.mostafa7@gmail.com,Giza,Greater Cairo,Bronze,2020-02-11
CUS00530,Akram Barakat,MALE,2002-07-10,1161548700,akram.barakat95@yahoo.com,Luxor,Upper Egypt,Silver,2023-09-09
CUS00637,Hossam Farouk,Male,1997-11-09,1075479724,hossam.farouk86@outlook.com,Alexandria,Alexandria,Silver,2020-10-04
CUS00186,Shaimaa Mohamed,Female,1989-11-07,1136918105,shaimaa.mohamed16@hotmail.com,Mansoura,Nile Delta,Bronze,2021-03-09
CUS02120,Rana Gamal,Female,1980-11-02,1040721069,rana.gamal59@outlook.com,Suez,Canal Zone,Silver,2020-03-12
CUS02608,Mahmoud Abdallah,Male,11/08/1972,1227028687,mahmoud.abdallah60@hotmail.com,Cairo,Greater Cairo,Silver,2021-10-01
CUS00932,Samah Khalil,female,12/08/1974,1211693235,samah.khalil50@yahoo.com,Aswan,Upper Egypt,Silver,2020-05-11
CUS01447,Amr Ibrahim,male,1973-06-04,1042825252,amr.ibrahim1@gmail.com,Tanta,Nile Delta,Silver,2021-09-22
CUS02333,Mohamed Lotfy,male,1976-04-21,1025214279,mohamed.lotfy12@gmail.com,Mansoura,Nile Delta,Gold,2023-03-01
CUS01463,Nour Shaaban,Female,2003-03-23,1025277822,,Cairo,Greater Cairo,Silver,2023-06-07
CUS02439,Rana Hamdy,Female,1980-09-22,1160658162,rana.hamdy87@outlook.com,Alexandria,Alexandria,Bronze,2021-03-21
CUS02104,Aisha Fathy,Female,1990-02-26,1021686682,aisha.fathy18@outlook.com,Tanta,Nile Delta,Gold,2022-11-10
CUS00608,Doha Ismail,FEMALE,1983-10-17,1146770694,doha.ismail93@outlook.com,Giza,Greater Cairo,Silver,2020-11-13
CUS01408,Fatima Mahmoud,Female,1973-01-24,1089098923,,Hurghada,Red Sea,Silver,2023-09-04
CUS00152,Adel Hassan,Male,07/04/1989,1112912708,adel.hassan66@yahoo.com,Cairo,Greater Cairo,Bronze,2020-01-15
CUS02011,Nader Sayed,Male,25/05/1977,1228029931,nader.sayed35@hotmail.com,Cairo,Greater Cairo,Bronze,2020-11-23
CUS02178,Samah Salem,Female,1980-10-12,1023970985,,Mansoura,Nile Delta,Bronze,2023-12-25
CUS00732,Ghada Zaki,Female,28/05/1990,1178644309,ghada.zaki72@yahoo.com,Aswan,Upper Egypt,Silver,2023-06-03
CUS01403,Hana Rizk,FEMALE,1999-06-20,1184666074,hana.rizk92@yahoo.com,Cairo,Greater Cairo,Silver,2022-08-03
CUS01673,Emad Ahmed,Male,1989-08-13,1055615554,,Luxor,Upper Egypt,Gold,2020-02-04
CUS02775,Hazem Barakat,Male,1979-06-25,1295151238,hazem.barakat70@gmail.com,Alexandria,Alexandria,Bronze,2021-08-01
CUS00024,Zeinab Hamdy,female,1981-08-25,1012240013,zeinab.hamdy51@hotmail.com,Giza,Greater Cairo,Bronze,2023-07-23
CUS01737,Fady Saad,Male,1980-07-09,1075523712,fady.saad11@yahoo.com,Giza,Greater Cairo,Platinum,2020-04-28
CUS00159,Tarek Salem,Male,24/02/1975,1042621391,tarek.salem2@hotmail.com,Cairo,Greater Cairo,Bronze,2020-05-15
CUS00862,Hossam Barakat,Male,1986-07-28,1253537057,hossam.barakat34@yahoo.com,Giza,Greater Cairo,Silver,2020-04-10
CUS00903,Suzy Gouda,FEMALE,1987-04-08,1053260996,suzy.gouda76@hotmail.com,Cairo,Greater Cairo,Gold,2020-10-15
CUS01499,Engy Saad,Female,1995-07-03,1151126010,engy.saad83@outlook.com,Giza,Greater Cairo,Bronze,2023-11-01
CUS01231,Youssef Ibrahim,Male,2001-06-02,1066243095,youssef.ibrahim19@hotmail.com,Suez,Canal Zone,Silver,2020-10-07
CUS02291,Mariam Abdallah,Female,2000-01-13,1293613691,mariam.abdallah40@yahoo.com,Mansoura,Nile Delta,Bronze,2022-07-21
CUS00445,Ola Mahmoud,Female,1974-03-23,1144620670,ola.mahmoud18@gmail.com,Aswan,Upper Egypt,Gold,2023-01-12
CUS02986,Ibrahim Fathy,Male,1982-11-24,1017110750,ibrahim.fathy56@hotmail.com,Ismailia,Canal Zone,Bronze,2020-09-09
CUS00755,Ahmed Sayed,Male,1979-12-23,1246186255,ahmed.sayed58@outlook.com,Cairo,Greater Cairo,Bronze,2022-10-15
CUS00924,Radwa Abdallah,Female,1985-06-09,1161171904,radwa.abdallah90@hotmail.com,Hurghada,Red Sea,Silver,2020-02-13
CUS02305,Ali Wahba,Male,1987-11-17,1011777607,ali.wahba40@gmail.com,Port Said,Canal Zone,Bronze,2021-11-20
CUS00312,Manar Rizk,Female,2001-11-14,1175705089,manar.rizk63@outlook.com,Cairo,Greater Cairo,Gold,2021-12-17
CUS00549,Ahmed Khalil,Male,2003-12-04,1036490232,ahmed.khalil22@outlook.com,Alexandria,Alexandria,Silver,2021-12-28
CUS02167,Karim Khalil,male,1987-11-24,1072275316,karim.khalil99@yahoo.com,Mansoura,Nile Delta,Platinum,2023-10-15
CUS01764,Wael Lotfy,Male,28/05/2002,1077086297,wael.lotfy87@hotmail.com,Alexandria,Alexandria,Gold,2022-05-11
CUS00307,Shaimaa Bakr,female,1992-01-27,1180839007,shaimaa.bakr70@outlook.com,Alexandria,Alexandria,Silver,2022-11-13
CUS00288,Doha Abdallah,female,1983-01-26,1247977444,doha.abdallah49@gmail.com,Alexandria,Alexandria,Bronze,2023-05-06
CUS00695,Tamer Bakr,Male,1975-09-16,1190879572,,Cairo,Greater Cairo,Silver,2023-04-26
CUS00309,Osama Amin,Male,1989-12-14,1224823261,osama.amin16@gmail.com,Hurghada,Red Sea,Silver,2020-08-10
CUS02358,Khaled Nasser,Male,1986-09-24,1099541491,khaled.nasser73@yahoo.com,Cairo,Greater Cairo,Gold,2022-01-26
CUS00750,Mahmoud Ibrahim,Male,1994-03-01,1171843865,mahmoud.ibrahim93@outlook.com,Mansoura,Nile Delta,Bronze,2023-11-17
CUS01503,Maged Wahba,Male,1991-03-09,1150162276,maged.wahba34@hotmail.com,Cairo,Greater Cairo,Gold,2020-01-24
CUS02476,Essam Bakr,Male,1982-02-03,1256696130,essam.bakr18@gmail.com,Luxor,Upper Egypt,Silver,2023-06-15
CUS00909,Hoda Ahmed,Female,1987-01-19,1140781126,hoda.ahmed55@gmail.com,Cairo,Greater Cairo,Bronze,2022-07-02
CUS02977,Khaled Fathy,Male,1997-03-26,1155994637,khaled.fathy12@yahoo.com,Aswan,Upper Egypt,Gold,2022-07-25
CUS02418,Sara Ramadan,Female,19/03/1996,1156603072,sara.ramadan7@yahoo.com,Cairo,Greater Cairo,Bronze,2022-04-28
CUS01345,Hany Ahmed,Male,1971-06-04,1294378401,hany.ahmed52@yahoo.com,Zagazig,Nile Delta,Silver,2022-06-25
CUS02535,Aisha Barakat,Female,1980-05-11,1096567401,aisha.barakat6@yahoo.com,Zagazig,Nile Delta,Bronze,2021-07-01
CUS00971,Doha Rizk,Female,1978-07-06,1124195922,doha.rizk85@yahoo.com,Mansoura,Nile Delta,Bronze,2021-04-10
CUS00014,Ramy Ramadan,Male,1980-10-05,1037775381,ramy.ramadan22@hotmail.com,Cairo,Greater Cairo,Bronze,2022-05-19
CUS00874,Maged Bakr,male,1986-12-12,1294253102,maged.bakr5@hotmail.com,Giza,Greater Cairo,Silver,2021-10-03
CUS00809,Ghada Mohamed,Female,1972-01-25,1099238969,,Giza,Greater Cairo,Silver,2021-12-26
CUS02622,Hoda Abdallah,Female,1975-02-05,1124363661,hoda.abdallah13@outlook.com,Suez,Canal Zone,Gold,2023-07-08
CUS00515,Bassem Lotfy,Male,1998-01-08,1060912405,bassem.lotfy70@hotmail.com,Cairo,Greater Cairo,Gold,2020-10-25
CUS02452,Radwa Ibrahim,female,1988-10-26,1086043270,,Ismailia,Canal Zone,Silver,2023-06-27
CUS00410,Samir Ali,MALE,1978-07-14,1254454724,samir.ali86@hotmail.com,Cairo,Greater Cairo,Silver,2020-07-16
CUS02283,Engy Mansour,FEMALE,1974-03-18,1052623801,,Alexandria,Alexandria,Gold,2021-08-28
CUS02297,Ramy Farouk,Male,1996-02-05,1164013875,ramy.farouk97@hotmail.com,Cairo,Greater Cairo,Silver,2023-12-21
CUS02410,Omar Ragab,Male,2002-02-10,1010748660,omar.ragab2@gmail.com,Giza,Greater Cairo,Gold,2023-09-03
CUS01287,Essam Mostafa,Male,1998-10-17,1213620505,essam.mostafa74@gmail.com,Cairo,Greater Cairo,Silver,2020-12-27
CUS01407,Tamer Fathy,Male,1977-07-21,1017653101,tamer.fathy54@yahoo.com,Aswan,Upper Egypt,Silver,2023-10-23
CUS01538,Adel Khalil,Male,1991-04-22,1067639002,adel.khalil98@yahoo.com,Tanta,Nile Delta,Bronze,2022-11-19
CUS00383,Hassan Sayed,Male,1997-12-01,1053822194,hassan.sayed61@gmail.com,Mansoura,Nile Delta,Silver,2021-09-21
CUS01645,Amira Gamal,Female,28/07/2003,1198752010,amira.gamal50@outlook.com,Cairo,Greater Cairo,Bronze,2020-05-23
CUS02223,Mohamed Bakr,Male,2002-09-26,1291607781,mohamed.bakr6@gmail.com,Cairo,Greater Cairo,Bronze,2022-01-07
CUS02507,Reham Ragab,Female,1983-12-16,1041725009,reham.ragab68@gmail.com,Luxor,Upper Egypt,Bronze,2022-04-17
CUS02059,Ahmed Zaki,Male,14/09/1983,1231309629,,Mansoura,Nile Delta,Bronze,2022-06-19
CUS01420,Ahmed Ibrahim,MALE,2002-07-27,1214849141,,Port Said,Canal Zone,Bronze,2022-03-06
CUS00553,Shaimaa Hamdy,female,1995-05-18,1296114007,shaimaa.hamdy36@yahoo.com,Alexandria,Alexandria,Bronze,2022-10-04
CUS00223,Ashraf Ismail,Male,1994-04-03,1188529753,ashraf.ismail59@yahoo.com,Cairo,Greater Cairo,Bronze,2023-06-05
CUS01097,Zeinab Lotfy,female,11/01/1996,1049592252,zeinab.lotfy91@outlook.com,Cairo,Greater Cairo,Silver,2020-01-04
CUS02642,Fady Badawi,Male,1978-09-01,1041944189,fady.badawi6@gmail.com,Cairo,Greater Cairo,Silver,2020-06-19
CUS00009,Hossam Barakat,Male,13/10/1990,1262686364,hossam.barakat87@hotmail.com,Mansoura,Nile Delta,Bronze,2020-11-05
CUS01546,Wael Younis,Male,1977-09-12,1252861321,wael.younis37@hotmail.com,Alexandria,Alexandria,Bronze,2023-01-04
CUS00317,Shaimaa Mostafa,Female,1975-04-20,1287424245,shaimaa.mostafa65@gmail.com,Giza,Greater Cairo,Bronze,2020-11-18
CUS00428,Emad Mostafa,Male,1971-01-04,1249827566,,Suez,Canal Zone,Bronze,2021-01-08
CUS01398,Tamer Saad,Male,10/04/1979,1248959030,tamer.saad85@outlook.com,Cairo,Greater Cairo,Silver,2023-08-04
CUS00106,Tamer Gouda,Male,1992-01-08,1141104946,tamer.gouda47@outlook.com,Cairo,Greater Cairo,Bronze,2023-08-02
CUS02015,Tamer Rizk,Male,1985-08-18,1046293441,tamer.rizk50@hotmail.com,Alexandria,Alexandria,Bronze,2020-09-27
CUS00143,Hussein Abdallah,Male,2001-04-11,1296522918,hussein.abdallah89@outlook.com,Alexandria,Alexandria,Bronze,2022-12-05
CUS00122,Osama Amin,Male,1988-02-13,1255901507,osama.amin74@hotmail.com,Suez,Canal Zone,Gold,2021-12-22
CUS02409,Ali Gamal,Male,1972-02-11,1040511801,ali.gamal23@outlook.com,Ismailia,Canal Zone,Bronze,2022-10-15
CUS02913,Hassan Attia,Male,19/09/2001,1124326552,hassan.attia69@gmail.com,Zagazig,Nile Delta,Bronze,2020-06-09
CUS01190,Hassan Farouk,Male,1994-01-23,1066354268,hassan.farouk5@hotmail.com,Tanta,Nile Delta,Bronze,2023-05-13
CUS01981,Ayman Barakat,Male,2000-11-09,1218031842,ayman.barakat30@gmail.com,Cairo,Greater Cairo,Silver,2023-08-20
CUS02644,Yasmin Ahmed,Female,15/01/1982,1018242865,yasmin.ahmed95@yahoo.com,Mansoura,Nile Delta,Silver,2021-04-28
CUS01433,Mona Mahmoud,Female,1984-06-04,1073973063,mona.mahmoud97@yahoo.com,Alexandria,Alexandria,Gold,2023-12-02
CUS00116,Adel Gamal,Male,1995-12-05,1225983420,adel.gamal28@outlook.com,Luxor,Upper Egypt,Silver,2022-09-20
CUS02112,Bassem Gamal,male,07/11/1982,1278127411,,Cairo,Greater Cairo,Platinum,2020-07-02
CUS01994,Osama Mohamed,Male,1999-03-28,1143994823,osama.mohamed12@outlook.com,Cairo,Greater Cairo,Platinum,2020-10-27
CUS02179,Ali Mansour,male,1994-01-10,1189341174,ali.mansour26@gmail.com,Tanta,Nile Delta,Bronze,2023-03-10
CUS02845,Wael Mostafa,male,1998-06-11,1044963280,wael.mostafa70@hotmail.com,Alexandria,Alexandria,Gold,2020-04-20
CUS02997,Ghada Mohamed,female,2001-11-19,1141667840,ghada.mohamed94@hotmail.com,Cairo,Greater Cairo,Gold,2023-02-20
CUS01671,Ibrahim Gamal,Male,1970-06-27,1097804827,ibrahim.gamal54@gmail.com,Giza,Greater Cairo,Gold,2021-02-11
CUS01875,Nader Salem,MALE,20/10/1997,1026669562,nader.salem17@outlook.com,Zagazig,Nile Delta,Bronze,2023-04-08
CUS00673,Zeinab Ahmed,Female,1982-04-11,1231034514,zeinab.ahmed4@yahoo.com,Cairo,Greater Cairo,Bronze,2023-10-22
CUS01813,Adel Salem,Male,1983-12-06,1259075413,adel.salem11@yahoo.com,Cairo,Greater Cairo,Bronze,2021-04-27
CUS02755,Magdy Mahmoud,male,1987-09-22,1258225405,magdy.mahmoud23@yahoo.com,Suez,Canal Zone,Silver,2022-03-20
CUS00592,Hoda Lotfy,Female,1974-07-09,1282120748,hoda.lotfy4@outlook.com,Mansoura,Nile Delta,Bronze,2023-12-02
CUS01469,Adel Hamdy,Male,1999-03-21,1114309791,adel.hamdy14@outlook.com,Luxor,Upper Egypt,Gold,2023-11-25
CUS00889,Fatima Nasser,female,1992-03-25,1288310524,fatima.nasser16@yahoo.com,Cairo,Greater Cairo,Gold,2022-04-14
CUS01832,Samah Salem,Female,14/03/1989,1172164834,samah.salem87@hotmail.com,Mansoura,Nile Delta,Bronze,2022-09-16
CUS01432,Samah Mansour,FEMALE,1992-02-23,1080272722,samah.mansour45@hotmail.com,Alexandria,Alexandria,Bronze,2022-06-03
CUS02821,Ghada Gouda,FEMALE,1994-02-16,1160246656,ghada.gouda47@yahoo.com,Port Said,Canal Zone,Bronze,2023-07-01
CUS00214,Magdy Ismail,Male,1978-01-07,1089583788,magdy.ismail64@outlook.com,Cairo,Greater Cairo,Bronze,2020-01-11
CUS00779,Karim Gouda,Male,11/01/1992,1168035954,karim.gouda25@outlook.com,Zagazig,Nile Delta,Gold,2020-12-08
CUS01744,Dalia Ismail,female,24/09/1971,1228991345,dalia.ismail31@yahoo.com,Cairo,Greater Cairo,Platinum,2020-03-24
CUS00801,Emad Hassan,MALE,1997-12-12,1170714168,emad.hassan74@gmail.com,Tanta,Nile Delta,Gold,2022-04-06
CUS02796,Nader Ibrahim,male,1977-02-12,1183169150,nader.ibrahim64@gmail.com,Alexandria,Alexandria,Gold,2022-11-12
CUS01772,Mona Ahmed,female,1975-08-01,1184649979,mona.ahmed82@hotmail.com,Hurghada,Red Sea,Silver,2023-07-03
CUS02211,Youssef Badawi,male,1972-03-24,1151877379,youssef.badawi74@gmail.com,Zagazig,Nile Delta,Platinum,2022-09-10
CUS02321,Reem Gouda,Female,21/06/1992,1259057227,reem.gouda70@outlook.com,Suez,Canal Zone,Gold,2022-01-01
CUS02707,Ibrahim Ali,Male,1995-02-21,1153703517,ibrahim.ali41@hotmail.com,Cairo,Greater Cairo,Silver,2021-02-28
CUS02757,Amr Ibrahim,Male,1977-10-11,1069675299,amr.ibrahim56@outlook.com,Alexandria,Alexandria,Platinum,2023-11-14
CUS00274,Reem Zaki,Female,1983-03-15,1252571763,,Suez,Canal Zone,Silver,2020-08-16
CUS00072,Ola Ismail,female,1980-07-01,1040107903,ola.ismail22@gmail.com,Cairo,Greater Cairo,Silver,2022-12-21
CUS01868,Sherif Hafez,MALE,1971-06-22,1234618684,sherif.hafez68@outlook.com,Cairo,Greater Cairo,Bronze,2022-07-25
CUS01088,Magdy Mahmoud,Male,11/01/1999,1281017405,magdy.mahmoud35@yahoo.com,Cairo,Greater Cairo,Gold,2023-08-25
CUS00395,Doha Mostafa,Female,19/03/1972,1097595925,,Giza,Greater Cairo,Bronze,2020-09-10
CUS00584,Bassem Gouda,MALE,11/06/1970,1156488499,bassem.gouda69@yahoo.com,Giza,Greater Cairo,Bronze,2023-05-13
CUS02051,Samir Lotfy,Male,26/11/1992,1265446571,samir.lotfy43@hotmail.com,Giza,Greater Cairo,Bronze,2023-12-07
CUS02267,Amira Gouda,FEMALE,1979-03-26,1267767878,amira.gouda45@gmail.com,Alexandria,Alexandria,Bronze,2021-04-16
CUS00501,Essam Bakr,MALE,26/12/1984,1024150817,essam.bakr54@gmail.com,Tanta,Nile Delta,Bronze,2020-10-09
CUS00899,Ramy Ibrahim,male,2003-04-27,1073753876,ramy.ibrahim13@hotmail.com,Cairo,Greater Cairo,Bronze,2022-11-19
CUS02259,Essam Hassan,Male,1973-11-05,1243190318,essam.hassan51@yahoo.com,Giza,Greater Cairo,Bronze,2023-05-14
CUS02786,Nour Hamdy,Female,24/06/1975,1186848845,nour.hamdy44@gmail.com,Cairo,Greater Cairo,Silver,2022-10-12
CUS01539,Ayman Gamal,Male,1994-06-19,1074613595,ayman.gamal91@yahoo.com,Cairo,Greater Cairo,Bronze,2022-04-25
CUS01260,Eman Younis,Female,1978-04-10,1198562616,eman.younis87@outlook.com,Alexandria,Alexandria,Bronze,2022-06-28
CUS01682,Adel Saad,Male,1990-08-22,1298509557,adel.saad6@outlook.com,Ismailia,Canal Zone,Bronze,2023-10-27
CUS01819,Tamer Ahmed,Male,1983-07-01,1226434846,tamer.ahmed72@gmail.com,Mansoura,Nile Delta,Silver,2022-05-24
CUS00206,Ghada Saad,Female,1987-02-09,1288406887,ghada.saad76@yahoo.com,Cairo,Greater Cairo,Platinum,2022-11-23
CUS00734,Ashraf Saad,Male,1986-10-14,1298464398,ashraf.saad89@hotmail.com,Alexandria,Alexandria,Bronze,2021-11-22
CUS02842,Hoda Amin,Female,1994-08-03,1076861330,hoda.amin48@yahoo.com,Zagazig,Nile Delta,Bronze,2020-03-04
CUS00527,Osama Gouda,MALE,1976-03-28,1067904194,osama.gouda68@outlook.com,Giza,Greater Cairo,Bronze,2023-06-05
CUS02562,Hazem Ragab,Male,1976-11-03,1167957234,hazem.ragab30@gmail.com,Tanta,Nile Delta,Bronze,2023-08-18
CUS00378,Mona Sayed,Female,1983-09-26,1060421010,mona.sayed61@hotmail.com,Cairo,Greater Cairo,Silver,2023-06-12
CUS02381,Ayman Nasser,Male,1996-08-02,1250669440,ayman.nasser15@hotmail.com,Aswan,Upper Egypt,Bronze,2020-06-26
CUS02727,Manar Ibrahim,Female,05/11/1997,1032669627,manar.ibrahim14@gmail.com,Cairo,Greater Cairo,Silver,2022-05-25
CUS01512,Noha Sayed,female,1979-07-20,1245822802,,Tanta,Nile Delta,Platinum,2020-01-14
CUS00387,Mona Bakr,Female,1989-09-23,1046702178,mona.bakr64@hotmail.com,Giza,Greater Cairo,Bronze,2023-01-26
CUS00199,Essam Mahmoud,male,24/12/1979,1247503167,,Suez,Canal Zone,Silver,2023-11-24
CUS01051,Ahmed Sayed,Male,11/09/1977,1184661566,ahmed.sayed87@gmail.com,Luxor,Upper Egypt,Silver,2020-07-06
CUS00591,Magdy Amin,Male,17/08/1981,1224919279,magdy.amin32@outlook.com,Cairo,Greater Cairo,Bronze,2020-01-24
CUS00520,Ali Farouk,Male,1977-11-02,1078010697,ali.farouk8@hotmail.com,Cairo,Greater Cairo,Gold,2022-01-22
CUS02058,Suzy Shaaban,Female,1999-11-20,1016750807,suzy.shaaban56@outlook.com,Giza,Greater Cairo,Silver,2023-10-10
CUS02078,Magdy Amin,Male,06/09/1978,1213462647,magdy.amin47@gmail.com,Giza,Greater Cairo,Gold,2020-03-03
CUS00430,Mona Salem,Female,17/07/1981,1190478491,mona.salem80@hotmail.com,Cairo,Greater Cairo,Gold,2022-02-09
CUS01084,Essam Badawi,Male,1994-03-19,1189034153,essam.badawi18@hotmail.com,Luxor,Upper Egypt,Bronze,2023-11-26
CUS00208,Hana Mostafa,Female,1977-02-28,1227435856,hana.mostafa24@gmail.com,Mansoura,Nile Delta,Bronze,2021-05-10
CUS00492,Dalia Mohamed,Female,1971-07-03,1092571893,dalia.mohamed80@hotmail.com,Mansoura,Nile Delta,Bronze,2020-07-05
CUS01399,Radwa Mostafa,Female,2000-02-13,1191861257,radwa.mostafa38@gmail.com,Mansoura,Nile Delta,Bronze,2023-09-28
CUS02960,Hana Sayed,Female,06/06/1981,1158607023,hana.sayed13@gmail.com,Hurghada,Red Sea,Bronze,2020-08-12
CUS00793,Samir Saad,Male,1981-07-25,1073516387,samir.saad83@yahoo.com,Alexandria,Alexandria,Gold,2023-04-23
CUS02534,Radwa Gamal,Female,07/08/1989,1167005667,radwa.gamal76@hotmail.com,Cairo,Greater Cairo,Bronze,2021-07-21
CUS01187,Nadia Mansour,Female,1970-02-28,1031813769,nadia.mansour77@gmail.com,Tanta,Nile Delta,Silver,2020-10-23
CUS01186,Youssef Mansour,Male,1981-06-01,1081576118,youssef.mansour22@hotmail.com,Port Said,Canal Zone,Bronze,2023-03-18
CUS02788,Tamer Ibrahim,MALE,1999-03-13,1124276448,,Cairo,Greater Cairo,Silver,2022-08-17
CUS01406,Tamer Mohamed,Male,1995-11-02,1050828255,,Alexandria,Alexandria,Bronze,2020-09-25
CUS02912,Reham Mansour,FEMALE,2000-03-09,1197436298,reham.mansour75@gmail.com,Cairo,Greater Cairo,Gold,2022-03-27
CUS00084,Salma Hassan,Female,1991-06-27,1249189370,salma.hassan64@yahoo.com,Cairo,Greater Cairo,Silver,2023-02-09
CUS02407,Samah Ahmed,Female,1993-09-01,1086171554,samah.ahmed6@yahoo.com,Giza,Greater Cairo,Silver,2023-08-24
CUS02274,Ibrahim Badawi,Male,1984-07-11,1258898265,ibrahim.badawi36@hotmail.com,Mansoura,Nile Delta,Bronze,2021-05-14
CUS00021,Mariam Salem,Female,1974-09-19,1091915661,mariam.salem20@outlook.com,Mansoura,Nile Delta,Gold,2023-04-03
CUS02964,Zeinab Gouda,female,1988-03-22,1273366381,zeinab.gouda18@gmail.com,Ismailia,Canal Zone,Bronze,2023-12-12
CUS01755,Aisha Ismail,female,1994-04-02,1163544468,aisha.ismail52@outlook.com,Ismailia,Canal Zone,Bronze,2023-11-20
CUS02020,Mahmoud Mohamed,MALE,2001-05-13,1047312054,mahmoud.mohamed36@gmail.com,Mansoura,Nile Delta,Bronze,2023-05-10
CUS02738,Nadia Gamal,Female,1987-02-17,1036749817,nadia.gamal97@hotmail.com,Alexandria,Alexandria,Bronze,2021-06-01
CUS02019,Wael Shaaban,Male,07/11/1991,1088961202,wael.shaaban87@outlook.com,Cairo,Greater Cairo,Bronze,2023-01-24
CUS00974,Youssef Ramadan,MALE,1989-03-13,1040996935,youssef.ramadan2@yahoo.com,Cairo,Greater Cairo,Silver,2023-06-12
CUS02837,Fady Mahmoud,Male,21/06/1983,1137079325,,Sharm El Sheikh,South Sinai,Silver,2023-02-20
CUS00884,Ashraf Gouda,Male,1975-04-22,1277090777,,Cairo,Greater Cairo,Bronze,2021-12-05
CUS01099,Tamer Fathy,Male,1996-04-14,1078331604,tamer.fathy15@yahoo.com,Hurghada,Red Sea,Silver,2022-04-01
CUS00157,Karim Fathy,Male,1995-11-19,1085318641,,Tanta,Nile Delta,Gold,2023-06-22
CUS02314,Nader Sayed,Male,1979-07-21,1042844981,,Tanta,Nile Delta,Bronze,2022-01-03
CUS00887,Sherif Hassan,male,1981-08-21,1250461969,sherif.hassan13@gmail.com,Mansoura,Nile Delta,Silver,2022-01-26
CUS02655,Essam Ali,Male,1970-03-12,1086793020,essam.ali40@hotmail.com,Hurghada,Red Sea,Gold,2023-01-20
CUS01666,Aisha Hamdy,Female,1975-01-17,1093006072,aisha.hamdy55@yahoo.com,Luxor,Upper Egypt,Bronze,2021-12-02
CUS02666,Akram Gouda,male,1999-07-10,1252465147,,Giza,Greater Cairo,Bronze,2023-11-11
CUS01567,Dina Salem,Female,1985-04-03,1254348094,dina.salem75@gmail.com,Mansoura,Nile Delta,Silver,2021-06-26
CUS02577,Mohamed Ismail,male,10/04/1996,1269715139,mohamed.ismail73@yahoo.com,Ismailia,Canal Zone,Gold,2023-10-02
CUS01905,Aisha Hafez,Female,1996-06-21,1041599206,,Zagazig,Nile Delta,Platinum,2020-11-09
CUS02219,Akram Rizk,Male,03/04/1991,1070980810,akram.rizk43@gmail.com,Luxor,Upper Egypt,Bronze,2020-10-16
CUS02693,Amr Ismail,Male,1970-01-16,1085102704,amr.ismail39@hotmail.com,Cairo,Greater Cairo,Bronze,2023-11-15
CUS00459,Fady Barakat,Male,1980-07-08,1026955763,fady.barakat81@hotmail.com,Cairo,Greater Cairo,Bronze,2021-06-07
CUS01974,Fady Amin,Male,1995-12-05,1058546163,fady.amin75@yahoo.com,Alexandria,Alexandria,Silver,2023-02-22
CUS00079,Engy Mansour,Female,20/06/1994,1027536261,engy.mansour9@hotmail.com,Giza,Greater Cairo,Gold,2022-01-23
CUS02962,Maged Ibrahim,Male,1984-06-22,1238957666,maged.ibrahim8@hotmail.com,Giza,Greater Cairo,Silver,2022-09-25
CUS01057,Youssef Ahmed,Male,1973-08-13,1268008304,youssef.ahmed30@yahoo.com,Hurghada,Red Sea,Gold,2021-09-20
CUS00907,Engy Wahba,female,1993-08-01,1233162629,engy.wahba41@outlook.com,Aswan,Upper Egypt,Bronze,2020-03-27
CUS01740,Fady Lotfy,Male,1993-10-14,1293348528,fady.lotfy46@outlook.com,Giza,Greater Cairo,Silver,2022-10-11
CUS02250,Mariam Lotfy,Female,1991-09-28,1153308149,mariam.lotfy76@outlook.com,Cairo,Greater Cairo,Bronze,2020-05-01
CUS02741,Hoda Saad,female,1975-06-25,1068324003,hoda.saad9@hotmail.com,Giza,Greater Cairo,Silver,2021-12-09
CUS00381,Mona Bakr,Female,1998-04-20,1163709262,mona.bakr61@gmail.com,Cairo,Greater Cairo,Bronze,2023-05-20
CUS00948,Fatima Hamdy,Female,26/02/1978,1158480371,fatima.hamdy59@hotmail.com,Suez,Canal Zone,Bronze,2020-11-24
CUS01789,Nour Hassan,female,1989-03-21,1043686408,,Cairo,Greater Cairo,Gold,2021-04-08
CUS02996,Hoda Younis,female,1979-11-20,1023226639,hoda.younis70@yahoo.com,Luxor,Upper Egypt,Gold,2020-12-11
CUS00716,Hany Hafez,Male,2001-02-11,1260106447,hany.hafez74@hotmail.com,Port Said,Canal Zone,Platinum,2023-12-25
CUS02374,Ashraf Wahba,Male,09/05/1986,1189686990,ashraf.wahba98@yahoo.com,Giza,Greater Cairo,Bronze,2022-11-10
CUS00687,Fatima Rizk,Female,1988-03-03,1018426588,fatima.rizk56@gmail.com,Alexandria,Alexandria,Silver,2023-01-24
CUS02609,Nadia Gouda,Female,2001-04-20,1015561083,nadia.gouda35@gmail.com,Tanta,Nile Delta,Bronze,2023-04-21
CUS01294,Hossam Bakr,Male,20/09/1999,1179600535,hossam.bakr46@outlook.com,Tanta,Nile Delta,Bronze,2020-08-15
CUS00306,Sara Mahmoud,Female,1991-06-13,1068260195,sara.mahmoud74@gmail.com,Ismailia,Canal Zone,Gold,2022-07-13
CUS00210,Karim Shaaban,Male,1981-11-16,1029310253,,Cairo,Greater Cairo,Bronze,2023-12-09
CUS01555,Ghada Zaki,Female,1995-06-15,1194446701,ghada.zaki48@hotmail.com,Cairo,Greater Cairo,Bronze,2022-05-03
CUS02257,Neveen Ismail,Female,21/12/2000,1294691154,neveen.ismail81@yahoo.com,Alexandria,Alexandria,Silver,2022-10-24
CUS01611,Radwa Mostafa,Female,28/03/1996,1099874179,radwa.mostafa31@hotmail.com,Suez,Canal Zone,Silver,2021-01-28
CUS00886,Mahmoud Badawi,Male,1978-12-11,1281022010,mahmoud.badawi94@yahoo.com,Cairo,Greater Cairo,Bronze,2020-05-19
CUS01707,Tarek Badawi,Male,1994-08-23,1096988751,tarek.badawi9@gmail.com,Mansoura,Nile Delta,Bronze,2020-10-01
CUS00918,Hassan Badawi,Male,17/07/1987,1040396847,hassan.badawi34@outlook.com,Port Said,Canal Zone,Bronze,2021-12-19
CUS01742,Youssef Bakr,Male,28/12/1978,1259254308,youssef.bakr68@yahoo.com,Zagazig,Nile Delta,Bronze,2020-07-21
CUS01736,Sara Khalil,Female,1988-09-20,1157278097,,Suez,Canal Zone,Silver,2023-03-08
CUS00192,Radwa Ramadan,female,23/09/1991,1033231136,radwa.ramadan63@gmail.com,Suez,Canal Zone,Bronze,2023-06-18
CUS02479,Yasmin Gamal,Female,1975-11-04,1035701522,yasmin.gamal62@hotmail.com,Cairo,Greater Cairo,Gold,2020-05-09
CUS02074,Karim Wahba,Male,1995-05-25,1068023698,,Luxor,Upper Egypt,Silver,2022-02-16
CUS01266,Ola Shaaban,Female,1986-07-24,1047946640,ola.shaaban27@gmail.com,Cairo,Greater Cairo,Silver,2021-10-23
CUS00484,Nader Badawi,Male,2001-12-12,1244539524,nader.badawi39@hotmail.com,Mansoura,Nile Delta,Silver,2023-02-09
CUS00916,Osama Mostafa,Male,1976-07-11,1214236689,osama.mostafa54@outlook.com,Giza,Greater Cairo,Silver,2020-08-25
CUS02643,Rania Barakat,Female,2002-01-01,1243209344,rania.barakat70@outlook.com,Hurghada,Red Sea,Silver,2023-11-06
CUS00278,Dina Attia,Female,1982-05-23,1016681756,,Mansoura,Nile Delta,Bronze,2022-03-19
CUS00989,Zeinab Salem,Female,1985-12-10,1221359569,zeinab.salem72@hotmail.com,Cairo,Greater Cairo,Platinum,2021-03-24
CUS02944,Maged Mostafa,MALE,1985-12-27,1270425259,maged.mostafa75@yahoo.com,Tanta,Nile Delta,Bronze,2021-09-28
CUS02216,Magdy Lotfy,Male,1988-06-11,1127902376,,Giza,Greater Cairo,Platinum,2022-11-12
CUS02627,Hossam Salem,Male,19/12/1991,1120106846,hossam.salem91@hotmail.com,Cairo,Greater Cairo,Silver,2021-04-26
CUS00572,Walid Nasser,male,2000-11-13,1142580280,walid.nasser18@outlook.com,Hurghada,Red Sea,Silver,2022-05-27
CUS01436,Hany Mahmoud,Male,1997-04-01,1093009162,hany.mahmoud8@hotmail.com,Cairo,Greater Cairo,Bronze,2022-01-23
CUS00994,Tarek Lotfy,Male,1995-05-28,1134390563,tarek.lotfy36@yahoo.com,Alexandria,Alexandria,Silver,2021-06-25
CUS02356,Adel Saad,Male,1985-09-01,1069627953,adel.saad30@gmail.com,Cairo,Greater Cairo,Bronze,2020-04-26
CUS01685,Sara Lotfy,Female,10/09/2000,1051148878,sara.lotfy57@gmail.com,Cairo,Greater Cairo,Bronze,2023-08-13
CUS00586,Mohamed Younis,Male,2001-04-13,1227676124,mohamed.younis28@gmail.com,Cairo,Greater Cairo,Bronze,2022-03-28
CUS02064,Wael Mohamed,Male,1977-07-19,1235583776,wael.mohamed27@outlook.com,Giza,Greater Cairo,Bronze,2023-10-26
CUS02265,Ahmed Bakr,Male,2003-01-04,1085431973,ahmed.bakr77@outlook.com,Mansoura,Nile Delta,Bronze,2022-05-16
CUS01350,Emad Mahmoud,Male,1972-12-25,1245967208,emad.mahmoud14@gmail.com,Cairo,Greater Cairo,Bronze,2021-06-22
CUS01008,Ghada Nasser,Female,1993-11-02,1142513327,ghada.nasser32@gmail.com,Aswan,Upper Egypt,Bronze,2020-09-02
CUS00675,Nour Hafez,Female,1975-06-12,1030213583,nour.hafez41@outlook.com,Giza,Greater Cairo,Bronze,2023-06-23
CUS02713,Maged Salem,Male,1987-04-01,1267185737,maged.salem59@outlook.com,Giza,Greater Cairo,Bronze,2020-01-16
CUS00856,Magdy Lotfy,Male,2000-04-18,1235066642,magdy.lotfy79@gmail.com,Cairo,Greater Cairo,Silver,2023-08-20
CUS00448,Heba Mahmoud,Female,1981-12-04,1168131630,heba.mahmoud63@yahoo.com,Zagazig,Nile Delta,Bronze,2023-02-09
CUS01488,Wael Barakat,Male,1988-10-08,1264653981,wael.barakat66@hotmail.com,Tanta,Nile Delta,Gold,2021-01-24
CUS01743,Noha Mahmoud,female,1989-06-16,1149708520,noha.mahmoud86@yahoo.com,Hurghada,Red Sea,Silver,2023-11-13
CUS01691,Zeinab Bakr,FEMALE,1971-08-24,1123873812,zeinab.bakr84@yahoo.com,Cairo,Greater Cairo,Bronze,2020-06-13
CUS02296,Mohamed Farouk,Male,1988-07-20,1034244164,mohamed.farouk34@outlook.com,Cairo,Greater Cairo,Bronze,2023-03-12
CUS02720,Ahmed Mansour,Male,1972-08-13,1088015533,ahmed.mansour40@yahoo.com,Cairo,Greater Cairo,Bronze,2023-08-17
CUS02423,Essam Hassan,Male,1978-08-21,1287436900,essam.hassan25@gmail.com,Zagazig,Nile Delta,Silver,2020-06-21
CUS02700,Tarek Khalil,Male,1995-05-19,1147812528,tarek.khalil86@outlook.com,Hurghada,Red Sea,Silver,2022-05-06
CUS02716,Manar Ahmed,female,1996-10-14,1021735402,manar.ahmed80@gmail.com,Giza,Greater Cairo,Silver,2021-11-21
CUS01248,Noha Shaaban,female,20/01/1972,1281597931,noha.shaaban64@hotmail.com,Cairo,Greater Cairo,Bronze,2022-05-26
CUS00295,Walid Zaki,male,05/03/1975,1035609022,walid.zaki27@outlook.com,Cairo,Greater Cairo,Bronze,2021-11-08
CUS00589,Hany Abdallah,Male,2002-02-20,1264864887,hany.abdallah61@gmail.com,Cairo,Greater Cairo,Silver,2022-01-24
CUS01282,Adel Salem,Male,1972-04-04,1269058283,adel.salem79@hotmail.com,Tanta,Nile Delta,Bronze,2020-11-10
CUS02246,Mohamed Sayed,male,1986-03-17,1199631252,,Alexandria,Alexandria,Bronze,2023-06-19
CUS01903,Hana Ragab,Female,1984-03-15,1059344483,hana.ragab33@hotmail.com,Hurghada,Red Sea,Bronze,2021-01-02
CUS02212,Essam Abdallah,Male,1991-07-02,1161532911,essam.abdallah6@yahoo.com,Hurghada,Red Sea,Bronze,2023-10-01
CUS01495,Ola Ismail,Female,1989-02-03,1173241319,ola.ismail8@gmail.com,Mansoura,Nile Delta,Bronze,2020-10-28
CUS02290,Radwa Mahmoud,Female,1984-11-10,1046975988,,Cairo,Greater Cairo,Bronze,2022-06-18
CUS01418,Manar Gamal,Female,1975-09-18,1120774838,manar.gamal8@hotmail.com,Cairo,Greater Cairo,Silver,2020-01-23
CUS00426,Walid Sayed,Male,2003-03-24,1090972685,,Alexandria,Alexandria,Silver,2020-03-08
CUS00535,Mahmoud Hassan,Male,1985-03-19,1139556025,mahmoud.hassan94@outlook.com,Hurghada,Red Sea,Silver,2022-03-07
CUS01055,Mohamed Ahmed,Male,1984-07-14,1112810085,,Sharm El Sheikh,South Sinai,Bronze,2022-04-24
CUS02846,Bassem Gouda,Male,1991-05-12,1166125192,,Giza,Greater Cairo,Silver,2021-06-22
CUS02546,Maged Khalil,Male,1994-03-24,1140411139,maged.khalil30@outlook.com,Alexandria,Alexandria,Gold,2020-04-22
CUS02222,Osama Amin,Male,1998-05-18,1296957204,osama.amin52@gmail.com,Alexandria,Alexandria,Bronze,2023-10-08
CUS00133,Samah Zaki,female,24/04/1984,1169479985,,Cairo,Greater Cairo,Bronze,2022-06-28
CUS01916,Mahmoud Zaki,male,1974-11-03,1150907084,,Zagazig,Nile Delta,Bronze,2021-04-10
CUS02593,Emad Mostafa,Male,1990-11-15,1178991841,emad.mostafa54@gmail.com,Alexandria,Alexandria,Gold,2021-08-15
CUS00422,Eman Abdallah,female,1987-01-21,1038182016,eman.abdallah48@hotmail.com,Hurghada,Red Sea,Bronze,2020-12-18
CUS02703,Karim Ibrahim,MALE,1988-10-06,1048014388,karim.ibrahim8@hotmail.com,Cairo,Greater Cairo,Bronze,2020-03-03
CUS02731,Maged Zaki,MALE,1998-07-25,1024050955,maged.zaki3@gmail.com,Zagazig,Nile Delta,Bronze,2021-05-19
CUS02145,Reham Ismail,Female,1979-04-19,1297398934,reham.ismail76@yahoo.com,Alexandria,Alexandria,Silver,2023-01-04
CUS01369,Samir Amin,Male,1998-01-26,1225873894,samir.amin90@gmail.com,Cairo,Greater Cairo,Platinum,2020-11-15
CUS00557,Ayman Gamal,Male,1981-01-28,1172555645,ayman.gamal25@outlook.com,Cairo,Greater Cairo,Platinum,2022-03-24
CUS02079,Ayman Ismail,Male,1994-09-01,1092939975,,Ismailia,Canal Zone,Silver,2022-02-03
CUS02528,Neveen Hamdy,Female,2002-12-22,1248984039,,Port Said,Canal Zone,Bronze,2020-11-20
CUS02724,Suzy Younis,FEMALE,1982-10-05,1110139463,,Giza,Greater Cairo,Silver,2020-04-16
CUS00571,Adel Mahmoud,MALE,1981-04-28,1068592599,adel.mahmoud48@gmail.com,Alexandria,Alexandria,Bronze,2023-03-12
CUS00353,Omar Lotfy,Male,1983-03-28,1051574904,omar.lotfy40@yahoo.com,Mansoura,Nile Delta,Bronze,2023-05-07
CUS00092,Omar Mansour,Male,1981-12-17,1060626689,omar.mansour33@gmail.com,Tanta,Nile Delta,Gold,2022-08-23
CUS02158,Wael Khalil,MALE,1983-11-20,1270091423,wael.khalil22@gmail.com,Giza,Greater Cairo,Gold,2023-02-12
CUS02576,Youssef Zaki,Male,13/10/1997,1116734912,youssef.zaki15@outlook.com,Mansoura,Nile Delta,Bronze,2022-09-18
CUS01171,Neveen Mohamed,Female,1998-12-01,1283300539,neveen.mohamed47@outlook.com,Mansoura,Nile Delta,Silver,2020-03-02
CUS01559,Ashraf Gouda,Male,1997-02-18,1072415552,ashraf.gouda84@outlook.com,Aswan,Upper Egypt,Bronze,2020-11-14
CUS01286,Hazem Salem,Male,1988-03-13,1155618691,hazem.salem54@yahoo.com,Alexandria,Alexandria,Silver,2021-03-15
CUS01779,Rana Khalil,Female,1995-08-19,1218107128,,Cairo,Greater Cairo,Gold,2023-06-24
CUS01537,Mohamed Gouda,Male,1991-02-22,1286439410,mohamed.gouda48@gmail.com,Cairo,Greater Cairo,Silver,2021-10-22
CUS01899,Fatima Lotfy,Female,1987-10-13,1166143204,fatima.lotfy85@yahoo.com,Giza,Greater Cairo,Silver,2021-10-26
CUS00698,Ashraf Mahmoud,Male,1993-08-25,1069953058,ashraf.mahmoud14@hotmail.com,Alexandria,Alexandria,Silver,2023-05-07
CUS02548,Hazem Badawi,Male,18/12/1994,1096025578,hazem.badawi81@gmail.com,Giza,Greater Cairo,Bronze,2020-08-26
CUS00349,Radwa Ragab,Female,1983-08-15,1214040500,radwa.ragab2@outlook.com,Giza,Greater Cairo,Bronze,2022-06-08
CUS02375,Salma Mansour,Female,2002-02-28,1042491270,salma.mansour88@hotmail.com,Tanta,Nile Delta,Gold,2023-12-20
CUS02384,Amr Hassan,Male,1991-01-19,1138966370,amr.hassan61@yahoo.com,Giza,Greater Cairo,Silver,2021-08-13
CUS02470,Amira Ramadan,Female,1982-07-19,1079682994,amira.ramadan76@yahoo.com,Alexandria,Alexandria,Gold,2022-08-23
CUS02204,Hussein Saad,Male,1989-01-01,1046470794,hussein.saad16@gmail.com,Cairo,Greater Cairo,Bronze,2023-05-25
CUS01138,Dina Mostafa,Female,1976-11-23,1276177073,dina.mostafa32@gmail.com,Alexandria,Alexandria,Bronze,2023-04-10
CUS02310,Sherif Farouk,Male,04/04/1982,1252801767,,Giza,Greater Cairo,Bronze,2020-02-13
CUS01733,Mariam Khalil,female,1992-08-01,1131906615,mariam.khalil44@hotmail.com,Alexandria,Alexandria,Silver,2022-07-17
CUS02884,Emad Khalil,Male,1975-01-23,1131865358,,Cairo,Greater Cairo,Gold,2021-09-21
CUS02868,Suzy Salem,Female,1970-08-09,1059182457,suzy.salem60@gmail.com,Zagazig,Nile Delta,Bronze,2021-11-05
CUS01340,Adel Mohamed,Male,1978-05-15,1210578224,adel.mohamed38@gmail.com,Cairo,Greater Cairo,Silver,2020-03-27
CUS02531,Reham Younis,Female,1982-12-20,1267885778,reham.younis98@outlook.com,Tanta,Nile Delta,Gold,2021-01-05
CUS00454,Tarek Mohamed,Male,1989-05-17,1076992183,tarek.mohamed70@outlook.com,Suez,Canal Zone,Bronze,2022-02-06
CUS00914,Omar Mahmoud,Male,1989-02-07,1088718420,omar.mahmoud77@yahoo.com,Giza,Greater Cairo,Bronze,2021-12-14
CUS01200,Ola Ragab,Female,1986-07-28,1127632666,ola.ragab9@hotmail.com,Cairo,Greater Cairo,Silver,2022-12-03
CUS01275,Bassem Barakat,Male,1998-06-17,1181263504,,Alexandria,Alexandria,Bronze,2023-06-09
CUS02393,Essam Amin,MALE,18/11/1989,1253554139,essam.amin58@outlook.com,Giza,Greater Cairo,Bronze,2021-11-26
CUS00038,Manar Fathy,Female,1971-07-22,1133193791,manar.fathy20@gmail.com,Cairo,Greater Cairo,Bronze,2021-11-10
CUS00975,Maged Attia,male,20/12/1971,1010147286,maged.attia29@gmail.com,Cairo,Greater Cairo,Silver,2021-04-14
CUS02817,Radwa Hamdy,Female,1986-05-03,1215972535,radwa.hamdy22@outlook.com,Alexandria,Alexandria,Bronze,2023-01-11
CUS00984,Youssef Barakat,Male,1983-02-26,1045389275,youssef.barakat80@outlook.com,Cairo,Greater Cairo,Silver,2023-03-05
CUS01884,Hana Hamdy,Female,1991-09-17,1018321907,hana.hamdy43@hotmail.com,Hurghada,Red Sea,Bronze,2023-08-21
CUS02044,Heba Nasser,FEMALE,1986-04-21,1086422772,heba.nasser79@hotmail.com,Cairo,Greater Cairo,Bronze,2021-05-26
CUS01419,Amr Barakat,Male,1998-09-27,1156919936,amr.barakat19@yahoo.com,Giza,Greater Cairo,Silver,2020-02-04
CUS01285,Engy Ismail,Female,13/07/1970,1089236172,,Giza,Greater Cairo,Silver,2020-09-26
CUS00040,Ola Wahba,FEMALE,09/07/1990,1013498112,ola.wahba8@outlook.com,Giza,Greater Cairo,Platinum,2022-10-08
CUS01487,Khaled Hafez,Male,1973-11-28,1082332254,khaled.hafez97@outlook.com,Giza,Greater Cairo,Bronze,2022-09-26
CUS02230,Emad Fathy,MALE,04/05/1994,1065461567,emad.fathy47@outlook.com,Giza,Greater Cairo,Bronze,2022-06-18
CUS00170,Wael Barakat,Male,1995-12-02,1261995659,wael.barakat51@hotmail.com,Alexandria,Alexandria,Bronze,2022-08-06
CUS01356,Hossam Hamdy,MALE,25/12/1989,1083112591,,Luxor,Upper Egypt,Silver,2023-10-14
CUS00738,Ali Ali,Male,04/05/1974,1281836366,ali.ali27@gmail.com,Aswan,Upper Egypt,Bronze,2020-01-04
CUS01624,Lobna Farouk,Female,1990-03-20,1193008473,lobna.farouk36@gmail.com,Port Said,Canal Zone,Platinum,2023-10-19
CUS02745,Ibrahim Younis,male,1992-02-07,1146580536,ibrahim.younis21@outlook.com,Mansoura,Nile Delta,Bronze,2022-11-25
CUS01979,Ashraf Rizk,Male,1987-03-14,1049237816,ashraf.rizk73@outlook.com,Luxor,Upper Egypt,Gold,2023-02-04
CUS00635,Maged Ramadan,male,23/12/1980,1149071710,maged.ramadan77@hotmail.com,Cairo,Greater Cairo,Gold,2021-11-16
CUS02692,Hassan Mohamed,Male,1991-04-25,1087753104,hassan.mohamed45@gmail.com,Alexandria,Alexandria,Gold,2021-06-26
CUS02000,Bassem Farouk,male,04/02/2002,1057005064,bassem.farouk92@yahoo.com,Giza,Greater Cairo,Silver,2020-08-25
CUS01291,Hussein Mansour,Male,1977-11-26,1290883259,hussein.mansour70@gmail.com,Giza,Greater Cairo,Silver,2021-10-21
CUS01381,Khaled Hamdy,male,1977-09-10,1297971567,khaled.hamdy18@gmail.com,Cairo,Greater Cairo,Silver,2022-08-18
CUS00580,Maged Amin,male,2003-10-15,1020272507,maged.amin13@outlook.com,Cairo,Greater Cairo,Silver,2020-06-21
CUS00329,Hany Barakat,Male,1987-04-28,1213102778,hany.barakat72@outlook.com,Giza,Greater Cairo,Silver,2020-07-21
CUS01718,Samir Gouda,Male,1986-10-24,1247586447,samir.gouda59@gmail.com,Tanta,Nile Delta,Gold,2023-12-18
CUS00893,Manar Fathy,Female,1998-06-14,1193605083,manar.fathy48@hotmail.com,Aswan,Upper Egypt,Bronze,2023-03-08
CUS01928,Dalia Younis,Female,2003-11-20,1057205157,dalia.younis35@outlook.com,Alexandria,Alexandria,Silver,2023-04-12
CUS00781,Dalia Mahmoud,Female,1978-02-20,1285351481,dalia.mahmoud71@hotmail.com,Tanta,Nile Delta,Bronze,2020-10-26
CUS00160,Sherif Nasser,male,2003-05-18,1193623280,,Zagazig,Nile Delta,Bronze,2020-05-06
CUS01619,Tarek Ibrahim,Male,1991-08-04,1067040732,tarek.ibrahim47@outlook.com,Alexandria,Alexandria,Gold,2021-05-08
CUS01805,Nour Salem,Female,1985-01-17,1296560287,nour.salem82@yahoo.com,Giza,Greater Cairo,Silver,2022-04-10
CUS00062,Fatima Gouda,Female,06/11/1978,1211135982,fatima.gouda91@hotmail.com,Cairo,Greater Cairo,Bronze,2023-07-28
CUS00850,Reem Mostafa,Female,2002-03-18,1252740512,reem.mostafa95@gmail.com,Alexandria,Alexandria,Silver,2023-12-19
CUS02165,Sara Farouk,Female,1986-07-11,1218124524,sara.farouk32@hotmail.com,Alexandria,Alexandria,Silver,2022-07-07
CUS02940,Mariam Ragab,Female,1983-04-12,1040486924,mariam.ragab64@gmail.com,Cairo,Greater Cairo,Bronze,2021-03-01
CUS02742,Nader Ibrahim,Male,1998-09-06,1270344473,,Cairo,Greater Cairo,Gold,2023-02-09
CUS01044,Nader Hassan,Male,1987-08-01,1011385716,nader.hassan45@gmail.com,Mansoura,Nile Delta,Silver,2022-04-26
CUS02537,Mohamed Gamal,male,1989-02-16,1145688957,mohamed.gamal79@gmail.com,Zagazig,Nile Delta,Silver,2022-09-09
CUS01545,Adel Badawi,Male,01/05/1970,1123658263,adel.badawi92@gmail.com,Ismailia,Canal Zone,Silver,2022-12-16
CUS02017,Amr Ibrahim,Male,1979-04-01,1084164235,amr.ibrahim76@gmail.com,Giza,Greater Cairo,Silver,2022-04-05
CUS02634,Shaimaa Shaaban,FEMALE,1995-09-26,1125411407,,Cairo,Greater Cairo,Silver,2020-04-12
CUS01071,Osama Ismail,male,1998-09-22,1167981146,osama.ismail3@gmail.com,Giza,Greater Cairo,Gold,2023-03-14
CUS00054,Sherif Ismail,Male,1978-01-14,1068437492,sherif.ismail41@gmail.com,Suez,Canal Zone,Bronze,2020-07-18
CUS02482,Hoda Gouda,Female,1989-02-25,1055306853,hoda.gouda93@yahoo.com,Luxor,Upper Egypt,Silver,2021-04-02
CUS00259,Nader Mohamed,Male,1972-07-04,1170413482,,Alexandria,Alexandria,Bronze,2022-12-06
CUS00506,Lobna Ibrahim,female,1985-09-20,1251908052,,Cairo,Greater Cairo,Bronze,2023-05-21
CUS00753,Nadia Fathy,Female,1995-08-23,1159870894,,Mansoura,Nile Delta,Bronze,2021-11-04
CUS02055,Omar Younis,Male,1979-07-10,1017706466,,Aswan,Upper Egypt,Silver,2023-03-06
CUS00218,Ashraf Khalil,male,1993-09-06,1142701425,ashraf.khalil79@outlook.com,Zagazig,Nile Delta,Bronze,2021-01-16
CUS00825,Zeinab Hassan,female,1983-07-12,1256411493,,Alexandria,Alexandria,Silver,2020-09-21
CUS01591,Hany Salem,MALE,1998-01-27,1187222050,hany.salem21@gmail.com,Tanta,Nile Delta,Gold,2022-09-21
CUS01390,Mona Salem,Female,1999-11-04,1191377462,mona.salem14@outlook.com,Giza,Greater Cairo,Silver,2020-02-12
CUS02544,Ghada Hassan,Female,2001-02-19,1114698131,ghada.hassan40@hotmail.com,Mansoura,Nile Delta,Bronze,2022-01-28
CUS01267,Eman Ibrahim,Female,23/10/1986,1267344434,eman.ibrahim2@hotmail.com,Giza,Greater Cairo,Bronze,2021-03-27
CUS02539,Hussein Abdallah,Male,10/07/1973,1147282515,hussein.abdallah60@hotmail.com,Zagazig,Nile Delta,Gold,2023-03-11
CUS02790,Samir Ramadan,Male,1989-05-06,1047848920,samir.ramadan4@hotmail.com,Sharm El Sheikh,South Sinai,Bronze,2022-11-20
CUS00772,Amira Ramadan,Female,1972-08-24,1283433630,amira.ramadan3@outlook.com,Aswan,Upper Egypt,Gold,2020-08-27
CUS02850,Radwa Hamdy,FEMALE,1983-11-11,1254672766,radwa.hamdy7@outlook.com,Giza,Greater Cairo,Silver,2022-09-25
CUS02087,Walid Gamal,Male,1978-12-08,1220393927,walid.gamal20@outlook.com,Cairo,Greater Cairo,Bronze,2021-06-28
CUS02888,Tarek Lotfy,Male,1986-10-01,1112797652,tarek.lotfy2@yahoo.com,Giza,Greater Cairo,Bronze,2021-06-27
CUS01086,Ashraf Barakat,Male,1988-05-06,1249568600,ashraf.barakat80@outlook.com,Alexandria,Alexandria,Silver,2022-08-06
CUS01796,Dina Hassan,Female,1984-09-11,1051663806,,Cairo,Greater Cairo,Bronze,2022-10-25
CUS02210,Fatima Ragab,Female,1988-03-23,1131110322,fatima.ragab66@gmail.com,Suez,Canal Zone,Bronze,2023-12-14
CUS01326,Sherif Ragab,Male,1978-11-25,1284013597,sherif.ragab91@outlook.com,Giza,Greater Cairo,Bronze,2023-10-05
CUS02155,Mahmoud Ismail,MALE,1992-10-10,1211932801,,Cairo,Greater Cairo,Bronze,2021-06-19
CUS01629,Fady Younis,Male,1989-05-05,1029427697,fady.younis69@outlook.com,Cairo,Greater Cairo,Bronze,2021-12-03
CUS01946,Essam Khalil,MALE,11/12/1973,1050804570,essam.khalil83@gmail.com,Alexandria,Alexandria,Silver,2022-03-19
CUS01722,Tamer Saad,Male,2003-05-26,1174225466,tamer.saad16@gmail.com,Cairo,Greater Cairo,Gold,2022-07-18
CUS02802,Rania Nasser,Female,1991-05-21,1257231005,rania.nasser93@outlook.com,Suez,Canal Zone,Silver,2020-08-15
CUS02656,Hoda Fathy,Female,18/05/1980,1175014761,hoda.fathy88@yahoo.com,Giza,Greater Cairo,Silver,2022-08-05
CUS01757,Wael Mansour,Male,1983-05-07,1064522034,wael.mansour90@yahoo.com,Port Said,Canal Zone,Bronze,2021-04-15
CUS01792,Tarek Fathy,male,1984-08-20,1231118080,tarek.fathy58@yahoo.com,Zagazig,Nile Delta,Bronze,2023-09-17
CUS01164,Tamer Gouda,Male,1976-02-25,1072382863,tamer.gouda63@gmail.com,Zagazig,Nile Delta,Silver,2023-03-02
CUS00964,Fady Gamal,male,1973-01-06,1116814758,fady.gamal24@hotmail.com,Giza,Greater Cairo,Gold,2022-08-21
CUS02950,Ramy Attia,Male,1995-06-02,1218617490,ramy.attia3@hotmail.com,Port Said,Canal Zone,Silver,2023-12-20
CUS01738,Aisha Mostafa,Female,1985-12-17,1122229571,aisha.mostafa55@gmail.com,Cairo,Greater Cairo,Platinum,2022-09-25
CUS00399,Youssef Ragab,Male,1979-06-26,1160860721,youssef.ragab15@outlook.com,Zagazig,Nile Delta,Bronze,2020-06-21
CUS00585,Dina Fathy,Female,1992-02-07,1281080601,dina.fathy4@yahoo.com,Mansoura,Nile Delta,Silver,2021-10-12
CUS00949,Amr Ibrahim,male,1976-09-22,1284011120,amr.ibrahim18@outlook.com,Luxor,Upper Egypt,Bronze,2022-03-06
CUS00705,Karim Rizk,Male,1991-04-11,1162698234,karim.rizk84@outlook.com,Cairo,Greater Cairo,Bronze,2021-03-04
CUS00432,Hassan Bakr,Male,1978-03-25,1157326346,hassan.bakr82@hotmail.com,Hurghada,Red Sea,Bronze,2021-11-08
CUS00293,Ibrahim Attia,Male,1981-03-27,1116074522,ibrahim.attia59@outlook.com,Aswan,Upper Egypt,Gold,2022-06-28
CUS00146,Yasmin Younis,Female,1990-07-21,1124826245,yasmin.younis23@gmail.com,Cairo,Greater Cairo,Bronze,2021-02-16
CUS00324,Hassan Shaaban,MALE,1977-03-24,1247508257,hassan.shaaban88@hotmail.com,Cairo,Greater Cairo,Bronze,2022-12-15
CUS02899,Emad Rizk,male,1994-09-23,1253784964,emad.rizk68@hotmail.com,Giza,Greater Cairo,Silver,2022-06-09
CUS01166,Amr Ragab,Male,1970-02-09,1063354321,amr.ragab10@outlook.com,Aswan,Upper Egypt,Gold,2023-01-07
CUS01453,Khaled Shaaban,Male,1994-08-18,1013390260,khaled.shaaban68@outlook.com,Luxor,Upper Egypt,Silver,2022-01-06
CUS00003,Zeinab Ali,female,1993-12-26,1289701163,zeinab.ali46@yahoo.com,Zagazig,Nile Delta,Silver,2020-10-21
CUS00577,Tarek Mostafa,Male,18/07/1981,1120738641,tarek.mostafa26@outlook.com,Cairo,Greater Cairo,Bronze,2023-01-15
CUS02338,Lobna Ramadan,Female,1986-06-07,1023227092,lobna.ramadan2@outlook.com,Giza,Greater Cairo,Gold,2020-06-21
CUS00340,Tarek Ali,Male,1971-04-07,1133373562,tarek.ali32@yahoo.com,Cairo,Greater Cairo,Gold,2021-01-06
CUS01860,Engy Mahmoud,Female,1992-06-27,1242026149,engy.mahmoud5@yahoo.com,Zagazig,Nile Delta,Bronze,2022-01-25
CUS01660,Suzy Attia,Female,1984-12-15,1236248338,suzy.attia98@hotmail.com,Giza,Greater Cairo,Gold,2020-10-21
CUS00926,Khaled Bakr,Male,1974-07-01,1020611935,khaled.bakr65@hotmail.com,Cairo,Greater Cairo,Silver,2023-01-01
CUS00266,Adel Ramadan,Male,1990-04-14,1143724189,adel.ramadan3@yahoo.com,Zagazig,Nile Delta,Platinum,2023-04-22
CUS00377,Dina Younis,Female,1975-07-04,1118625158,dina.younis13@gmail.com,Aswan,Upper Egypt,Platinum,2020-05-25
CUS01942,Hassan Badawi,Male,10/11/1985,1047070243,hassan.badawi44@hotmail.com,Giza,Greater Cairo,Silver,2023-11-02
CUS01464,Rania Lotfy,FEMALE,1984-12-07,1126177844,rania.lotfy43@hotmail.com,Mansoura,Nile Delta,Silver,2020-01-10
CUS00272,Doha Ramadan,Female,08/11/2000,1129449696,,Aswan,Upper Egypt,Silver,2020-12-22
CUS00697,Karim Mostafa,Male,1988-12-02,1236164817,karim.mostafa90@gmail.com,Giza,Greater Cairo,Bronze,2022-05-07
CUS00245,Youssef Ahmed,Male,1987-06-14,1257779407,,Cairo,Greater Cairo,Silver,2021-11-06
CUS02861,Hussein Khalil,Male,22/07/1975,1068228128,,Luxor,Upper Egypt,Silver,2023-08-21
CUS00477,Khaled Farouk,Male,1993-07-15,1278915977,khaled.farouk88@hotmail.com,Cairo,Greater Cairo,Gold,2020-03-15
CUS01771,Lobna Bakr,Female,1981-04-11,1225776356,lobna.bakr55@hotmail.com,Giza,Greater Cairo,Silver,2023-12-03
CUS01799,Youssef Gamal,Male,1994-11-26,1137499569,youssef.gamal37@outlook.com,Cairo,Greater Cairo,Silver,2022-10-07
CUS01927,Fady Hamdy,Male,1994-12-26,1225041588,fady.hamdy16@yahoo.com,Alexandria,Alexandria,Gold,2022-07-08
CUS02928,Neveen Lotfy,female,1982-06-03,1275209469,neveen.lotfy73@yahoo.com,Ismailia,Canal Zone,Silver,2023-02-08
CUS02580,Walid Fathy,Male,1999-08-13,1191363583,walid.fathy17@yahoo.com,Mansoura,Nile Delta,Bronze,2022-10-13
CUS02831,Dalia Bakr,Female,1979-11-19,1163031529,dalia.bakr12@gmail.com,Alexandria,Alexandria,Bronze,2021-03-22
CUS02005,Dalia Badawi,Female,1984-02-05,1273932497,,Cairo,Greater Cairo,Bronze,2022-09-11
CUS01949,Akram Shaaban,Male,1995-06-20,1182982115,akram.shaaban77@gmail.com,Giza,Greater Cairo,Bronze,2021-11-13
CUS00251,Emad Gamal,Male,1992-03-28,1292269619,emad.gamal2@yahoo.com,Giza,Greater Cairo,Gold,2021-05-06
CUS00414,Tamer Ramadan,Male,1971-10-07,1016839113,tamer.ramadan29@hotmail.com,Alexandria,Alexandria,Silver,2023-08-02
CUS00546,Hany Badawi,male,1993-08-19,1096277647,,Giza,Greater Cairo,Gold,2021-04-28
CUS01194,Radwa Nasser,Female,10/10/1986,1093708333,radwa.nasser61@hotmail.com,Mansoura,Nile Delta,Silver,2022-02-17
CUS00739,Eman Younis,Female,08/04/1997,1092988418,eman.younis31@yahoo.com,Giza,Greater Cairo,Bronze,2020-09-19
CUS00311,Neveen Attia,female,23/03/1976,1165304811,neveen.attia58@gmail.com,Giza,Greater Cairo,Bronze,2022-11-17
CUS01765,Ashraf Ramadan,Male,1971-01-08,1021574000,ashraf.ramadan64@yahoo.com,Cairo,Greater Cairo,Silver,2021-09-13
CUS00894,Mariam Rizk,Female,1999-07-01,1015922169,mariam.rizk5@yahoo.com,Giza,Greater Cairo,Bronze,2020-12-26
CUS01132,Mahmoud Zaki,Male,15/03/1981,1139361875,,Alexandria,Alexandria,Bronze,2020-06-08
CUS01450,Osama Sayed,Male,1973-08-01,1125319598,osama.sayed84@hotmail.com,Tanta,Nile Delta,Bronze,2020-03-07
CUS02955,Ibrahim Younis,male,1982-09-24,1077948922,ibrahim.younis18@hotmail.com,Port Said,Canal Zone,Silver,2022-01-12
CUS00016,Samah Badawi,Female,26/11/1974,1064069715,samah.badawi63@hotmail.com,Cairo,Greater Cairo,Silver,2020-12-03
CUS02032,Osama Gamal,Male,1999-12-17,1052598189,osama.gamal84@outlook.com,Alexandria,Alexandria,Bronze,2020-11-08
CUS00722,Aisha Wahba,Female,17/02/1998,1072166964,aisha.wahba93@gmail.com,Cairo,Greater Cairo,Silver,2022-10-04
CUS01421,Zeinab Nasser,female,1977-11-18,1061598902,zeinab.nasser26@gmail.com,Giza,Greater Cairo,Bronze,2021-05-26
CUS02678,Sherif Ismail,Male,2003-01-15,1226881045,sherif.ismail39@hotmail.com,Cairo,Greater Cairo,Bronze,2023-06-01
CUS00982,Mariam Wahba,FEMALE,1975-07-11,1064647821,mariam.wahba45@yahoo.com,Hurghada,Red Sea,Bronze,2023-08-15
CUS01953,Engy Gouda,FEMALE,10/01/1994,1093091442,engy.gouda85@outlook.com,Alexandria,Alexandria,Gold,2023-12-13
CUS01540,Hossam Sayed,Male,26/07/1991,1233450700,hossam.sayed79@gmail.com,Alexandria,Alexandria,Bronze,2023-07-23
CUS02893,Ali Wahba,Male,1979-03-02,1147839392,ali.wahba15@outlook.com,Hurghada,Red Sea,Silver,2020-07-09
CUS01551,Salma Ramadan,Female,1995-11-08,1174395527,salma.ramadan9@hotmail.com,Port Said,Canal Zone,Silver,2020-04-23
CUS02461,Mariam Rizk,Female,1995-12-09,1274535451,mariam.rizk85@hotmail.com,Sharm El Sheikh,South Sinai,Bronze,2020-10-26
CUS00364,Hoda Ibrahim,Female,1991-01-20,1270251890,hoda.ibrahim2@yahoo.com,Alexandria,Alexandria,Gold,2020-10-25
CUS00983,Heba Farouk,Female,1978-02-22,1097477918,heba.farouk88@gmail.com,Cairo,Greater Cairo,Gold,2023-05-13
CUS00183,Rana Lotfy,Female,1981-10-04,1152211394,rana.lotfy48@outlook.com,Port Said,Canal Zone,Bronze,2022-04-17
CUS00986,Dina Wahba,Female,1995-06-12,1050694371,dina.wahba5@outlook.com,Alexandria,Alexandria,Silver,2023-07-07
CUS02060,Radwa Khalil,female,13/03/2000,1185908907,radwa.khalil42@outlook.com,Alexandria,Alexandria,Silver,2021-08-08
CUS01195,Hassan Fathy,MALE,1982-03-10,1234528574,hassan.fathy35@hotmail.com,Cairo,Greater Cairo,Bronze,2020-08-06
CUS01847,Emad Mahmoud,MALE,1977-09-22,1168115874,,Cairo,Greater Cairo,Bronze,2023-12-08
CUS01848,Hoda Mohamed,Female,23/09/1989,1240269419,,Cairo,Greater Cairo,Silver,2023-12-11
CUS01122,Aisha Mahmoud,FEMALE,1994-10-25,1294258614,aisha.mahmoud59@outlook.com,Port Said,Canal Zone,Silver,2020-07-01
CUS00188,Mohamed Gouda,MALE,1973-02-13,1021558774,mohamed.gouda89@outlook.com,Alexandria,Alexandria,Gold,2022-05-11
CUS00620,Shaimaa Farouk,Female,1975-11-21,1173265064,shaimaa.farouk6@yahoo.com,Zagazig,Nile Delta,Bronze,2021-03-19
CUS02689,Nader Mohamed,Male,1994-03-16,1213678434,nader.mohamed6@gmail.com,Alexandria,Alexandria,Bronze,2022-05-03
CUS01176,Emad Mahmoud,Male,02/10/1980,1154740105,emad.mahmoud79@yahoo.com,Alexandria,Alexandria,Bronze,2020-02-05
CUS01183,Ayman Fathy,Male,07/10/1994,1041471125,ayman.fathy13@hotmail.com,Mansoura,Nile Delta,Bronze,2020-03-11
CUS02422,Suzy Ali,Female,1994-05-19,1242880141,suzy.ali79@gmail.com,Cairo,Greater Cairo,Gold,2022-12-18
CUS00615,Hany Bakr,Male,1997-03-09,1088433683,hany.bakr99@hotmail.com,Luxor,Upper Egypt,Bronze,2021-04-25
CUS01514,Hassan Fathy,Male,1992-11-13,1097292994,hassan.fathy19@gmail.com,Cairo,Greater Cairo,Bronze,2021-11-09
CUS01467,Nadia Fathy,Female,1996-03-04,1234454088,nadia.fathy51@yahoo.com,Ismailia,Canal Zone,Bronze,2022-06-09
CUS00402,Yasmin Abdallah,Female,19/07/1979,1245885781,yasmin.abdallah32@outlook.com,Suez,Canal Zone,Platinum,2023-03-15
CUS00995,Eman Mansour,Female,1994-02-27,1117065104,eman.mansour32@yahoo.com,Giza,Greater Cairo,Silver,2023-02-10
CUS00935,Hana Hamdy,Female,1974-08-20,1239184664,hana.hamdy84@hotmail.com,Cairo,Greater Cairo,Bronze,2021-11-20
CUS00372,Ola Wahba,Female,2001-11-23,1117744982,ola.wahba5@hotmail.com,Cairo,Greater Cairo,Silver,2020-12-22
CUS02004,Ramy Gouda,Male,1985-02-01,1134362552,ramy.gouda29@gmail.com,Cairo,Greater Cairo,Silver,2022-01-16
CUS02761,Manar Gouda,FEMALE,2002-09-22,1068646016,manar.gouda86@hotmail.com,Cairo,Greater Cairo,Gold,2022-10-17
CUS00594,Wael Gouda,Male,1983-05-04,1196172555,wael.gouda97@hotmail.com,Giza,Greater Cairo,Bronze,2022-05-23
CUS01992,Bassem Rizk,male,1985-01-10,1147891233,bassem.rizk66@yahoo.com,Cairo,Greater Cairo,Bronze,2023-05-18
CUS00727,Tarek Rizk,male,2000-02-26,1234898755,tarek.rizk39@yahoo.com,Cairo,Greater Cairo,Bronze,2023-01-12
CUS00827,Magdy Saad,male,1991-06-14,1022378195,magdy.saad17@outlook.com,Giza,Greater Cairo,Bronze,2020-06-21
CUS01750,Tarek Khalil,Male,1982-02-27,1224454228,tarek.khalil86@yahoo.com,Cairo,Greater Cairo,Platinum,2021-06-13
CUS00688,Tarek Ibrahim,Male,1986-12-27,1170503600,tarek.ibrahim63@hotmail.com,Cairo,Greater Cairo,Bronze,2021-04-19
CUS02251,Amr Wahba,Male,1971-07-03,1287365941,amr.wahba91@outlook.com,Cairo,Greater Cairo,Bronze,2023-11-09
CUS00137,Eman Younis,female,1987-07-07,1034482277,eman.younis90@outlook.com,Alexandria,Alexandria,Bronze,2021-06-01
CUS02489,Magdy Ibrahim,male,16/05/1990,1189243428,magdy.ibrahim98@yahoo.com,Alexandria,Alexandria,Bronze,2023-08-28
CUS00629,Ramy Zaki,Male,18/07/1998,1077742871,ramy.zaki19@yahoo.com,Cairo,Greater Cairo,Silver,2020-04-24
CUS00335,Dalia Barakat,Female,1991-10-07,1023782772,dalia.barakat74@yahoo.com,Cairo,Greater Cairo,Bronze,2022-06-14
CUS00391,Ali Sayed,Male,1992-08-06,1025750026,ali.sayed81@outlook.com,Sharm El Sheikh,South Sinai,Bronze,2021-01-04
CUS02347,Ahmed Nasser,Male,2003-06-25,1126547218,ahmed.nasser34@gmail.com,Tanta,Nile Delta,Bronze,2021-05-26
CUS01110,Aisha Hassan,female,1991-08-16,1252008603,aisha.hassan73@gmail.com,Cairo,Greater Cairo,Silver,2020-08-07
CUS01814,Eman Gamal,female,02/03/1980,1245592724,eman.gamal87@gmail.com,Cairo,Greater Cairo,Silver,2023-08-12
CUS02744,Ghada Ramadan,Female,1978-08-17,1094003009,ghada.ramadan34@gmail.com,Cairo,Greater Cairo,Gold,2021-04-10
CUS00711,Zeinab Mansour,Female,1970-10-02,1218457091,zeinab.mansour26@hotmail.com,Hurghada,Red Sea,Platinum,2020-11-09
CUS01040,Sara Mansour,Female,1976-03-03,1016327866,sara.mansour45@outlook.com,Giza,Greater Cairo,Bronze,2020-11-03
CUS01964,Doha Abdallah,Female,1977-02-06,1152570341,doha.abdallah28@gmail.com,Giza,Greater Cairo,Gold,2020-05-20
CUS02070,Engy Hassan,Female,1978-08-05,1235014896,engy.hassan85@gmail.com,Giza,Greater Cairo,Silver,2021-05-21
CUS02639,Wael Bakr,male,2003-05-10,1211099806,wael.bakr57@outlook.com,Port Said,Canal Zone,Silver,2020-06-13
CUS01562,Nadia Ali,Female,01/11/2001,1050046248,nadia.ali77@outlook.com,Cairo,Greater Cairo,Bronze,2020-02-18
CUS02803,Neveen Hafez,Female,1983-01-01,1075086738,neveen.hafez23@hotmail.com,Port Said,Canal Zone,Bronze,2021-02-21
CUS01595,Youssef Lotfy,Male,1993-08-04,1164505900,youssef.lotfy87@gmail.com,Zagazig,Nile Delta,Bronze,2021-10-19
CUS02896,Hany Farouk,MALE,1985-06-17,1041224713,,Luxor,Upper Egypt,Platinum,2022-03-20
CUS02563,Eman Lotfy,Female,03/01/2001,1120396516,eman.lotfy57@gmail.com,Cairo,Greater Cairo,Bronze,2021-01-18
CUS01113,Tamer Farouk,male,1989-05-28,1034651384,tamer.farouk24@yahoo.com,Cairo,Greater Cairo,Platinum,2022-02-05
CUS00466,Rana Nasser,Female,2001-07-15,1190038028,rana.nasser55@yahoo.com,Giza,Greater Cairo,Gold,2022-06-21
CUS01561,Adel Hafez,Male,1995-05-20,1172715673,,Giza,Greater Cairo,Bronze,2021-10-22
CUS01224,Akram Mansour,male,1973-09-28,1191605547,akram.mansour25@gmail.com,Port Said,Canal Zone,Bronze,2021-03-13
CUS02035,Ibrahim Fathy,Male,14/04/1999,1185777907,,Mansoura,Nile Delta,Platinum,2020-03-21
CUS02799,Hossam Rizk,MALE,2002-10-09,1047068493,hossam.rizk50@outlook.com,Ismailia,Canal Zone,Silver,2020-05-10
CUS01509,Ali Sayed,MALE,1981-02-17,1130768534,,Mansoura,Nile Delta,Bronze,2023-02-07
CUS01105,Salma Mahmoud,female,1972-12-21,1170426196,,Sharm El Sheikh,South Sinai,Bronze,2020-12-23
CUS00661,Wael Hafez,Male,1981-07-27,1059899973,wael.hafez80@hotmail.com,Giza,Greater Cairo,Silver,2023-11-19
CUS00339,Sherif Amin,MALE,25/12/2000,1160454028,sherif.amin10@hotmail.com,Alexandria,Alexandria,Bronze,2020-09-04
CUS00216,Hoda Ali,female,1985-12-21,1011928065,hoda.ali59@yahoo.com,Cairo,Greater Cairo,Bronze,2020-02-04
CUS01616,Samah Gouda,Female,1981-09-02,1074312760,,Mansoura,Nile Delta,Gold,2020-11-22
CUS02118,Ayman Hassan,Male,1994-08-10,1224243671,ayman.hassan65@outlook.com,Mansoura,Nile Delta,Gold,2023-03-04
CUS02988,Dalia Younis,Female,21/02/1996,1217269346,dalia.younis29@hotmail.com,Alexandria,Alexandria,Gold,2020-01-18
CUS02852,Hany Mahmoud,male,1989-10-23,1045340693,hany.mahmoud5@outlook.com,Cairo,Greater Cairo,Bronze,2023-07-05
CUS01593,Ibrahim Zaki,MALE,1981-05-18,1141973862,ibrahim.zaki67@yahoo.com,Cairo,Greater Cairo,Silver,2020-03-10
CUS02368,Reem Ali,Female,1971-02-08,1194244568,reem.ali7@outlook.com,Alexandria,Alexandria,Bronze,2023-01-19
CUS02006,Rana Attia,Female,1993-10-21,1213597082,,Zagazig,Nile Delta,Bronze,2020-08-05
CUS02565,Dalia Ragab,Female,1971-12-14,1092036648,dalia.ragab53@gmail.com,Giza,Greater Cairo,Bronze,2023-06-25
CUS00817,Rana Barakat,Female,1989-07-10,1012779565,rana.barakat93@outlook.com,Alexandria,Alexandria,Platinum,2021-02-10
CUS01068,Walid Younis,Male,1973-01-27,1234043964,,Cairo,Greater Cairo,Gold,2021-01-18
CUS02065,Fatima Mahmoud,female,1980-03-26,1020305086,fatima.mahmoud1@yahoo.com,Cairo,Greater Cairo,Bronze,2021-10-04
CUS00275,Ghada Ramadan,Female,1976-03-23,1177959068,ghada.ramadan42@outlook.com,Alexandria,Alexandria,Silver,2020-01-21
CUS02282,Yasmin Ramadan,Female,2003-04-28,1259789130,,Giza,Greater Cairo,Bronze,2020-04-28
CUS00866,Akram Gouda,Male,1973-10-24,1074157929,akram.gouda72@hotmail.com,Alexandria,Alexandria,Gold,2023-03-05
CUS00102,Hossam Hafez,Male,22/03/1992,1241478466,hossam.hafez58@hotmail.com,Mansoura,Nile Delta,Bronze,2022-12-19
CUS01502,Tamer Ibrahim,Male,1986-01-12,1039028805,tamer.ibrahim40@outlook.com,Alexandria,Alexandria,Silver,2021-04-18
CUS02185,Ahmed Mostafa,male,1980-07-20,1132312966,,Mansoura,Nile Delta,Bronze,2021-12-05
CUS00172,Karim Attia,Male,1975-05-11,1297050454,karim.attia15@outlook.com,Cairo,Greater Cairo,Silver,2022-02-17
CUS00108,Ola Fathy,FEMALE,2000-10-01,1228652010,ola.fathy20@yahoo.com,Zagazig,Nile Delta,Silver,2021-06-20
CUS01941,Fady Younis,Male,1996-03-01,1026567920,fady.younis91@yahoo.com,Cairo,Greater Cairo,Silver,2021-11-08
CUS01522,Osama Barakat,Male,1990-12-08,1232614135,osama.barakat97@gmail.com,Port Said,Canal Zone,Silver,2022-08-26
CUS02874,Sherif Badawi,Male,1997-04-25,1184576894,sherif.badawi38@hotmail.com,Giza,Greater Cairo,Bronze,2023-05-16
CUS02038,Sherif Amin,MALE,1983-11-12,1080051422,sherif.amin31@gmail.com,Cairo,Greater Cairo,Bronze,2022-01-08
CUS02679,Fatima Hafez,Female,1996-11-27,1156574888,fatima.hafez96@gmail.com,Cairo,Greater Cairo,Gold,2023-06-18
CUS02481,Fatima Mansour,Female,1995-11-12,1170881409,fatima.mansour99@outlook.com,Cairo,Greater Cairo,Gold,2022-12-15
CUS02045,Omar Abdallah,Male,1972-04-15,1090599649,omar.abdallah90@hotmail.com,Luxor,Upper Egypt,Gold,2022-08-22
CUS02288,Engy Salem,Female,1983-06-16,1249186351,,Giza,Greater Cairo,Gold,2020-03-10
CUS02378,Hoda Ragab,Female,1986-10-16,1070769004,hoda.ragab15@gmail.com,Hurghada,Red Sea,Bronze,2023-02-14
CUS02619,Maged Gamal,Male,1991-05-15,1137155007,maged.gamal92@gmail.com,Aswan,Upper Egypt,Bronze,2023-04-17
CUS02277,Tamer Gouda,Male,1982-08-28,1143225726,tamer.gouda66@yahoo.com,Zagazig,Nile Delta,Bronze,2023-07-14
CUS00296,Amira Mahmoud,FEMALE,1989-08-05,1166623671,amira.mahmoud63@outlook.com,Alexandria,Alexandria,Bronze,2020-08-19
CUS00713,Rana Hamdy,Female,1993-12-18,1229554945,rana.hamdy48@outlook.com,Alexandria,Alexandria,Gold,2022-05-05
CUS00073,Osama Ahmed,male,1973-11-04,1212649695,osama.ahmed33@outlook.com,Cairo,Greater Cairo,Silver,2021-04-23
CUS02034,Ibrahim Mostafa,Male,1997-03-09,1190900715,ibrahim.mostafa26@outlook.com,Ismailia,Canal Zone,Silver,2022-03-14
CUS02307,Hazem Wahba,Male,1977-10-21,1161647453,hazem.wahba75@yahoo.com,Cairo,Greater Cairo,Silver,2022-05-20
CUS02887,Sherif Lotfy,Male,1990-06-19,1182221951,sherif.lotfy75@yahoo.com,Alexandria,Alexandria,Gold,2021-07-20
CUS02933,Nour Ibrahim,Female,2002-04-05,1194519537,nour.ibrahim70@gmail.com,Cairo,Greater Cairo,Silver,2023-02-01
CUS00482,Reem Khalil,Female,03/11/1990,1035144941,reem.khalil55@hotmail.com,Tanta,Nile Delta,Gold,2020-03-09
CUS02985,Nadia Ismail,Female,24/02/2000,1079762616,nadia.ismail36@gmail.com,Alexandria,Alexandria,Silver,2021-06-24
CUS01531,Essam Salem,Male,1981-05-05,1080373780,essam.salem85@yahoo.com,Giza,Greater Cairo,Silver,2023-07-14
CUS02597,Ali Farouk,Male,1987-12-14,1133289986,ali.farouk97@yahoo.com,Cairo,Greater Cairo,Bronze,2020-05-22
CUS01515,Dina Hassan,Female,19/06/1970,1028676706,dina.hassan46@outlook.com,Cairo,Greater Cairo,Silver,2021-03-18
CUS01763,Mohamed Ismail,Male,1994-02-03,1291546908,mohamed.ismail44@hotmail.com,Cairo,Greater Cairo,Bronze,2023-06-09
CUS01491,Manar Wahba,Female,1994-12-24,1242830348,manar.wahba29@hotmail.com,Cairo,Greater Cairo,Bronze,2023-11-14
CUS01172,Heba Khalil,Female,06/03/1972,1059848952,heba.khalil5@hotmail.com,Ismailia,Canal Zone,Gold,2022-09-19
CUS02491,Rania Amin,Female,1998-02-14,1117507685,rania.amin28@gmail.com,Giza,Greater Cairo,Silver,2022-10-14
CUS02024,Maged Mostafa,Male,1983-03-22,1210902071,maged.mostafa45@outlook.com,Cairo,Greater Cairo,Bronze,2023-08-03
CUS02109,Emad Ali,Male,1998-01-02,1245195672,emad.ali37@yahoo.com,Cairo,Greater Cairo,Bronze,2023-10-24
CUS02252,Dina Attia,Female,10/03/1977,1059425988,dina.attia95@gmail.com,Suez,Canal Zone,Silver,2021-03-12
CUS02309,Engy Wahba,Female,1983-03-02,1020152539,engy.wahba14@outlook.com,Cairo,Greater Cairo,Bronze,2023-10-01
CUS00406,Ali Ramadan,Male,06/07/2001,1125197944,ali.ramadan16@hotmail.com,Suez,Canal Zone,Bronze,2022-08-10
CUS00758,Tamer Ramadan,Male,1986-04-01,1031930027,,Alexandria,Alexandria,Bronze,2023-03-22
CUS02330,Akram Barakat,male,27/07/1977,1284334891,akram.barakat15@gmail.com,Cairo,Greater Cairo,Silver,2020-05-06
CUS02220,Karim Saad,male,1996-02-13,1160560759,karim.saad99@hotmail.com,Cairo,Greater Cairo,Bronze,2021-03-26
CUS01958,Ayman Mansour,Male,1975-11-07,1143480128,,Giza,Greater Cairo,Bronze,2023-11-01
CUS00098,Fady Mohamed,Male,1994-11-04,1210791740,fady.mohamed90@gmail.com,Giza,Greater Cairo,Bronze,2022-09-04
CUS01334,Ibrahim Ali,Male,1976-07-04,1056963366,ibrahim.ali32@hotmail.com,Sharm El Sheikh,South Sinai,Bronze,2020-02-07
CUS02427,Lobna Sayed,Female,23/01/1978,1076117451,lobna.sayed48@gmail.com,Cairo,Greater Cairo,Silver,2022-07-19
CUS00744,Mohamed Amin,Male,1974-08-23,1062193231,mohamed.amin58@outlook.com,Alexandria,Alexandria,Bronze,2020-07-09
CUS00807,Khaled Amin,MALE,1973-09-28,1282970220,khaled.amin69@gmail.com,Port Said,Canal Zone,Silver,2022-05-11
CUS02816,Hoda Ahmed,Female,10/02/1978,1261120267,hoda.ahmed40@outlook.com,Hurghada,Red Sea,Bronze,2023-02-02
CUS01978,Hussein Badawi,Male,16/11/1993,1212097035,,Giza,Greater Cairo,Bronze,2022-09-14
CUS02541,Ibrahim Hassan,male,1979-09-12,1254955799,ibrahim.hassan20@hotmail.com,Mansoura,Nile Delta,Bronze,2022-03-01
CUS01536,Dalia Hafez,Female,1990-09-05,1031302349,dalia.hafez51@outlook.com,Cairo,Greater Cairo,Bronze,2022-05-24
CUS02085,Reem Hamdy,Female,2002-08-06,1133004548,reem.hamdy44@outlook.com,Alexandria,Alexandria,Gold,2020-03-23
CUS02141,Omar Wahba,MALE,1992-03-26,1290449200,omar.wahba1@gmail.com,Aswan,Upper Egypt,Silver,2022-02-09
CUS00149,Hany Lotfy,Male,1982-04-17,1243388408,hany.lotfy96@gmail.com,Cairo,Greater Cairo,Silver,2022-11-15
CUS01851,Ola Farouk,Female,21/09/1971,1249967372,ola.farouk78@gmail.com,Giza,Greater Cairo,Bronze,2023-07-04
CUS02088,Adel Hassan,MALE,1994-11-06,1024007028,,Mansoura,Nile Delta,Bronze,2022-12-05
CUS01984,Mohamed Amin,Male,1987-04-25,1146347748,mohamed.amin88@outlook.com,Alexandria,Alexandria,Silver,2022-01-27
CUS01316,Hussein Ali,Male,1995-11-17,1166806940,,Mansoura,Nile Delta,Bronze,2020-03-28
CUS00693,Nader Hamdy,Male,1978-06-19,1118472493,nader.hamdy89@yahoo.com,Alexandria,Alexandria,Silver,2022-11-16
CUS00819,Amr Younis,Male,1982-12-01,1221355740,amr.younis66@gmail.com,Cairo,Greater Cairo,Bronze,2021-12-04
CUS01729,Dina Khalil,Female,1983-12-06,1037915295,dina.khalil17@outlook.com,Aswan,Upper Egypt,Bronze,2023-09-13
CUS01387,Ramy Barakat,Male,1973-09-02,1080319709,ramy.barakat37@hotmail.com,Hurghada,Red Sea,Bronze,2020-01-10
CUS02319,Maged Mansour,Male,1990-05-02,1049824417,maged.mansour38@outlook.com,Giza,Greater Cairo,Silver,2022-05-08
CUS02091,Dina Zaki,female,1981-11-25,1160810189,dina.zaki15@gmail.com,Hurghada,Red Sea,Bronze,2023-05-25
CUS01600,Engy Zaki,Female,1980-03-19,1295546549,engy.zaki79@outlook.com,Suez,Canal Zone,Silver,2023-12-16
CUS02399,Omar Mahmoud,Male,24/02/1971,1178606375,omar.mahmoud12@yahoo.com,Mansoura,Nile Delta,Bronze,2023-01-23
CUS02496,Yasmin Saad,Female,20/05/1970,1274373458,yasmin.saad62@yahoo.com,Alexandria,Alexandria,Bronze,2022-01-02
CUS00702,Hassan Nasser,Male,1998-03-04,1140520595,,Cairo,Greater Cairo,Bronze,2021-08-02
CUS01957,Essam Ali,Male,1987-03-21,1057282459,,Mansoura,Nile Delta,Bronze,2022-10-08
CUS02701,Salma Ali,Female,1999-11-24,1071767391,salma.ali14@yahoo.com,Alexandria,Alexandria,Silver,2022-05-17
CUS00922,Noha Ahmed,Female,1988-07-13,1246771858,noha.ahmed64@outlook.com,Alexandria,Alexandria,Bronze,2020-06-26
CUS01425,Ola Ramadan,Female,1980-07-27,1138968791,ola.ramadan20@gmail.com,Ismailia,Canal Zone,Silver,2023-08-12
CUS01709,Hoda Hamdy,Female,2000-05-21,1197772059,hoda.hamdy55@hotmail.com,Mansoura,Nile Delta,Bronze,2023-12-10
CUS00906,Reham Younis,Female,2002-01-27,1083365847,reham.younis98@gmail.com,Suez,Canal Zone,Silver,2023-06-17
CUS00455,Youssef Ramadan,Male,28/05/1994,1268719406,youssef.ramadan13@gmail.com,Cairo,Greater Cairo,Bronze,2020-02-21
CUS02117,Dina Nasser,Female,1993-11-24,1051785474,dina.nasser60@gmail.com,Giza,Greater Cairo,Bronze,2021-07-09
CUS02316,Ashraf Mahmoud,male,26/09/1995,1232006205,ashraf.mahmoud26@gmail.com,Cairo,Greater Cairo,Silver,2023-02-09
CUS02342,Tarek Salem,Male,1993-04-03,1274919405,,Cairo,Greater Cairo,Bronze,2021-08-01
CUS02336,Walid Ramadan,Male,1979-05-25,1229576374,walid.ramadan38@yahoo.com,Giza,Greater Cairo,Gold,2020-02-14
CUS00168,Hany Ali,Male,1996-01-09,1139870720,,Cairo,Greater Cairo,Silver,2023-10-16
CUS02385,Suzy Ahmed,female,1987-03-24,1267227618,suzy.ahmed79@gmail.com,Giza,Greater Cairo,Silver,2021-08-14
CUS01311,Doha Hassan,Female,1981-12-26,1156073599,doha.hassan35@hotmail.com,Cairo,Greater Cairo,Bronze,2022-09-13
CUS00027,Nadia Khalil,female,24/03/1993,1125845304,nadia.khalil9@hotmail.com,Cairo,Greater Cairo,Silver,2020-08-15
CUS02014,Wael Badawi,MALE,1990-04-15,1117030982,wael.badawi15@outlook.com,Cairo,Greater Cairo,Silver,2022-06-22
CUS01653,Khaled Abdallah,MALE,1974-09-18,1028751442,khaled.abdallah51@hotmail.com,Cairo,Greater Cairo,Bronze,2020-08-13
CUS01623,Reem Barakat,FEMALE,2002-08-05,1160668069,reem.barakat37@yahoo.com,Alexandria,Alexandria,Bronze,2021-11-02
CUS00588,Lobna Badawi,Female,1980-03-13,1110447935,lobna.badawi13@outlook.com,Cairo,Greater Cairo,Bronze,2023-07-14
CUS01402,Ibrahim Mahmoud,Male,24/01/1991,1222909427,ibrahim.mahmoud2@gmail.com,Cairo,Greater Cairo,Bronze,2020-03-13
CUS00998,Hossam Ahmed,Male,1977-08-07,1231958106,hossam.ahmed53@hotmail.com,Cairo,Greater Cairo,Bronze,2021-04-15
CUS01177,Karim Ibrahim,male,2000-08-10,1259888093,karim.ibrahim35@gmail.com,Hurghada,Red Sea,Silver,2021-08-11
CUS01701,Osama Hassan,Male,1998-01-26,1291335378,osama.hassan7@outlook.com,Ismailia,Canal Zone,Silver,2020-03-20
CUS01041,Hossam Younis,Male,1972-11-08,1230273667,hossam.younis46@yahoo.com,Alexandria,Alexandria,Bronze,2022-12-25
CUS00034,Magdy Saad,male,1984-02-07,1088478184,magdy.saad16@hotmail.com,Port Said,Canal Zone,Bronze,2021-08-10
CUS02293,Ramy Ibrahim,Male,1988-11-22,1044981801,ramy.ibrahim91@outlook.com,Cairo,Greater Cairo,Silver,2023-12-08
CUS02406,Reham Ragab,Female,1977-12-25,1155299771,reham.ragab64@gmail.com,Mansoura,Nile Delta,Silver,2020-05-18
CUS01380,Fatima Mansour,Female,10/04/1979,1171937331,fatima.mansour94@gmail.com,Alexandria,Alexandria,Silver,2022-06-16
CUS00042,Yasmin Ismail,female,2001-09-10,1075825262,,Alexandria,Alexandria,Gold,2023-01-11
CUS01870,Reem Fathy,Female,15/09/1996,1054891281,reem.fathy9@gmail.com,Zagazig,Nile Delta,Bronze,2023-11-12
CUS02650,Rana Ali,Female,1981-08-20,1292562530,rana.ali70@gmail.com,Giza,Greater Cairo,Platinum,2020-09-20
CUS02197,Maged Ali,Male,1987-10-20,1087299150,maged.ali50@hotmail.com,Alexandria,Alexandria,Silver,2023-08-08
CUS02124,Hossam Salem,male,1991-01-24,1077579774,hossam.salem60@outlook.com,Giza,Greater Cairo,Bronze,2020-11-16
CUS02195,Salma Farouk,female,1970-04-20,1142256463,salma.farouk6@hotmail.com,Cairo,Greater Cairo,Gold,2021-03-20
CUS00610,Zeinab Salem,Female,1979-10-10,1236842781,zeinab.salem85@hotmail.com,Tanta,Nile Delta,Bronze,2022-12-01
CUS01133,Sherif Zaki,Male,2001-03-09,1056938936,sherif.zaki22@yahoo.com,Cairo,Greater Cairo,Silver,2022-02-24
CUS00029,Tamer Mansour,Male,1972-09-26,1298007006,tamer.mansour35@gmail.com,Alexandria,Alexandria,Silver,2022-02-17
CUS00442,Yasmin Mohamed,Female,1994-08-19,1048939164,yasmin.mohamed92@yahoo.com,Ismailia,Canal Zone,Bronze,2021-11-21
CUS02026,Magdy Shaaban,Male,2001-11-15,1159988419,magdy.shaaban62@outlook.com,Cairo,Greater Cairo,Bronze,2020-09-12
CUS02196,Reem Younis,Female,1971-02-03,1193134632,reem.younis43@hotmail.com,Giza,Greater Cairo,Gold,2023-04-22
CUS00494,Ali Nasser,Male,2003-03-18,1276478665,ali.nasser81@hotmail.com,Cairo,Greater Cairo,Silver,2020-08-20
CUS01259,Rana Farouk,FEMALE,1991-11-05,1028342286,rana.farouk1@gmail.com,Cairo,Greater Cairo,Bronze,2023-10-07
CUS01302,Maged Nasser,Male,1989-05-26,1173208859,maged.nasser81@hotmail.com,Port Said,Canal Zone,Gold,2022-11-03
CUS02582,Eman Zaki,Female,1983-09-24,1228555229,eman.zaki16@yahoo.com,Suez,Canal Zone,Bronze,2023-07-16
CUS02403,Emad Amin,male,24/09/1991,1047144357,emad.amin4@gmail.com,Giza,Greater Cairo,Bronze,2022-06-02
CUS01383,Karim Ragab,male,05/11/1984,1267222186,karim.ragab20@gmail.com,Ismailia,Canal Zone,Silver,2020-12-22
CUS01305,Walid Younis,Male,1985-04-25,1030342394,walid.younis4@outlook.com,Tanta,Nile Delta,Gold,2021-02-18
CUS00237,Tamer Attia,Male,1990-03-01,1283302419,tamer.attia38@yahoo.com,Giza,Greater Cairo,Bronze,2023-06-23
CUS00552,Hussein Attia,male,1991-02-02,1272907057,hussein.attia45@gmail.com,Luxor,Upper Egypt,Gold,2021-05-10
CUS00521,Mona Amin,female,1992-02-03,1269567530,mona.amin88@outlook.com,Alexandria,Alexandria,Gold,2020-11-14
CUS02253,Tarek Salem,Male,1993-06-18,1160970288,tarek.salem98@gmail.com,Mansoura,Nile Delta,Bronze,2020-11-16
CUS01233,Zeinab Abdallah,female,1984-06-03,1073140855,,Cairo,Greater Cairo,Platinum,2023-11-02
CUS01139,Lobna Wahba,Female,2002-03-24,1080898513,,Alexandria,Alexandria,Gold,2023-07-09
CUS00721,Wael Sayed,Male,1999-07-24,1142397292,wael.sayed91@outlook.com,Port Said,Canal Zone,Bronze,2021-10-14
CUS00736,Essam Saad,Male,11/09/1999,1044188706,essam.saad51@gmail.com,Luxor,Upper Egypt,Gold,2020-04-26
CUS02698,Salma Abdallah,female,1996-11-03,1139615919,salma.abdallah99@yahoo.com,Giza,Greater Cairo,Bronze,2023-02-12
CUS01751,Hana Sayed,female,1998-03-08,1194025036,hana.sayed90@gmail.com,Alexandria,Alexandria,Gold,2023-02-01
CUS00059,Hazem Shaaban,Male,19/09/1978,1033318633,hazem.shaaban59@gmail.com,Cairo,Greater Cairo,Bronze,2022-12-07
CUS00632,Shaimaa Nasser,Female,1974-01-25,1128831186,shaimaa.nasser32@outlook.com,Suez,Canal Zone,Bronze,2021-11-14
CUS01182,Yasmin Mahmoud,Female,2002-09-08,1244141277,yasmin.mahmoud15@yahoo.com,Giza,Greater Cairo,Silver,2020-05-25
CUS02239,Maged Rizk,male,22/08/1993,1116429227,maged.rizk45@yahoo.com,Cairo,Greater Cairo,Silver,2020-02-10
CUS00593,Mahmoud Hamdy,Male,1995-12-17,1297191836,mahmoud.hamdy98@gmail.com,Cairo,Greater Cairo,Silver,2021-06-14
CUS01304,Emad Gouda,Male,1994-12-02,1289295660,emad.gouda37@gmail.com,Alexandria,Alexandria,Silver,2021-10-26
CUS01388,Ramy Shaaban,MALE,1994-09-11,1038665803,,Cairo,Greater Cairo,Bronze,2021-08-10
CUS02660,Akram Khalil,male,1995-05-28,1273481608,akram.khalil34@outlook.com,Mansoura,Nile Delta,Bronze,2022-06-28
CUS02675,Youssef Rizk,Male,1972-06-24,1141830633,,Suez,Canal Zone,Bronze,2021-10-01
CUS02901,Osama Hassan,Male,1986-07-11,1048050958,osama.hassan40@gmail.com,Cairo,Greater Cairo,Bronze,2022-12-11
CUS00940,Aisha Ibrahim,Female,2003-07-15,1160922531,aisha.ibrahim86@outlook.com,Alexandria,Alexandria,Silver,2023-02-01
CUS02836,Fady Sayed,Male,1972-11-06,1259036930,fady.sayed27@yahoo.com,Suez,Canal Zone,Bronze,2021-08-04
CUS01250,Ramy Barakat,Male,27/05/1983,1154314842,ramy.barakat88@hotmail.com,Mansoura,Nile Delta,Silver,2021-02-16
CUS00905,Aisha Rizk,Female,1976-09-26,1041569450,aisha.rizk65@outlook.com,Giza,Greater Cairo,Platinum,2021-02-03
CUS02587,Mohamed Sayed,Male,1982-10-21,1293763240,mohamed.sayed51@outlook.com,Cairo,Greater Cairo,Bronze,2023-12-25
CUS01280,Suzy Zaki,Female,2002-01-19,1176876044,suzy.zaki44@gmail.com,Alexandria,Alexandria,Bronze,2021-11-14
CUS02440,Dalia Badawi,FEMALE,1970-04-04,1084841091,,Cairo,Greater Cairo,Bronze,2022-12-09
CUS02927,Salma Khalil,Female,1988-07-16,1096665204,salma.khalil22@yahoo.com,Hurghada,Red Sea,Gold,2023-02-01
CUS02162,Walid Younis,Male,1996-08-09,1258786580,walid.younis98@yahoo.com,Mansoura,Nile Delta,Bronze,2022-08-24
CUS02425,Ahmed Badawi,Male,11/06/1980,1034667121,ahmed.badawi41@hotmail.com,Giza,Greater Cairo,Bronze,2020-02-07
CUS02504,Akram Lotfy,MALE,1981-06-24,1180003571,akram.lotfy58@gmail.com,Port Said,Canal Zone,Silver,2023-03-21
CUS01143,Dalia Ragab,FEMALE,04/12/1972,1262070271,dalia.ragab92@gmail.com,Tanta,Nile Delta,Silver,2022-02-19
CUS02419,Tamer Ahmed,Male,11/03/1979,1158262926,,Cairo,Greater Cairo,Bronze,2022-01-20
CUS00707,Amr Hafez,Male,1983-08-24,1153937353,amr.hafez62@hotmail.com,Giza,Greater Cairo,Bronze,2021-02-20
CUS02686,Ali Shaaban,MALE,1985-04-13,1027295330,ali.shaaban55@outlook.com,Cairo,Greater Cairo,Bronze,2021-07-03
CUS01023,Nadia Saad,Female,1998-05-08,1246190360,nadia.saad85@yahoo.com,Port Said,Canal Zone,Silver,2021-04-02
CUS00746,Youssef Mahmoud,Male,03/05/1973,1244245026,youssef.mahmoud24@yahoo.com,Suez,Canal Zone,Silver,2023-05-06
CUS01547,Bassem Sayed,Male,1971-02-15,1192647878,,Hurghada,Red Sea,Silver,2020-07-15
CUS02395,Dalia Fathy,Female,1985-12-17,1280665528,dalia.fathy68@outlook.com,Suez,Canal Zone,Bronze,2023-03-17
CUS02081,Osama Ahmed,Male,1998-12-22,1213387634,osama.ahmed70@gmail.com,Cairo,Greater Cairo,Platinum,2020-02-04
CUS00514,Mona Amin,Female,1998-11-25,1125332850,mona.amin39@gmail.com,Luxor,Upper Egypt,Silver,2020-05-28
CUS00082,Magdy Mahmoud,male,2001-08-11,1076756320,,Mansoura,Nile Delta,Silver,2020-02-26
CUS02706,Nader Farouk,Male,1994-02-04,1126396664,nader.farouk61@gmail.com,Hurghada,Red Sea,Bronze,2022-04-25
CUS01309,Maged Zaki,Male,1995-06-14,1128805580,maged.zaki32@outlook.com,Giza,Greater Cairo,Bronze,2021-07-07
CUS02536,Ali Ramadan,Male,1970-03-06,1132790131,ali.ramadan25@hotmail.com,Aswan,Upper Egypt,Bronze,2020-08-14
CUS00915,Ashraf Hassan,Male,1991-03-08,1044160093,ashraf.hassan90@gmail.com,Alexandria,Alexandria,Silver,2021-06-09
CUS01405,Mariam Ragab,Female,1997-06-05,1229057175,mariam.ragab22@outlook.com,Mansoura,Nile Delta,Bronze,2021-05-01
CUS01648,Engy Hassan,Female,22/05/1976,1296689645,engy.hassan92@yahoo.com,Aswan,Upper Egypt,Bronze,2022-11-05
CUS01109,Magdy Khalil,Male,1973-03-25,1014267792,magdy.khalil54@yahoo.com,Tanta,Nile Delta,Bronze,2020-10-12
CUS00151,Doha Amin,Female,25/07/1983,1244103265,,Suez,Canal Zone,Bronze,2020-05-20
CUS02772,Nader Bakr,MALE,1992-02-22,1186527022,nader.bakr98@outlook.com,Cairo,Greater Cairo,Gold,2022-02-03
CUS00775,Hana Younis,Female,1977-04-13,1254102252,hana.younis43@yahoo.com,Hurghada,Red Sea,Bronze,2023-01-04
CUS00330,Doha Ramadan,Female,1996-05-04,1279564413,doha.ramadan29@gmail.com,Cairo,Greater Cairo,Bronze,2022-07-18
CUS00007,Wael Barakat,Male,1981-09-06,1185141654,wael.barakat24@outlook.com,Cairo,Greater Cairo,Silver,2023-01-24
CUS00944,Manar Hamdy,female,1989-02-23,1040171534,manar.hamdy52@hotmail.com,Aswan,Upper Egypt,Silver,2023-01-17
CUS00823,Hazem Fathy,Male,1990-07-04,1177200602,hazem.fathy2@gmail.com,Giza,Greater Cairo,Bronze,2021-04-27
CUS00735,Fady Nasser,Male,1999-10-17,1025731762,fady.nasser82@hotmail.com,Giza,Greater Cairo,Bronze,2021-11-26
CUS00910,Reem Mansour,Female,2001-05-22,1284250773,,Giza,Greater Cairo,Gold,2023-10-26
CUS00469,Hana Sayed,Female,1987-12-20,1220042733,hana.sayed41@yahoo.com,Cairo,Greater Cairo,Bronze,2021-01-26
CUS00182,Nour Barakat,female,1989-10-24,1252346074,nour.barakat46@gmail.com,Cairo,Greater Cairo,Bronze,2021-05-27
CUS00165,Karim Abdallah,Male,1989-12-23,1228153282,karim.abdallah73@yahoo.com,Cairo,Greater Cairo,Silver,2022-02-18
CUS01524,Suzy Hassan,Female,1986-09-25,1264225586,suzy.hassan43@outlook.com,Cairo,Greater Cairo,Bronze,2021-10-06
CUS00452,Sara Salem,Female,27/11/1990,1252481963,sara.salem41@gmail.com,Alexandria,Alexandria,Silver,2023-05-17
CUS00491,Hassan Zaki,Male,1999-09-06,1168638761,hassan.zaki88@hotmail.com,Giza,Greater Cairo,Bronze,2023-06-14
CUS00814,Samah Ali,Female,16/11/1972,1064590632,samah.ali80@hotmail.com,Port Said,Canal Zone,Silver,2020-10-25
CUS01144,Dalia Barakat,Female,1991-06-01,1226170596,dalia.barakat22@gmail.com,Alexandria,Alexandria,Silver,2020-08-06
CUS01312,Hany Hassan,Male,1989-08-25,1041329793,hany.hassan90@gmail.com,Suez,Canal Zone,Bronze,2022-11-16
CUS02898,Samah Ramadan,FEMALE,1988-12-21,1255345476,samah.ramadan15@yahoo.com,Giza,Greater Cairo,Gold,2022-01-21
CUS01112,Nadia Bakr,FEMALE,14/12/1987,1076569035,nadia.bakr61@gmail.com,Cairo,Greater Cairo,Bronze,2023-05-10
CUS02902,Hazem Wahba,Male,13/05/1995,1112305116,hazem.wahba11@outlook.com,Hurghada,Red Sea,Bronze,2022-03-03
CUS01827,Ghada Salem,Female,1991-12-13,1010092296,ghada.salem77@outlook.com,Cairo,Greater Cairo,Bronze,2020-08-06
CUS01442,Ayman Salem,Male,1975-12-02,1277567852,,Cairo,Greater Cairo,Gold,2021-07-19
CUS02714,Mariam Rizk,Female,20/09/1973,1094967012,mariam.rizk96@gmail.com,Giza,Greater Cairo,Bronze,2022-08-19
CUS01007,Lobna Rizk,Female,18/06/1979,1285977102,lobna.rizk24@yahoo.com,Tanta,Nile Delta,Bronze,2022-07-02
CUS01628,Amr Nasser,Male,1978-08-17,1249448319,amr.nasser49@yahoo.com,Alexandria,Alexandria,Bronze,2023-02-11
CUS01633,Omar Barakat,male,28/02/1976,1295025332,omar.barakat90@yahoo.com,Mansoura,Nile Delta,Bronze,2021-06-21
CUS01075,Samir Bakr,male,08/10/1993,1268662999,samir.bakr29@hotmail.com,Ismailia,Canal Zone,Bronze,2020-08-27
CUS02137,Hossam Mohamed,Male,1983-11-13,1161665474,hossam.mohamed62@yahoo.com,Cairo,Greater Cairo,Bronze,2020-11-08
CUS02383,Hana Fathy,Female,1986-05-24,1246116215,hana.fathy50@outlook.com,Suez,Canal Zone,Bronze,2021-04-27
CUS02702,Adel Abdallah,Male,1976-02-24,1274742125,adel.abdallah75@gmail.com,Ismailia,Canal Zone,Silver,2020-11-25
CUS02340,Essam Ramadan,Male,1990-08-24,1117182398,essam.ramadan36@gmail.com,Giza,Greater Cairo,Platinum,2022-11-28
CUS00328,Hossam Nasser,Male,1970-04-27,1263161787,hossam.nasser25@yahoo.com,Mansoura,Nile Delta,Silver,2020-10-05
CUS01791,Neveen Mostafa,Female,2000-07-19,1261760045,neveen.mostafa48@hotmail.com,Cairo,Greater Cairo,Gold,2022-05-24
CUS00443,Reham Barakat,Female,15/06/2003,1055502589,,Giza,Greater Cairo,Platinum,2023-04-07
CUS01859,Hossam Shaaban,Male,2001-11-14,1189796198,hossam.shaaban57@outlook.com,Aswan,Upper Egypt,Gold,2023-10-09
CUS02718,Suzy Ramadan,female,1970-12-11,1112657546,suzy.ramadan7@gmail.com,Ismailia,Canal Zone,Silver,2021-01-14
CUS00313,Sherif Attia,Male,2000-01-24,1085031292,sherif.attia16@hotmail.com,Cairo,Greater Cairo,Bronze,2022-01-17
CUS00833,Magdy Rizk,Male,1980-07-25,1286878220,magdy.rizk49@hotmail.com,Cairo,Greater Cairo,Bronze,2023-02-17
CUS02412,Hossam Ramadan,male,1970-02-23,1156689416,hossam.ramadan1@outlook.com,Cairo,Greater Cairo,Bronze,2023-09-09
CUS02139,Karim Sayed,Male,23/03/1982,1156029957,karim.sayed58@gmail.com,Cairo,Greater Cairo,Gold,2022-01-27
CUS01415,Karim Badawi,Male,1995-02-13,1132683880,karim.badawi69@gmail.com,Alexandria,Alexandria,Silver,2023-05-19
CUS01202,Ayman Ali,Male,1991-01-08,1243283131,ayman.ali4@outlook.com,Cairo,Greater Cairo,Silver,2023-11-15
CUS02352,Reem Nasser,Female,1973-02-01,1154046668,reem.nasser34@outlook.com,Suez,Canal Zone,Silver,2022-09-27
CUS01500,Ashraf Shaaban,Male,1994-09-05,1292424462,ashraf.shaaban77@hotmail.com,Luxor,Upper Egypt,Silver,2020-09-21
CUS01968,Fatima Nasser,Female,1978-01-09,1096466715,fatima.nasser40@yahoo.com,Giza,Greater Cairo,Bronze,2020-01-14
CUS00087,Doha Wahba,Female,20/07/1994,1243318046,doha.wahba18@yahoo.com,Zagazig,Nile Delta,Gold,2023-10-23
CUS01404,Walid Gouda,Male,1975-05-13,1077827904,walid.gouda31@yahoo.com,Zagazig,Nile Delta,Gold,2020-04-03
CUS02974,Salma Sayed,female,2000-10-05,1065474248,,Zagazig,Nile Delta,Silver,2022-08-14
CUS02361,Sara Ramadan,female,1975-02-19,1155225924,sara.ramadan15@yahoo.com,Cairo,Greater Cairo,Bronze,2022-11-02
CUS01482,Emad Younis,Male,1995-11-13,1268201944,emad.younis3@outlook.com,Cairo,Greater Cairo,Gold,2020-08-23
CUS00778,Ola Mahmoud,Female,13/03/1992,1083189524,ola.mahmoud99@gmail.com,Zagazig,Nile Delta,Bronze,2020-03-05
CUS00800,Reem Ali,Female,2000-12-09,1232419424,reem.ali28@outlook.com,Port Said,Canal Zone,Silver,2022-02-03
CUS01667,Magdy Abdallah,Male,1978-04-11,1030607888,magdy.abdallah86@hotmail.com,Cairo,Greater Cairo,Bronze,2021-11-09
CUS01895,Heba Ragab,Female,1998-07-13,1046637295,heba.ragab39@gmail.com,Alexandria,Alexandria,Silver,2021-05-06
CUS00055,Emad Barakat,Male,1999-01-26,1293625419,emad.barakat73@gmail.com,Alexandria,Alexandria,Bronze,2020-10-25
CUS02400,Sara Attia,Female,07/10/1987,1070533728,sara.attia1@yahoo.com,Mansoura,Nile Delta,Platinum,2020-12-23
CUS01288,Doha Saad,Female,1998-01-22,1247657195,doha.saad10@outlook.com,Giza,Greater Cairo,Bronze,2023-08-11
CUS01921,Omar Fathy,Male,10/07/1983,1277050835,omar.fathy6@outlook.com,Tanta,Nile Delta,Gold,2022-12-23
CUS01668,Sherif Mostafa,male,1997-10-05,1214044767,sherif.mostafa16@outlook.com,Port Said,Canal Zone,Gold,2023-10-13
CUS02630,Suzy Badawi,Female,1985-05-16,1049566500,suzy.badawi19@gmail.com,Giza,Greater Cairo,Bronze,2023-12-10
CUS02190,Hany Sayed,male,1974-08-04,1143745610,hany.sayed51@hotmail.com,Mansoura,Nile Delta,Gold,2023-06-22
CUS01702,Yasmin Zaki,Female,1979-07-17,1090361394,yasmin.zaki93@gmail.com,Giza,Greater Cairo,Bronze,2023-05-04
CUS01246,Khaled Barakat,Male,1975-11-21,1145699484,,Mansoura,Nile Delta,Silver,2021-10-02
CUS00114,Hassan Younis,male,1996-05-07,1010954835,hassan.younis89@hotmail.com,Hurghada,Red Sea,Bronze,2023-06-04
CUS00988,Sherif Ragab,Male,1978-12-11,1284464701,sherif.ragab66@gmail.com,Giza,Greater Cairo,Silver,2023-10-22
CUS00502,Sara Badawi,Female,1993-10-21,1033362909,sara.badawi74@yahoo.com,Alexandria,Alexandria,Bronze,2021-05-16
CUS02188,Osama Sayed,Male,1988-09-14,1242989642,osama.sayed3@hotmail.com,Hurghada,Red Sea,Silver,2020-05-22
CUS01010,Noha Shaaban,Female,1973-09-26,1199116571,noha.shaaban50@gmail.com,Alexandria,Alexandria,Silver,2022-12-09
CUS01199,Adel Fathy,Male,1996-12-04,1139813647,adel.fathy59@gmail.com,Zagazig,Nile Delta,Bronze,2023-12-13
CUS01395,Hany Rizk,male,1990-02-21,1118218152,hany.rizk55@gmail.com,Giza,Greater Cairo,Silver,2021-01-26
CUS00590,Samah Wahba,Female,15/03/1982,1142120359,samah.wahba38@gmail.com,Cairo,Greater Cairo,Bronze,2020-04-19
CUS00769,Karim Gamal,Male,1974-01-02,1162285733,karim.gamal91@hotmail.com,Giza,Greater Cairo,Bronze,2023-03-27
CUS00018,Maged Mohamed,Male,15/03/1977,1110090721,maged.mohamed84@hotmail.com,Alexandria,Alexandria,Silver,2021-05-03
CUS01043,Nadia Lotfy,Female,1982-04-24,1210202363,nadia.lotfy39@outlook.com,Giza,Greater Cairo,Gold,2020-05-17
CUS01448,Wael Mansour,Male,1972-09-24,1020307567,wael.mansour82@outlook.com,Aswan,Upper Egypt,Bronze,2021-07-27
CUS02502,Yasmin Saad,Female,1985-05-23,1022885366,yasmin.saad74@outlook.com,Hurghada,Red Sea,Silver,2022-07-06
CUS00286,Youssef Wahba,Male,1987-10-22,1238507329,youssef.wahba54@gmail.com,Cairo,Greater Cairo,Bronze,2021-08-22
CUS02683,Samir Amin,male,1971-03-08,1227649760,samir.amin58@yahoo.com,Cairo,Greater Cairo,Bronze,2021-05-22
CUS00429,Samir Farouk,male,1994-11-23,1076011040,samir.farouk46@gmail.com,Giza,Greater Cairo,Gold,2022-02-12
CUS01329,Reham Mahmoud,Female,1976-07-26,1298017125,,Mansoura,Nile Delta,Bronze,2021-08-05
CUS02030,Wael Ahmed,Male,1982-02-18,1235490427,wael.ahmed11@gmail.com,Mansoura,Nile Delta,Silver,2020-09-09
CUS00670,Tamer Younis,Male,1981-07-09,1059402605,,Giza,Greater Cairo,Gold,2023-12-18
CUS01342,Dina Ali,female,2001-05-20,1098264438,dina.ali32@yahoo.com,Alexandria,Alexandria,Gold,2020-06-10
CUS00723,Magdy Younis,Male,10/01/1980,1254481849,,Cairo,Greater Cairo,Bronze,2023-08-08
CUS00952,Ghada Ragab,Female,15/01/1987,1038356463,ghada.ragab65@yahoo.com,Mansoura,Nile Delta,Bronze,2022-12-26
CUS01915,Magdy Younis,male,1982-03-28,1080868705,magdy.younis53@hotmail.com,Giza,Greater Cairo,Silver,2022-12-04
CUS02331,Samir Wahba,Male,10/06/1989,1169002170,samir.wahba95@outlook.com,Cairo,Greater Cairo,Gold,2022-02-19
CUS00215,Mona Shaaban,Female,26/04/1977,1299565693,mona.shaaban95@yahoo.com,Tanta,Nile Delta,Bronze,2020-01-24
CUS00990,Dalia Mansour,FEMALE,02/11/1993,1181354003,dalia.mansour5@yahoo.com,Aswan,Upper Egypt,Gold,2020-02-23
CUS01165,Tarek Mostafa,MALE,1988-05-27,1264243868,tarek.mostafa55@gmail.com,Cairo,Greater Cairo,Gold,2021-10-28
CUS02840,Ashraf Sayed,Male,2002-02-14,1233621676,,Giza,Greater Cairo,Silver,2022-06-08
CUS02697,Mahmoud Amin,Male,1982-07-27,1132887525,mahmoud.amin92@yahoo.com,Tanta,Nile Delta,Bronze,2020-07-11
CUS00327,Karim Badawi,Male,1970-04-24,1047733231,karim.badawi81@hotmail.com,Alexandria,Alexandria,Platinum,2021-04-16
CUS00561,Rana Hamdy,Female,2003-01-22,1165885406,rana.hamdy65@yahoo.com,Tanta,Nile Delta,Bronze,2022-02-06
CUS01384,Emad Abdallah,Male,1994-05-25,1237318709,emad.abdallah74@outlook.com,Cairo,Greater Cairo,Gold,2020-09-06
CUS01725,Zeinab Ismail,Female,1974-02-05,1220267379,zeinab.ismail72@outlook.com,Tanta,Nile Delta,Bronze,2020-07-14
CUS01087,Suzy Hafez,female,1992-09-05,1224919894,suzy.hafez75@outlook.com,Mansoura,Nile Delta,Silver,2020-03-10
CUS02671,Mariam Wahba,female,1996-04-05,1117343069,mariam.wahba5@yahoo.com,Mansoura,Nile Delta,Bronze,2020-01-13
CUS00342,Mariam Ismail,Female,1982-09-13,1260231696,mariam.ismail98@yahoo.com,Alexandria,Alexandria,Bronze,2022-03-11
CUS01654,Salma Mohamed,Female,1979-04-14,1125618711,salma.mohamed41@gmail.com,Giza,Greater Cairo,Bronze,2023-08-14
CUS00148,Dalia Ahmed,female,1993-09-24,1159535555,dalia.ahmed94@gmail.com,Alexandria,Alexandria,Platinum,2022-02-07
CUS02377,Walid Amin,Male,1979-11-24,1185208890,,Giza,Greater Cairo,Bronze,2023-04-16
CUS02810,Tarek Mostafa,Male,04/06/1999,1260507170,tarek.mostafa44@outlook.com,Tanta,Nile Delta,Gold,2022-04-03
CUS01108,Sherif Mansour,MALE,1996-02-04,1293464229,sherif.mansour89@outlook.com,Zagazig,Nile Delta,Bronze,2021-01-16
CUS00849,Suzy Mansour,Female,1976-11-07,1179715974,suzy.mansour63@outlook.com,Alexandria,Alexandria,Gold,2021-07-28
CUS00967,Hazem Younis,male,1974-02-18,1194135858,hazem.younis79@yahoo.com,Tanta,Nile Delta,Silver,2022-06-25
CUS01073,Ayman Shaaban,Male,1993-03-10,1060711458,ayman.shaaban79@outlook.com,Cairo,Greater Cairo,Gold,2023-03-11
CUS02511,Osama Hafez,Male,1974-01-13,1281038862,,Cairo,Greater Cairo,Platinum,2021-10-17
CUS01906,Noha Wahba,Female,2000-07-14,1237489392,noha.wahba36@yahoo.com,Cairo,Greater Cairo,Bronze,2021-04-18
CUS00156,Samir Shaaban,male,1979-03-11,1073868130,,Cairo,Greater Cairo,Silver,2023-12-05
CUS00666,Tamer Hafez,male,1986-03-12,1136930692,tamer.hafez65@gmail.com,Cairo,Greater Cairo,Bronze,2021-03-21
CUS00662,Shaimaa Nasser,Female,23/07/1987,1065819457,shaimaa.nasser63@hotmail.com,Ismailia,Canal Zone,Bronze,2020-11-23
CUS01003,Ola Nasser,Female,1985-03-06,1095890840,ola.nasser67@yahoo.com,Luxor,Upper Egypt,Gold,2020-05-12
CUS02379,Magdy Zaki,Male,1998-07-26,1168053270,magdy.zaki11@gmail.com,Giza,Greater Cairo,Bronze,2021-06-06
CUS00177,Adel Bakr,male,1993-07-27,1067354434,adel.bakr36@hotmail.com,Tanta,Nile Delta,Silver,2023-09-07
CUS02699,Eman Ismail,Female,1977-01-20,1054982975,eman.ismail4@hotmail.com,Hurghada,Red Sea,Silver,2021-12-03
CUS01880,Hassan Khalil,Male,2001-03-28,1235205271,hassan.khalil17@hotmail.com,Alexandria,Alexandria,Bronze,2020-09-11
CUS01525,Noha Khalil,female,2003-03-23,1210216145,noha.khalil27@gmail.com,Alexandria,Alexandria,Bronze,2023-09-17
CUS02865,Mohamed Ismail,Male,1993-08-05,1260507167,mohamed.ismail12@gmail.com,Giza,Greater Cairo,Bronze,2023-12-16
CUS01204,Nader Nasser,Male,2002-06-22,1216266737,nader.nasser88@yahoo.com,Giza,Greater Cairo,Silver,2023-07-01
CUS01991,Hazem Mahmoud,Male,1998-04-12,1149552670,hazem.mahmoud64@outlook.com,Hurghada,Red Sea,Silver,2023-05-10
CUS00025,Yasmin Saad,FEMALE,1975-05-03,1237272705,yasmin.saad98@gmail.com,Giza,Greater Cairo,Silver,2022-12-14
CUS02858,Samir Younis,MALE,08/07/1978,1038284627,samir.younis70@hotmail.com,Cairo,Greater Cairo,Silver,2023-06-03
CUS02092,Nadia Lotfy,FEMALE,1988-03-19,1277257605,nadia.lotfy28@outlook.com,Ismailia,Canal Zone,Gold,2022-11-19
CUS02113,Hany Ahmed,Male,2002-06-10,1121655092,hany.ahmed56@gmail.com,Cairo,Greater Cairo,Silver,2021-11-01
CUS02939,Fady Rizk,Male,11/01/2003,1272626684,,Port Said,Canal Zone,Platinum,2021-05-05
CUS00876,Sherif Mansour,Male,1971-06-06,1030829470,sherif.mansour22@gmail.com,Cairo,Greater Cairo,Gold,2023-06-22
CUS02740,Fady Ismail,Male,1990-08-26,1294864485,fady.ismail58@yahoo.com,Cairo,Greater Cairo,Bronze,2021-07-03
CUS00939,Hana Mansour,FEMALE,2003-09-02,1287587787,,Cairo,Greater Cairo,Bronze,2020-01-06
CUS02743,Hassan Fathy,Male,1986-02-20,1151147664,hassan.fathy20@hotmail.com,Cairo,Greater Cairo,Silver,2023-11-17
CUS01553,Reem Gouda,Female,1986-12-25,1028990527,reem.gouda75@gmail.com,Aswan,Upper Egypt,Bronze,2020-03-22
CUS00347,Mahmoud Ismail,Male,1991-04-22,1143557605,mahmoud.ismail91@yahoo.com,Mansoura,Nile Delta,Bronze,2022-01-25
CUS02549,Noha Amin,FEMALE,1997-12-08,1143601760,,Giza,Greater Cairo,Platinum,2021-02-17
CUS01699,Aisha Mahmoud,Female,1980-07-19,1217115675,aisha.mahmoud75@hotmail.com,Ismailia,Canal Zone,Bronze,2021-12-09
CUS00386,Salma Sayed,Female,18/01/1995,1152402900,salma.sayed59@yahoo.com,Hurghada,Red Sea,Silver,2022-03-24
CUS02550,Omar Ismail,Male,1992-11-16,1226014825,omar.ismail14@hotmail.com,Cairo,Greater Cairo,Bronze,2023-07-06
CUS02647,Suzy Saad,Female,1990-06-20,1017115745,suzy.saad47@hotmail.com,Port Said,Canal Zone,Platinum,2022-08-28
CUS02122,Radwa Rizk,female,1990-03-08,1210792562,radwa.rizk20@outlook.com,Alexandria,Alexandria,Bronze,2023-09-12
CUS00937,Essam Sayed,male,1987-08-22,1044063535,essam.sayed77@outlook.com,Cairo,Greater Cairo,Bronze,2022-03-09
CUS02624,Heba Younis,Female,2000-04-12,1251723183,heba.younis24@hotmail.com,Suez,Canal Zone,Bronze,2021-06-15
CUS02973,Ahmed Ibrahim,MALE,17/01/1979,1124183449,ahmed.ibrahim28@yahoo.com,Hurghada,Red Sea,Bronze,2023-02-19
CUS01333,Hassan Mostafa,Male,1981-11-14,1261441320,hassan.mostafa87@gmail.com,Cairo,Greater Cairo,Bronze,2023-11-18
CUS01935,Khaled Zaki,Male,1983-05-21,1137701981,,Tanta,Nile Delta,Bronze,2022-08-12
CUS00936,Hazem Wahba,Male,1986-09-24,1193496702,hazem.wahba20@gmail.com,Cairo,Greater Cairo,Silver,2022-06-16
CUS00567,Amr Gouda,Male,19/08/1978,1159966944,amr.gouda14@hotmail.com,Giza,Greater Cairo,Bronze,2020-03-14
CUS01855,Mahmoud Mansour,MALE,1982-08-06,1151010582,mahmoud.mansour73@outlook.com,Suez,Canal Zone,Silver,2021-05-12
CUS02466,Eman Bakr,FEMALE,1971-12-16,1026577507,eman.bakr24@outlook.com,Cairo,Greater Cairo,Bronze,2022-11-05
CUS01646,Reem Saad,Female,1982-02-25,1191732965,reem.saad72@gmail.com,Zagazig,Nile Delta,Bronze,2023-04-27
CUS02154,Bassem Fathy,male,1974-09-08,1024657987,bassem.fathy70@hotmail.com,Aswan,Upper Egypt,Bronze,2021-06-21
CUS01793,Khaled Barakat,Male,26/11/1983,1215102440,khaled.barakat87@yahoo.com,Alexandria,Alexandria,Bronze,2021-02-23
CUS01431,Amira Mahmoud,female,05/02/1976,1098156936,amira.mahmoud46@yahoo.com,Giza,Greater Cairo,Silver,2023-05-05
CUS02359,Eman Fathy,Female,2000-10-18,1055716058,,Alexandria,Alexandria,Bronze,2022-07-25
CUS01014,Mahmoud Barakat,Male,2000-04-03,1067225399,mahmoud.barakat99@yahoo.com,Cairo,Greater Cairo,Bronze,2021-08-21
CUS02285,Akram Nasser,Male,1972-07-18,1177358487,akram.nasser16@outlook.com,Cairo,Greater Cairo,Silver,2023-03-07
CUS00127,Salma Sayed,Female,1987-04-18,1161121302,salma.sayed2@yahoo.com,Aswan,Upper Egypt,Platinum,2023-08-05
CUS02127,Ramy Ahmed,Male,1997-07-17,1219426966,ramy.ahmed54@outlook.com,Mansoura,Nile Delta,Silver,2020-07-14
CUS01348,Zeinab Ragab,female,1973-11-09,1075211223,zeinab.ragab65@gmail.com,Giza,Greater Cairo,Silver,2020-06-28
CUS00356,Lobna Ibrahim,female,1983-08-14,1226271298,lobna.ibrahim42@outlook.com,Mansoura,Nile Delta,Bronze,2023-03-09
CUS00828,Reem Fathy,female,1995-07-14,1216222119,reem.fathy3@gmail.com,Giza,Greater Cairo,Gold,2021-01-17
CUS01640,Wael Shaaban,male,1976-01-02,1172885745,wael.shaaban29@outlook.com,Port Said,Canal Zone,Silver,2022-10-10
CUS00985,Amira Mostafa,Female,1996-08-01,1217499695,amira.mostafa51@outlook.com,Zagazig,Nile Delta,Silver,2020-07-08
CUS00363,Hossam Sayed,Male,1980-05-04,1253534095,hossam.sayed89@yahoo.com,Giza,Greater Cairo,Silver,2022-03-21
CUS00346,Hossam Bakr,Male,1987-07-01,1069282426,,Mansoura,Nile Delta,Bronze,2020-05-08
CUS02094,Rana Rizk,female,1990-12-07,1013450881,rana.rizk31@outlook.com,Alexandria,Alexandria,Bronze,2023-03-10
CUS02585,Nadia Attia,Female,16/09/1980,1117356885,nadia.attia16@hotmail.com,Alexandria,Alexandria,Bronze,2023-01-08
CUS00712,Magdy Hassan,Male,1972-10-27,1185020246,magdy.hassan7@hotmail.com,Alexandria,Alexandria,Bronze,2022-02-20
CUS02097,Youssef Bakr,male,1970-03-24,1020924873,,Alexandria,Alexandria,Gold,2023-03-18
CUS00011,Magdy Ahmed,Male,1992-01-16,1036189702,magdy.ahmed88@outlook.com,Cairo,Greater Cairo,Bronze,2023-12-27
CUS02929,Samir Zaki,MALE,1996-05-26,1093453652,samir.zaki37@gmail.com,Zagazig,Nile Delta,Bronze,2020-04-14
CUS01835,Hazem Gouda,Male,1980-01-09,1163245529,,Aswan,Upper Egypt,Platinum,2021-09-18
CUS00794,Samah Saad,FEMALE,1980-08-08,1127916286,samah.saad71@yahoo.com,Mansoura,Nile Delta,Bronze,2020-05-24
CUS02811,Hana Saad,FEMALE,1981-03-02,1116264821,,Cairo,Greater Cairo,Bronze,2023-08-06
CUS00095,Reem Ali,Female,1990-07-26,1061791391,reem.ali99@hotmail.com,Hurghada,Red Sea,Bronze,2023-08-02
CUS00130,Dina Lotfy,Female,1988-08-21,1032491607,dina.lotfy52@gmail.com,Alexandria,Alexandria,Bronze,2020-03-11
CUS02953,Walid Badawi,Male,1996-12-08,1296079652,,Tanta,Nile Delta,Silver,2022-04-28
CUS01901,Ashraf Fathy,male,1989-12-17,1176541443,ashraf.fathy75@outlook.com,Alexandria,Alexandria,Bronze,2022-11-25
CUS02839,Yasmin Salem,Female,1972-07-18,1086452009,yasmin.salem71@gmail.com,Hurghada,Red Sea,Bronze,2021-09-10
CUS01933,Youssef Shaaban,Male,1982-05-24,1126404158,youssef.shaaban75@yahoo.com,Alexandria,Alexandria,Bronze,2020-08-21
CUS02182,Neveen Mohamed,Female,1980-04-22,1213427172,neveen.mohamed56@outlook.com,Cairo,Greater Cairo,Bronze,2020-05-18
CUS01866,Lobna Ibrahim,female,01/02/1973,1094327027,,Port Said,Canal Zone,Bronze,2022-02-13
CUS01659,Wael Attia,male,1980-02-14,1063262557,wael.attia39@gmail.com,Giza,Greater Cairo,Bronze,2020-03-20
CUS00517,Nadia Khalil,Female,1994-08-24,1027699655,nadia.khalil32@hotmail.com,Giza,Greater Cairo,Bronze,2022-10-13
CUS01858,Ramy Wahba,Male,28/08/1994,1249371830,ramy.wahba53@hotmail.com,Alexandria,Alexandria,Bronze,2022-08-02
CUS01278,Nader Ahmed,Male,1984-01-20,1119282918,nader.ahmed82@gmail.com,Ismailia,Canal Zone,Gold,2023-10-16
CUS00951,Mona Bakr,Female,1997-09-05,1087574875,mona.bakr91@gmail.com,Mansoura,Nile Delta,Bronze,2020-02-21
CUS01121,Akram Lotfy,Male,1985-05-24,1264130831,,Suez,Canal Zone,Bronze,2020-02-09
CUS00420,Hazem Ibrahim,Male,1980-08-25,1261559796,hazem.ibrahim1@yahoo.com,Zagazig,Nile Delta,Bronze,2021-10-23
CUS00923,Adel Bakr,male,1997-06-16,1155622852,adel.bakr99@hotmail.com,Suez,Canal Zone,Silver,2021-04-26
CUS02235,Lobna Saad,female,25/04/1999,1199515976,lobna.saad90@yahoo.com,Mansoura,Nile Delta,Bronze,2020-01-24
CUS00478,Reem Mohamed,Female,1999-03-09,1073919907,reem.mohamed11@hotmail.com,Alexandria,Alexandria,Bronze,2023-04-05
CUS02213,Doha Gamal,FEMALE,1972-11-27,1062730254,doha.gamal61@yahoo.com,Cairo,Greater Cairo,Silver,2020-03-05
CUS01693,Adel Nasser,MALE,1984-11-05,1165021554,,Giza,Greater Cairo,Silver,2023-01-01
CUS02248,Samir Shaaban,Male,1997-06-23,1227248138,,Aswan,Upper Egypt,Bronze,2022-02-15
CUS01472,Wael Ramadan,Male,1990-05-01,1083051775,wael.ramadan98@hotmail.com,Zagazig,Nile Delta,Bronze,2021-11-22
CUS01203,Walid Gouda,Male,1977-09-05,1034616876,walid.gouda36@gmail.com,Cairo,Greater Cairo,Silver,2020-09-15
CUS01670,Mohamed Younis,Male,1988-12-11,1213686869,mohamed.younis19@outlook.com,Aswan,Upper Egypt,Silver,2021-09-01
CUS02822,Reem Younis,FEMALE,07/09/1973,1236106296,,Cairo,Greater Cairo,Silver,2021-07-14
CUS01971,Tarek Ibrahim,Male,1983-09-16,1198084649,,Cairo,Greater Cairo,Silver,2021-10-15
CUS00821,Ramy Ismail,MALE,2003-05-19,1126398778,,Hurghada,Red Sea,Bronze,2020-12-20
CUS01998,Magdy Ismail,Male,1976-08-23,1198415591,magdy.ismail19@hotmail.com,Cairo,Greater Cairo,Silver,2020-03-07
CUS02916,Ali Mansour,Male,19/03/1976,1081934590,ali.mansour18@hotmail.com,Mansoura,Nile Delta,Silver,2020-02-05
CUS01249,Mariam Ali,Female,1990-05-24,1291198356,mariam.ali16@gmail.com,Port Said,Canal Zone,Silver,2020-12-18
CUS02705,Ramy Mostafa,male,1987-02-09,1240594151,ramy.mostafa16@hotmail.com,Hurghada,Red Sea,Bronze,2021-08-16
CUS02658,Ahmed Bakr,Male,15/06/2000,1038829771,ahmed.bakr97@yahoo.com,Luxor,Upper Egypt,Platinum,2023-07-12
CUS01047,Samir Mostafa,Male,1974-06-28,1139308629,samir.mostafa75@outlook.com,Cairo,Greater Cairo,Bronze,2021-07-08
CUS01889,Nour Ahmed,Female,1991-05-12,1184582694,nour.ahmed47@outlook.com,Zagazig,Nile Delta,Platinum,2021-02-14
CUS00616,Hussein Mohamed,Male,1972-03-18,1119296843,hussein.mohamed39@yahoo.com,Port Said,Canal Zone,Gold,2023-05-08
CUS01319,Yasmin Mohamed,Female,1976-07-14,1037622902,yasmin.mohamed36@gmail.com,Cairo,Greater Cairo,Gold,2020-06-08
CUS02932,Tamer Badawi,male,1992-10-06,1151544140,tamer.badawi82@outlook.com,Mansoura,Nile Delta,Bronze,2023-05-02
CUS02499,Engy Fathy,Female,2000-01-18,1187477887,engy.fathy79@hotmail.com,Ismailia,Canal Zone,Silver,2022-05-07
CUS01773,Emad Zaki,Male,23/02/1988,1133317675,emad.zaki41@hotmail.com,Suez,Canal Zone,Silver,2021-09-07
CUS03000,Hossam Hassan,Male,1970-03-06,1268861731,hossam.hassan44@yahoo.com,Luxor,Upper Egypt,Bronze,2023-09-28
CUS00132,Walid Sayed,Male,1976-02-16,1217224328,,Cairo,Greater Cairo,Bronze,2022-10-05
CUS00078,Walid Attia,Male,1987-07-23,1166604960,walid.attia8@yahoo.com,Cairo,Greater Cairo,Bronze,2020-07-19
CUS00725,Aisha Badawi,Female,2001-06-26,1267710061,aisha.badawi14@outlook.com,Alexandria,Alexandria,Bronze,2023-01-09
CUS01315,Dina Zaki,Female,1983-10-03,1122361346,dina.zaki22@gmail.com,Giza,Greater Cairo,Silver,2020-08-26
CUS01852,Hussein Ibrahim,Male,1975-04-20,1054870634,hussein.ibrahim26@outlook.com,Aswan,Upper Egypt,Bronze,2022-08-20
CUS02334,Hoda Lotfy,female,1992-07-09,1014114138,hoda.lotfy95@hotmail.com,Tanta,Nile Delta,Bronze,2022-03-25
CUS02527,Bassem Fathy,MALE,1993-01-03,1251618247,bassem.fathy1@gmail.com,Cairo,Greater Cairo,Silver,2021-10-09
CUS01373,Samir Salem,MALE,01/04/1989,1013881308,samir.salem32@yahoo.com,Luxor,Upper Egypt,Bronze,2021-12-23
CUS01856,Tarek Hamdy,male,1998-10-07,1075618063,tarek.hamdy80@gmail.com,Cairo,Greater Cairo,Bronze,2023-11-16
CUS01320,Noha Mansour,Female,1973-06-13,1097914631,noha.mansour10@gmail.com,Cairo,Greater Cairo,Bronze,2021-05-18
CUS02922,Reham Fathy,Female,1984-02-04,1116226009,reham.fathy73@hotmail.com,Tanta,Nile Delta,Silver,2021-02-04
CUS02207,Reem Gouda,Female,1974-01-27,1253300586,reem.gouda92@gmail.com,Giza,Greater Cairo,Bronze,2023-12-26
CUS00376,Hossam Mansour,male,2002-02-15,1238531115,hossam.mansour34@outlook.com,Giza,Greater Cairo,Bronze,2023-11-20
CUS01909,Tarek Mostafa,MALE,14/01/1984,1011454855,tarek.mostafa52@outlook.com,Giza,Greater Cairo,Gold,2022-06-26
CUS00334,Lobna Lotfy,Female,1995-02-20,1141287760,lobna.lotfy60@outlook.com,Cairo,Greater Cairo,Gold,2020-06-21
CUS02289,Samir Mahmoud,male,1993-01-26,1150664631,samir.mahmoud16@outlook.com,Alexandria,Alexandria,Silver,2020-02-11
CUS02339,Sherif Gouda,Male,1976-04-21,1249003770,sherif.gouda97@gmail.com,Cairo,Greater Cairo,Gold,2023-09-20
CUS01605,Ghada Attia,FEMALE,27/04/1982,1223234940,ghada.attia44@yahoo.com,Cairo,Greater Cairo,Platinum,2021-01-06
CUS01119,Doha Farouk,Female,1987-09-09,1268659357,doha.farouk29@outlook.com,Cairo,Greater Cairo,Bronze,2022-05-14
CUS02876,Emad Hafez,Male,12/02/1974,1296055379,emad.hafez53@outlook.com,Alexandria,Alexandria,Bronze,2020-05-28
CUS01944,Samir Sayed,Male,2001-06-13,1061401330,samir.sayed11@hotmail.com,Tanta,Nile Delta,Bronze,2022-02-07
CUS02299,Mona Saad,Female,1981-07-27,1045575177,mona.saad43@gmail.com,Cairo,Greater Cairo,Bronze,2022-05-25
CUS02564,Samir Badawi,Male,1989-09-11,1134940269,samir.badawi90@gmail.com,Cairo,Greater Cairo,Gold,2023-04-26
CUS01343,Wael Mahmoud,Male,1991-04-11,1065158740,wael.mahmoud53@hotmail.com,Luxor,Upper Egypt,Platinum,2022-06-06
CUS00321,Hazem Lotfy,male,1977-05-02,1172387558,hazem.lotfy3@hotmail.com,Alexandria,Alexandria,Silver,2020-04-25
CUS01620,Ali Badawi,Male,05/10/1983,1014344952,ali.badawi98@yahoo.com,Zagazig,Nile Delta,Bronze,2021-08-23
CUS02733,Ashraf Ali,Male,1975-01-13,1152592996,ashraf.ali40@yahoo.com,Cairo,Greater Cairo,Silver,2022-07-12
CUS02061,Ashraf Khalil,MALE,2000-01-24,1246303469,ashraf.khalil82@hotmail.com,Cairo,Greater Cairo,Bronze,2023-07-13
CUS01674,Doha Bakr,Female,2002-11-14,1072143726,doha.bakr29@gmail.com,Hurghada,Red Sea,Silver,2023-05-18
CUS01943,Ali Amin,Male,2003-02-02,1187589905,ali.amin10@hotmail.com,Hurghada,Red Sea,Bronze,2020-12-06
CUS00261,Ramy Younis,Male,01/01/1990,1216055696,ramy.younis98@hotmail.com,Mansoura,Nile Delta,Bronze,2023-02-14
CUS02040,Hana Amin,Female,1981-09-02,1295852507,,Cairo,Greater Cairo,Bronze,2022-05-01
CUS00690,Yasmin Shaaban,Female,1993-01-14,1233190132,,Cairo,Greater Cairo,Bronze,2023-03-09
CUS00902,Salma Ibrahim,Female,1982-08-19,1126143430,salma.ibrahim53@outlook.com,Cairo,Greater Cairo,Bronze,2020-03-07
CUS02027,Nader Abdallah,Male,1997-05-11,1134836379,nader.abdallah67@outlook.com,Zagazig,Nile Delta,Silver,2021-10-18
CUS00139,Ghada Mahmoud,FEMALE,09/01/1979,1119581091,ghada.mahmoud49@gmail.com,Giza,Greater Cairo,Bronze,2020-12-08
CUS01918,Walid Rizk,male,1984-08-15,1095870825,walid.rizk96@hotmail.com,Alexandria,Alexandria,Gold,2023-01-04
CUS01829,Salma Younis,female,1979-04-05,1026586567,salma.younis35@hotmail.com,Hurghada,Red Sea,Silver,2021-12-04
CUS01574,Maged Salem,Male,2002-10-26,1130360921,maged.salem35@gmail.com,Luxor,Upper Egypt,Silver,2021-10-01
CUS00320,Shaimaa Lotfy,Female,05/06/1976,1153515775,,Cairo,Greater Cairo,Bronze,2021-10-19
CUS00654,Sherif Gamal,Male,1976-11-05,1260220019,sherif.gamal23@yahoo.com,Zagazig,Nile Delta,Bronze,2023-01-20
CUS02138,Doha Wahba,Female,1987-06-01,1036984680,doha.wahba85@hotmail.com,Zagazig,Nile Delta,Bronze,2020-04-16
CUS02360,Wael Nasser,Male,1972-08-25,1061180656,wael.nasser85@outlook.com,Cairo,Greater Cairo,Bronze,2021-04-03
CUS00559,Osama Saad,Male,1973-10-27,1073190952,osama.saad83@gmail.com,Zagazig,Nile Delta,Silver,2020-06-01
CUS00113,Fatima Ramadan,Female,2003-07-12,1081110769,fatima.ramadan45@gmail.com,Port Said,Canal Zone,Bronze,2023-03-09
CUS00532,Hazem Khalil,male,02/10/1971,1282197852,,Sharm El Sheikh,South Sinai,Bronze,2021-05-19
CUS00225,Rana Farouk,FEMALE,1975-07-28,1275661110,rana.farouk2@outlook.com,Cairo,Greater Cairo,Bronze,2021-04-11
CUS00724,Noha Lotfy,Female,1972-05-06,1055643477,noha.lotfy90@gmail.com,Zagazig,Nile Delta,Bronze,2020-03-05
CUS02885,Emad Ali,Male,1999-09-15,1053544464,emad.ali16@gmail.com,Cairo,Greater Cairo,Gold,2021-08-12
CUS01434,Essam Mansour,Male,15/07/1976,1043212275,essam.mansour12@hotmail.com,Mansoura,Nile Delta,Silver,2023-06-14
CUS02367,Ali Hamdy,Male,1975-06-23,1253732271,ali.hamdy23@gmail.com,Cairo,Greater Cairo,Silver,2020-12-13
CUS01459,Ibrahim Badawi,Male,1995-11-02,1154918084,ibrahim.badawi67@hotmail.com,Cairo,Greater Cairo,Silver,2023-05-19
CUS02747,Wael Shaaban,Male,1989-11-06,1016589366,wael.shaaban34@outlook.com,Alexandria,Alexandria,Gold,2023-06-17
CUS00847,Samir Zaki,Male,1986-10-02,1232641668,samir.zaki66@gmail.com,Cairo,Greater Cairo,Bronze,2020-07-09
CUS00194,Tamer Salem,MALE,1998-09-10,1192620697,tamer.salem73@hotmail.com,Mansoura,Nile Delta,Platinum,2023-12-12
CUS01465,Reem Gouda,Female,1980-10-12,1249708789,reem.gouda54@yahoo.com,Sharm El Sheikh,South Sinai,Gold,2020-03-16
CUS00947,Samah Mohamed,Female,01/03/1985,1027810833,samah.mohamed81@yahoo.com,Cairo,Greater Cairo,Platinum,2023-01-10
CUS02022,Hazem Ramadan,Male,1997-02-17,1048986219,hazem.ramadan63@hotmail.com,Alexandria,Alexandria,Bronze,2021-11-03
CUS01630,Maged Ibrahim,Male,02/06/1989,1019888274,,Giza,Greater Cairo,Bronze,2021-07-22
CUS00118,Ali Mansour,Male,2001-08-01,1098165507,ali.mansour66@yahoo.com,Cairo,Greater Cairo,Bronze,2021-11-02
CUS00646,Samah Rizk,Female,1993-05-14,1158924311,samah.rizk89@yahoo.com,Suez,Canal Zone,Silver,2022-12-08
CUS01871,Ayman Saad,Male,1972-08-02,1180828077,ayman.saad94@hotmail.com,Aswan,Upper Egypt,Bronze,2021-01-08
CUS00004,Nader Ramadan,Male,1976-01-04,1139796480,nader.ramadan58@hotmail.com,Alexandria,Alexandria,Silver,2023-08-25
CUS00075,Amira Gamal,FEMALE,06/05/1996,1083569939,amira.gamal1@gmail.com,Tanta,Nile Delta,Silver,2020-02-27
CUS01756,Reem Nasser,Female,01/01/1999,1124508258,reem.nasser75@outlook.com,Hurghada,Red Sea,Bronze,2020-05-21
CUS00468,Omar Nasser,Male,1993-06-05,1126415312,omar.nasser73@hotmail.com,Luxor,Upper Egypt,Bronze,2021-09-03
CUS00006,Essam Sayed,male,1998-12-23,1152803305,,Cairo,Greater Cairo,Silver,2022-11-04
CUS01247,Nour Amin,Female,1971-03-12,1013128008,nour.amin59@hotmail.com,Cairo,Greater Cairo,Bronze,2023-12-20
CUS00920,Nour Gouda,female,1993-04-23,1115971136,nour.gouda8@yahoo.com,Cairo,Greater Cairo,Bronze,2023-04-14
CUS00229,Sherif Mahmoud,male,1991-12-02,1258853980,sherif.mahmoud47@hotmail.com,Suez,Canal Zone,Silver,2021-11-18
CUS01064,Ahmed Badawi,Male,1989-03-19,1213016518,ahmed.badawi55@hotmail.com,Giza,Greater Cairo,Silver,2020-08-19
CUS00243,Adel Gouda,Male,1977-11-22,1165989834,,Suez,Canal Zone,Silver,2022-08-03
CUS02317,Amira Hassan,Female,1979-01-02,1199249717,,Cairo,Greater Cairo,Bronze,2021-11-10
CUS01161,Walid Farouk,Male,1981-01-23,1159729857,,Aswan,Upper Egypt,Silver,2021-08-07
CUS02556,Akram Farouk,Male,1987-10-04,1220859238,akram.farouk62@yahoo.com,Port Said,Canal Zone,Bronze,2023-09-26
CUS01527,Hoda Hafez,Female,1979-02-08,1195386415,hoda.hafez91@hotmail.com,Giza,Greater Cairo,Silver,2021-09-23
CUS01606,Hussein Mansour,Male,1979-05-25,1144023937,hussein.mansour59@yahoo.com,Alexandria,Alexandria,Bronze,2020-04-08
CUS02832,Ibrahim Mahmoud,Male,1986-07-11,1117277146,ibrahim.mahmoud66@hotmail.com,Mansoura,Nile Delta,Gold,2020-07-15
CUS02365,Mahmoud Gamal,MALE,2000-09-27,1291247233,mahmoud.gamal2@gmail.com,Alexandria,Alexandria,Gold,2023-09-28
CUS02588,Manar Amin,FEMALE,1975-08-25,1118999119,manar.amin98@outlook.com,Tanta,Nile Delta,Silver,2020-07-08
CUS01990,Ramy Wahba,Male,1973-12-07,1294366747,,Zagazig,Nile Delta,Bronze,2020-08-11
CUS02390,Dina Lotfy,FEMALE,20/10/1992,1025835492,dina.lotfy34@gmail.com,Tanta,Nile Delta,Silver,2021-02-04
CUS01976,Ramy Gamal,Male,11/12/1992,1052897398,ramy.gamal67@outlook.com,Port Said,Canal Zone,Platinum,2023-08-23
CUS01762,Ibrahim Saad,Male,1986-02-12,1133926002,ibrahim.saad9@gmail.com,Aswan,Upper Egypt,Bronze,2023-09-13
CUS01306,Magdy Attia,Male,1977-10-24,1165765838,magdy.attia96@outlook.com,Luxor,Upper Egypt,Gold,2021-05-06
CUS01542,Osama Amin,MALE,09/11/1974,1282015813,osama.amin65@hotmail.com,Cairo,Greater Cairo,Bronze,2023-05-04
CUS00623,Rana Khalil,female,12/01/1976,1022364660,rana.khalil54@outlook.com,Giza,Greater Cairo,Silver,2021-10-26
CUS02351,Tamer Farouk,Male,2003-12-21,1066676860,tamer.farouk11@yahoo.com,Mansoura,Nile Delta,Silver,2022-02-04
CUS01494,Maged Rizk,Male,1971-04-16,1172509349,maged.rizk3@outlook.com,Cairo,Greater Cairo,Bronze,2023-08-12
CUS00111,Hoda Khalil,FEMALE,1984-07-20,1088201440,hoda.khalil93@hotmail.com,Giza,Greater Cairo,Bronze,2023-10-19
CUS02782,Shaimaa Barakat,female,1975-12-28,1218099750,shaimaa.barakat90@gmail.com,Aswan,Upper Egypt,Silver,2020-07-15
CUS01170,Ayman Ahmed,Male,1978-07-23,1170741910,ayman.ahmed71@hotmail.com,Giza,Greater Cairo,Bronze,2022-04-19
CUS02500,Amr Mahmoud,Male,1985-09-21,1025728855,amr.mahmoud36@gmail.com,Giza,Greater Cairo,Silver,2022-02-07
CUS00233,Aisha Younis,Female,1996-11-18,1073606441,aisha.younis9@gmail.com,Alexandria,Alexandria,Bronze,2021-09-21
CUS00067,Nader Hamdy,Male,1986-10-10,1125808361,nader.hamdy10@outlook.com,Cairo,Greater Cairo,Gold,2021-09-04
CUS02753,Ashraf Mostafa,Male,1997-03-10,1298718130,ashraf.mostafa94@outlook.com,Cairo,Greater Cairo,Gold,2023-07-06
CUS02073,Rana Lotfy,Female,2001-11-01,1021199291,rana.lotfy60@outlook.com,Cairo,Greater Cairo,Bronze,2021-10-01
CUS02193,Rania Shaaban,Female,1971-03-13,1254105176,rania.shaaban54@hotmail.com,Tanta,Nile Delta,Silver,2020-04-22
CUS00537,Noha Zaki,Female,1984-05-22,1175796479,noha.zaki13@yahoo.com,Aswan,Upper Egypt,Platinum,2020-05-14
CUS00126,Osama Mansour,MALE,1986-04-09,1192286747,osama.mansour97@hotmail.com,Giza,Greater Cairo,Bronze,2022-07-09
CUS02134,Rana Barakat,Female,1989-02-01,1111127403,rana.barakat61@yahoo.com,Alexandria,Alexandria,Bronze,2020-04-25
CUS01255,Dina Barakat,Female,1995-07-24,1164306604,dina.barakat31@yahoo.com,Tanta,Nile Delta,Bronze,2022-12-20
CUS02717,Manar Gouda,Female,1983-07-01,1266025173,manar.gouda83@hotmail.com,Mansoura,Nile Delta,Silver,2020-07-13
CUS01977,Rana Abdallah,Female,1976-01-24,1071140454,rana.abdallah99@hotmail.com,Cairo,Greater Cairo,Silver,2023-02-04
CUS02501,Neveen Hamdy,Female,1985-03-07,1158535261,neveen.hamdy60@hotmail.com,Aswan,Upper Egypt,Silver,2021-06-05
CUS02999,Engy Wahba,Female,1993-12-25,1172074335,engy.wahba74@yahoo.com,Giza,Greater Cairo,Silver,2020-08-13
CUS02076,Osama Wahba,Male,1990-03-18,1165413189,osama.wahba33@outlook.com,Luxor,Upper Egypt,Bronze,2023-10-16
CUS00485,Aisha Salem,FEMALE,1996-04-22,1057941821,aisha.salem47@yahoo.com,Alexandria,Alexandria,Silver,2020-04-13
CUS01655,Yasmin Farouk,Female,1974-12-19,1240617207,yasmin.farouk20@outlook.com,Cairo,Greater Cairo,Bronze,2023-02-06
CUS02721,Khaled Mahmoud,Male,1998-08-09,1222559504,khaled.mahmoud3@gmail.com,Suez,Canal Zone,Bronze,2022-04-27
CUS02303,Amira Gamal,female,1982-05-05,1157408620,amira.gamal56@yahoo.com,Alexandria,Alexandria,Bronze,2020-04-18
CUS02443,Fatima Nasser,Female,1998-09-06,1254886176,fatima.nasser95@outlook.com,Hurghada,Red Sea,Bronze,2020-05-03
CUS01775,Hassan Hafez,Male,05/09/2003,1218690503,hassan.hafez87@hotmail.com,Hurghada,Red Sea,Bronze,2020-12-01
CUS00919,Engy Zaki,Female,19/07/2002,1122119306,engy.zaki7@gmail.com,Hurghada,Red Sea,Silver,2020-10-05
CUS01647,Rania Mostafa,Female,1994-03-11,1062774608,rania.mostafa48@hotmail.com,Cairo,Greater Cairo,Bronze,2023-05-13
CUS01027,Ramy Sayed,Male,1978-02-07,1271937580,ramy.sayed51@yahoo.com,Luxor,Upper Egypt,Silver,2022-10-11
CUS01031,Doha Salem,Female,1987-07-25,1216727400,doha.salem63@outlook.com,Cairo,Greater Cairo,Bronze,2022-02-15
CUS00883,Dina Mohamed,Female,1979-11-19,1088769634,dina.mohamed36@yahoo.com,Cairo,Greater Cairo,Bronze,2020-10-27
CUS01336,Ayman Fathy,Male,03/01/1983,1183068652,ayman.fathy91@gmail.com,Mansoura,Nile Delta,Bronze,2020-01-28
CUS02258,Essam Ahmed,Male,1991-06-10,1289554114,essam.ahmed89@outlook.com,Giza,Greater Cairo,Silver,2020-06-10
CUS00365,Ayman Amin,MALE,1975-01-05,1176937935,,Port Said,Canal Zone,Bronze,2023-12-11
CUS02126,Suzy Gamal,Female,1988-11-06,1277489764,suzy.gamal72@outlook.com,Mansoura,Nile Delta,Bronze,2023-11-17
CUS00028,Youssef Hamdy,male,1980-05-25,1087029205,,Alexandria,Alexandria,Bronze,2020-04-02
CUS00474,Nader Lotfy,male,06/12/1987,1088309763,nader.lotfy53@outlook.com,Suez,Canal Zone,Bronze,2020-09-17
CUS00526,Wael Ragab,male,1978-10-09,1155844991,wael.ragab74@outlook.com,Alexandria,Alexandria,Bronze,2021-03-15
CUS00726,Sara Ibrahim,Female,22/05/1975,1173703158,sara.ibrahim16@gmail.com,Aswan,Upper Egypt,Bronze,2021-02-19
CUS00056,Ramy Ragab,male,1986-07-21,1186775659,ramy.ragab78@outlook.com,Port Said,Canal Zone,Silver,2020-07-11
CUS00639,Radwa Mohamed,female,06/10/1983,1094627132,radwa.mohamed94@outlook.com,Cairo,Greater Cairo,Silver,2022-06-27
CUS00303,Rania Sayed,female,1976-09-02,1224148036,rania.sayed94@hotmail.com,Alexandria,Alexandria,Silver,2023-09-16
CUS02652,Akram Shaaban,Male,18/12/1992,1076202837,akram.shaaban85@gmail.com,Giza,Greater Cairo,Bronze,2022-08-26
CUS01277,Doha Gouda,Female,1972-12-03,1112668228,doha.gouda35@yahoo.com,Cairo,Greater Cairo,Bronze,2021-09-21
CUS02680,Suzy Abdallah,FEMALE,1980-04-06,1134384883,suzy.abdallah9@gmail.com,Alexandria,Alexandria,Silver,2020-07-28
CUS00625,Salma Mahmoud,FEMALE,1976-12-13,1192545856,salma.mahmoud43@outlook.com,Mansoura,Nile Delta,Bronze,2022-03-11
CUS02056,Mohamed Ismail,Male,1993-11-25,1051795025,mohamed.ismail82@hotmail.com,Mansoura,Nile Delta,Platinum,2020-02-23
CUS01281,Nadia Saad,Female,1979-11-28,1041308738,nadia.saad18@hotmail.com,Mansoura,Nile Delta,Gold,2022-10-27
CUS01050,Tamer Sayed,Male,1981-02-12,1249738181,tamer.sayed20@outlook.com,Cairo,Greater Cairo,Platinum,2023-09-16
CUS00337,Ahmed Barakat,Male,1979-01-08,1285088096,ahmed.barakat26@gmail.com,Luxor,Upper Egypt,Bronze,2022-04-22
CUS00048,Hany Khalil,Male,1998-02-26,1049581964,hany.khalil49@yahoo.com,Alexandria,Alexandria,Bronze,2020-09-03
CUS00107,Heba Barakat,Female,1987-12-09,1283061428,heba.barakat10@hotmail.com,Giza,Greater Cairo,Bronze,2023-04-17
CUS01080,Rania Attia,Female,19/06/1977,1186648532,rania.attia5@hotmail.com,Port Said,Canal Zone,Silver,2021-08-17
CUS02262,Amira Hassan,FEMALE,1979-03-18,1233801615,amira.hassan70@outlook.com,Mansoura,Nile Delta,Silver,2023-02-12
CUS01145,Engy Barakat,Female,1970-08-05,1190362099,engy.barakat14@outlook.com,Cairo,Greater Cairo,Silver,2020-09-23
CUS02424,Rania Bakr,Female,2001-06-10,1138152295,rania.bakr63@hotmail.com,Giza,Greater Cairo,Silver,2020-07-06
CUS01837,Mariam Shaaban,Female,22/02/1978,1214626030,,Cairo,Greater Cairo,Silver,2022-04-01
CUS01754,Omar Lotfy,Male,1983-02-13,1036286037,,Cairo,Greater Cairo,Gold,2020-06-25
CUS01102,Aisha Ramadan,Female,1977-02-25,1146371543,aisha.ramadan27@gmail.com,Ismailia,Canal Zone,Bronze,2023-04-18
CUS01969,Aisha Younis,FEMALE,1995-01-03,1094423779,aisha.younis96@outlook.com,Giza,Greater Cairo,Silver,2022-03-02
CUS00524,Nour Gouda,Female,15/09/2003,1146129093,nour.gouda99@hotmail.com,Aswan,Upper Egypt,Silver,2021-08-11
CUS02281,Dalia Ali,Female,2002-11-17,1110959112,dalia.ali1@hotmail.com,Cairo,Greater Cairo,Bronze,2021-12-13
CUS01429,Ahmed Amin,Male,1971-02-14,1054974011,ahmed.amin89@gmail.com,Mansoura,Nile Delta,Silver,2022-06-01
CUS02651,Youssef Wahba,Male,1987-06-26,1250379612,,Cairo,Greater Cairo,Bronze,2020-10-28
CUS00604,Hossam Khalil,Male,1981-02-25,1150888220,hossam.khalil24@yahoo.com,Cairo,Greater Cairo,Bronze,2020-04-07
CUS01490,Ramy Barakat,male,02/08/1994,1061981352,ramy.barakat28@hotmail.com,Giza,Greater Cairo,Bronze,2022-11-10
CUS02591,Youssef Ahmed,Male,23/02/1972,1081274611,youssef.ahmed2@gmail.com,Aswan,Upper Egypt,Bronze,2021-01-12
CUS00061,Dina Younis,FEMALE,1971-07-02,1086807176,dina.younis27@hotmail.com,Giza,Greater Cairo,Gold,2023-09-01
CUS02795,Omar Ramadan,Male,28/12/1995,1299183792,omar.ramadan63@gmail.com,Giza,Greater Cairo,Silver,2023-02-04
CUS00672,Karim Ismail,MALE,1993-08-18,1160307037,,Suez,Canal Zone,Platinum,2023-05-27
CUS00093,Fady Ahmed,Male,1989-08-26,1283841249,fady.ahmed24@gmail.com,Hurghada,Red Sea,Silver,2021-07-18
CUS00667,Engy Mohamed,Female,1998-02-27,1090753445,engy.mohamed8@gmail.com,Cairo,Greater Cairo,Silver,2020-07-17
CUS01888,Ibrahim Salem,MALE,1979-08-05,1274783604,ibrahim.salem48@gmail.com,Cairo,Greater Cairo,Bronze,2021-05-04
CUS00281,Walid Nasser,male,1994-12-14,1290154282,walid.nasser31@outlook.com,Suez,Canal Zone,Platinum,2022-10-22
CUS01720,Hazem Barakat,Male,1999-10-18,1271877617,hazem.barakat58@hotmail.com,Cairo,Greater Cairo,Bronze,2020-04-09
CUS00900,Ibrahim Ahmed,Male,1998-10-16,1272727812,ibrahim.ahmed75@yahoo.com,Cairo,Greater Cairo,Silver,2020-12-19
CUS01936,Dalia Khalil,FEMALE,1973-10-09,1214649226,dalia.khalil58@hotmail.com,Hurghada,Red Sea,Bronze,2023-03-20
CUS01995,Salma Salem,Female,1986-08-01,1185654005,salma.salem14@outlook.com,Zagazig,Nile Delta,Silver,2022-04-04
CUS02350,Ahmed Hamdy,Male,28/12/1992,1283470479,ahmed.hamdy51@hotmail.com,Cairo,Greater Cairo,Bronze,2021-08-07
CUS00761,Reem Attia,Female,1979-02-23,1277893186,reem.attia11@yahoo.com,Cairo,Greater Cairo,Gold,2021-10-16
CUS02159,Doha Mostafa,Female,1984-04-27,1020425903,doha.mostafa58@outlook.com,Giza,Greater Cairo,Silver,2023-08-03
CUS02667,Magdy Ali,Male,1971-06-07,1218695503,magdy.ali63@hotmail.com,Cairo,Greater Cairo,Platinum,2020-03-21
CUS00043,Khaled Hafez,Male,1981-06-02,1029825571,khaled.hafez47@gmail.com,Cairo,Greater Cairo,Bronze,2022-12-22
CUS02174,Noha Nasser,Female,1971-10-06,1183064767,noha.nasser51@outlook.com,Luxor,Upper Egypt,Bronze,2021-07-07
CUS00205,Akram Ramadan,Male,1970-05-26,1161271721,,Mansoura,Nile Delta,Gold,2022-07-20
CUS01474,Emad Hassan,Male,1988-02-10,1157184646,emad.hassan60@gmail.com,Giza,Greater Cairo,Silver,2022-05-27
CUS02101,Hossam Wahba,Male,1980-10-08,1055635936,hossam.wahba83@yahoo.com,Suez,Canal Zone,Bronze,2023-08-14
CUS00069,Ali Hassan,Male,1998-05-07,1087346846,,Cairo,Greater Cairo,Bronze,2023-11-14
CUS01876,Rana Amin,female,1992-07-12,1110431784,rana.amin46@hotmail.com,Alexandria,Alexandria,Bronze,2020-03-22
CUS02417,Sara Shaaban,FEMALE,1980-12-02,1297747615,sara.shaaban44@hotmail.com,Giza,Greater Cairo,Bronze,2020-06-04
CUS02232,Hazem Mostafa,Male,1981-01-14,1261415291,hazem.mostafa77@outlook.com,Cairo,Greater Cairo,Silver,2021-08-14
CUS00138,Aisha Mansour,FEMALE,1976-05-09,1068843284,aisha.mansour44@outlook.com,Tanta,Nile Delta,Bronze,2022-08-12
CUS00797,Ola Sayed,Female,1994-08-20,1042867782,ola.sayed69@hotmail.com,Port Said,Canal Zone,Platinum,2023-04-14
CUS02181,Yasmin Nasser,Female,2003-10-07,1145712217,,Giza,Greater Cairo,Silver,2020-11-01
CUS02129,Nader Ragab,Male,1982-03-05,1159855194,nader.ragab9@yahoo.com,Suez,Canal Zone,Silver,2020-03-21
CUS00759,Maged Hafez,Male,1993-08-09,1284969806,maged.hafez42@yahoo.com,Suez,Canal Zone,Gold,2022-10-25
CUS00542,Fatima Ali,female,1971-09-04,1263410254,,Mansoura,Nile Delta,Silver,2021-01-09
CUS01020,Ola Abdallah,Female,1994-04-11,1016649866,ola.abdallah45@gmail.com,Cairo,Greater Cairo,Bronze,2021-09-06
CUS02326,Neveen Mohamed,Female,1974-10-23,1010762307,neveen.mohamed30@hotmail.com,Port Said,Canal Zone,Bronze,2021-07-08
CUS00166,Noha Bakr,Female,1979-12-01,1165571528,noha.bakr82@hotmail.com,Aswan,Upper Egypt,Bronze,2021-04-04
CUS00249,Tamer Farouk,Male,1989-03-07,1020550179,,Ismailia,Canal Zone,Bronze,2023-07-02
CUS01332,Samah Younis,female,07/07/1992,1090241789,samah.younis76@hotmail.com,Tanta,Nile Delta,Gold,2020-04-13
CUS02018,Bassem Lotfy,Male,1971-01-19,1210112761,bassem.lotfy53@gmail.com,Suez,Canal Zone,Gold,2021-01-07
CUS00447,Fatima Salem,female,1976-05-13,1086522053,fatima.salem12@hotmail.com,Ismailia,Canal Zone,Silver,2023-08-21
CUS01359,Emad Ismail,Male,2000-12-13,1292380239,emad.ismail59@outlook.com,Cairo,Greater Cairo,Gold,2021-06-26
CUS02146,Tamer Attia,Male,1971-07-13,1085419724,tamer.attia64@gmail.com,Aswan,Upper Egypt,Silver,2023-03-01
CUS01330,Youssef Hassan,Male,18/05/1976,1266856278,,Alexandria,Alexandria,Bronze,2021-07-24
CUS02958,Sherif Ali,Male,23/08/1992,1283335618,sherif.ali23@yahoo.com,Luxor,Upper Egypt,Gold,2021-10-11
CUS02151,Hussein Abdallah,Male,1981-07-27,1127150326,hussein.abdallah88@gmail.com,Giza,Greater Cairo,Bronze,2022-09-02
CUS00435,Tamer Lotfy,Male,1971-12-14,1117258943,tamer.lotfy21@gmail.com,Cairo,Greater Cairo,Bronze,2021-06-05
CUS02123,Ahmed Ibrahim,Male,2002-10-16,1190412028,ahmed.ibrahim49@outlook.com,Ismailia,Canal Zone,Silver,2020-12-20
CUS00578,Hossam Attia,Male,1993-01-20,1259566126,hossam.attia70@hotmail.com,Port Said,Canal Zone,Bronze,2021-05-12
CUS02429,Tamer Hamdy,Male,1981-04-20,1060395249,tamer.hamdy57@gmail.com,Giza,Greater Cairo,Gold,2021-05-27
CUS02787,Rana Ramadan,Female,1986-04-21,1128865768,rana.ramadan34@outlook.com,Ismailia,Canal Zone,Bronze,2021-10-18
CUS01849,Neveen Rizk,FEMALE,1980-02-20,1077060632,neveen.rizk53@yahoo.com,Suez,Canal Zone,Bronze,2023-06-19
CUS00763,Wael Younis,Male,1985-10-26,1055112093,,Cairo,Greater Cairo,Silver,2020-02-26
CUS00389,Walid Shaaban,MALE,24/09/1974,1147898265,walid.shaaban17@hotmail.com,Zagazig,Nile Delta,Bronze,2020-12-10
CUS00236,Khaled Badawi,Male,06/06/1986,1085495759,khaled.badawi58@yahoo.com,Zagazig,Nile Delta,Bronze,2022-02-01
CUS02649,Tamer Ragab,male,1975-05-24,1290725443,tamer.ragab79@hotmail.com,Giza,Greater Cairo,Silver,2020-07-15
CUS01985,Ghada Nasser,FEMALE,1994-03-11,1097161477,ghada.nasser14@gmail.com,Cairo,Greater Cairo,Gold,2020-10-27
CUS00268,Hana Ragab,FEMALE,1987-05-21,1044419684,hana.ragab4@yahoo.com,Tanta,Nile Delta,Silver,2022-08-16
CUS00771,Ahmed Hamdy,Male,12/10/1991,1110367395,ahmed.hamdy19@hotmail.com,Cairo,Greater Cairo,Gold,2022-09-13
CUS02166,Yasmin Amin,Female,1989-10-12,1047432847,yasmin.amin44@outlook.com,Ismailia,Canal Zone,Silver,2021-07-07
CUS00438,Khaled Nasser,Male,1995-10-02,1062652401,khaled.nasser89@outlook.com,Aswan,Upper Egypt,Silver,2023-06-21
CUS00674,Yasmin Shaaban,Female,1982-03-14,1172891711,yasmin.shaaban79@gmail.com,Alexandria,Alexandria,Bronze,2020-02-03
CUS00250,Hazem Ahmed,male,2000-02-09,1018891570,hazem.ahmed78@yahoo.com,Luxor,Upper Egypt,Bronze,2021-03-22
CUS02202,Reham Hamdy,Female,1980-05-19,1288181822,reham.hamdy13@hotmail.com,Cairo,Greater Cairo,Bronze,2022-06-07
CUS01575,Bassem Barakat,Male,1992-12-14,1068233482,bassem.barakat84@outlook.com,Cairo,Greater Cairo,Bronze,2020-04-17
CUS02143,Fady Saad,Male,1971-03-19,1185416798,fady.saad96@hotmail.com,Tanta,Nile Delta,Gold,2022-08-16
CUS02082,Eman Hafez,Female,1996-08-26,1263971244,eman.hafez17@hotmail.com,Cairo,Greater Cairo,Bronze,2023-12-01
CUS02662,Karim Gouda,male,1972-07-20,1197075083,karim.gouda16@yahoo.com,Suez,Canal Zone,Silver,2023-06-21
CUS02612,Karim Hassan,Male,1970-02-24,1120744651,karim.hassan73@gmail.com,Cairo,Greater Cairo,Bronze,2020-08-10
CUS02785,Eman Khalil,FEMALE,03/11/2003,1182933966,eman.khalil11@gmail.com,Luxor,Upper Egypt,Bronze,2023-03-15
CUS00449,Essam Salem,male,19/06/1983,1090675244,essam.salem61@yahoo.com,Giza,Greater Cairo,Bronze,2020-04-28
CUS01470,Hassan Ragab,Male,1995-09-03,1037675125,hassan.ragab4@outlook.com,Hurghada,Red Sea,Silver,2021-02-16
CUS00717,Maged Salem,Male,1982-12-01,1224468787,maged.salem97@outlook.com,Aswan,Upper Egypt,Silver,2022-04-18
CUS02659,Ramy Gamal,Male,1978-06-17,1184819507,,Cairo,Greater Cairo,Platinum,2023-07-09
CUS02049,Hana Ismail,Female,1993-04-02,1015851616,hana.ismail18@hotmail.com,Alexandria,Alexandria,Gold,2023-11-16
CUS01902,Tarek Attia,Male,2002-07-18,1210285745,tarek.attia51@outlook.com,Cairo,Greater Cairo,Bronze,2023-05-21
CUS01169,Doha Sayed,FEMALE,1984-12-20,1027075254,doha.sayed12@yahoo.com,Cairo,Greater Cairo,Bronze,2020-07-08
CUS00083,Shaimaa Wahba,female,1983-11-22,1155748676,shaimaa.wahba72@outlook.com,Giza,Greater Cairo,Bronze,2022-12-15
CUS02463,Hazem Abdallah,Male,17/06/1997,1191127117,hazem.abdallah24@hotmail.com,Mansoura,Nile Delta,Silver,2020-01-11
CUS01461,Ahmed Ramadan,MALE,07/08/1974,1252061564,ahmed.ramadan13@yahoo.com,Giza,Greater Cairo,Bronze,2023-06-27
CUS01894,Noha Hassan,Female,18/09/1985,1270068638,,Cairo,Greater Cairo,Bronze,2021-09-10
CUS01669,Adel Hassan,Male,1985-04-28,1044123401,,Cairo,Greater Cairo,Bronze,2020-07-13
CUS02001,Ghada Gamal,Female,1980-09-23,1069371666,ghada.gamal24@yahoo.com,Cairo,Greater Cairo,Bronze,2021-06-23
CUS00476,Sherif Attia,Male,1994-04-16,1055694444,sherif.attia98@hotmail.com,Sharm El Sheikh,South Sinai,Gold,2023-11-05
CUS00518,Emad Rizk,Male,1970-02-10,1298687917,emad.rizk57@gmail.com,Aswan,Upper Egypt,Bronze,2023-01-12
CUS00405,Fatima Ramadan,female,1992-04-24,1280881914,fatima.ramadan98@yahoo.com,Giza,Greater Cairo,Gold,2021-02-12
CUS00385,Karim Mostafa,male,1993-03-28,1161028923,karim.mostafa50@outlook.com,Zagazig,Nile Delta,Silver,2022-06-26
CUS02472,Suzy Sayed,FEMALE,11/11/1993,1240048805,suzy.sayed30@gmail.com,Ismailia,Canal Zone,Gold,2021-11-10
CUS02153,Nadia Shaaban,Female,08/12/1998,1251477329,nadia.shaaban30@gmail.com,Tanta,Nile Delta,Bronze,2022-02-07
CUS01634,Fatima Zaki,Female,1989-08-02,1258473870,,Hurghada,Red Sea,Bronze,2023-08-04
CUS02907,Tarek Sayed,Male,1973-09-17,1178102084,tarek.sayed12@gmail.com,Ismailia,Canal Zone,Bronze,2020-10-20
CUS00689,Zeinab Attia,Female,1999-06-26,1172226540,zeinab.attia50@outlook.com,Hurghada,Red Sea,Bronze,2020-03-26
CUS01241,Yasmin Lotfy,Female,1994-02-04,1182090202,yasmin.lotfy52@yahoo.com,Luxor,Upper Egypt,Bronze,2021-11-04
CUS00063,Maged Zaki,Male,13/10/2003,1223732098,maged.zaki72@hotmail.com,Aswan,Upper Egypt,Bronze,2022-11-04
CUS00853,Omar Barakat,Male,1981-02-19,1053941883,omar.barakat72@hotmail.com,Cairo,Greater Cairo,Silver,2021-07-20
CUS02897,Zeinab Hamdy,Female,1988-07-06,1022403536,zeinab.hamdy6@yahoo.com,Alexandria,Alexandria,Bronze,2020-03-09
CUS02517,Ibrahim Mostafa,MALE,1972-02-26,1273421110,ibrahim.mostafa30@gmail.com,Cairo,Greater Cairo,Bronze,2020-03-13
CUS01263,Mahmoud Shaaban,Male,1995-05-24,1113795294,mahmoud.shaaban31@outlook.com,Giza,Greater Cairo,Bronze,2020-06-20
CUS00224,Ramy Saad,male,05/06/1982,1086325036,ramy.saad22@hotmail.com,Giza,Greater Cairo,Bronze,2021-05-20
CUS02194,Walid Gouda,Male,2003-02-15,1130061479,walid.gouda63@outlook.com,Alexandria,Alexandria,Gold,2022-03-20
CUS00374,Ayman Rizk,Male,1989-09-18,1261377017,ayman.rizk12@gmail.com,Tanta,Nile Delta,Silver,2022-03-09
CUS01825,Walid Ramadan,Male,1970-04-10,1280074188,walid.ramadan81@outlook.com,Mansoura,Nile Delta,Bronze,2023-11-02
CUS02579,Hossam Abdallah,Male,13/01/1985,1238150876,hossam.abdallah57@gmail.com,Giza,Greater Cairo,Bronze,2022-02-26
CUS02917,Mahmoud Nasser,male,1975-01-05,1130519904,mahmoud.nasser87@hotmail.com,Zagazig,Nile Delta,Bronze,2021-11-12
CUS02943,Ayman Zaki,Male,02/11/1974,1176136537,ayman.zaki33@hotmail.com,Giza,Greater Cairo,Gold,2022-12-10
CUS02729,Hazem Shaaban,Male,1986-10-19,1035766487,hazem.shaaban78@gmail.com,Cairo,Greater Cairo,Silver,2020-03-08
CUS00010,Ibrahim Mansour,male,1993-12-05,1262138657,ibrahim.mansour82@yahoo.com,Tanta,Nile Delta,Bronze,2021-08-10
CUS01945,Walid Hamdy,male,17/03/1970,1190165869,walid.hamdy41@gmail.com,Hurghada,Red Sea,Bronze,2023-11-20
CUS01839,Hoda Sayed,FEMALE,1977-11-28,1140438117,hoda.sayed58@yahoo.com,Port Said,Canal Zone,Bronze,2023-10-15
CUS00709,Neveen Ibrahim,Female,1987-07-21,1049925737,neveen.ibrahim27@gmail.com,Cairo,Greater Cairo,Bronze,2020-08-06
CUS00256,Manar Mostafa,Female,1984-07-24,1147382097,manar.mostafa83@outlook.com,Alexandria,Alexandria,Silver,2022-08-22
CUS01618,Neveen Sayed,Female,1986-06-10,1283635162,neveen.sayed34@gmail.com,Mansoura,Nile Delta,Silver,2023-07-17
CUS00390,Khaled Badawi,MALE,2000-05-05,1039277781,khaled.badawi74@gmail.com,Hurghada,Red Sea,Silver,2021-07-14
CUS01582,Walid Mohamed,MALE,1981-01-08,1289200771,,Giza,Greater Cairo,Silver,2023-01-03
CUS00925,Ola Farouk,FEMALE,1973-01-23,1267109058,ola.farouk98@outlook.com,Giza,Greater Cairo,Silver,2023-08-23
CUS02037,Neveen Ibrahim,Female,09/11/1972,1161363891,neveen.ibrahim89@yahoo.com,Cairo,Greater Cairo,Bronze,2021-01-04
CUS02441,Maged Ali,Male,1987-09-08,1044222536,maged.ali59@yahoo.com,Alexandria,Alexandria,Bronze,2023-01-06
CUS01225,Omar Younis,male,1989-01-21,1272600538,omar.younis9@hotmail.com,Giza,Greater Cairo,Bronze,2021-01-28
CUS01947,Reham Mostafa,Female,1988-02-10,1021286470,reham.mostafa74@yahoo.com,Giza,Greater Cairo,Bronze,2020-05-28
CUS00740,Bassem Nasser,Male,1971-03-03,1292427437,,Giza,Greater Cairo,Bronze,2023-04-08
CUS00041,Wael Saad,Male,1973-04-19,1157621071,wael.saad41@hotmail.com,Cairo,Greater Cairo,Bronze,2020-12-23
CUS00869,Mona Ali,Female,1979-05-12,1240812818,mona.ali83@gmail.com,Luxor,Upper Egypt,Bronze,2022-06-03
CUS00540,Ashraf Farouk,Male,1980-09-07,1224806311,ashraf.farouk3@gmail.com,Cairo,Greater Cairo,Silver,2023-02-25
CUS02552,Reham Bakr,female,1981-07-13,1073541182,reham.bakr78@hotmail.com,Cairo,Greater Cairo,Bronze,2021-09-07
CUS01372,Nader Amin,Male,1978-03-07,1275269328,nader.amin49@hotmail.com,Cairo,Greater Cairo,Gold,2022-07-08
CUS01146,Hoda Salem,Female,1978-04-22,1288930579,hoda.salem69@yahoo.com,Luxor,Upper Egypt,Bronze,2023-06-27
CUS01032,Shaimaa Nasser,Female,05/01/1990,1082016067,shaimaa.nasser72@hotmail.com,Alexandria,Alexandria,Bronze,2023-07-11
CUS00373,Maged Salem,male,1986-04-20,1298933292,maged.salem50@outlook.com,Cairo,Greater Cairo,Gold,2020-09-07
CUS00668,Rana Bakr,female,1993-01-05,1041361578,rana.bakr73@gmail.com,Cairo,Greater Cairo,Silver,2021-11-02
CUS00358,Omar Mahmoud,Male,1985-12-15,1073188059,,Alexandria,Alexandria,Bronze,2020-03-10
CUS00968,Ghada Salem,Female,1972-06-13,1014463768,ghada.salem83@gmail.com,Giza,Greater Cairo,Gold,2023-10-14
CUS01354,Salma Mohamed,Female,1994-04-25,1176803099,,Zagazig,Nile Delta,Silver,2021-08-18
CUS01036,Khaled Ali,Male,10/09/1978,1119140411,khaled.ali99@gmail.com,Tanta,Nile Delta,Bronze,2020-08-23
CUS00471,Akram Ali,Male,1991-11-01,1073068018,akram.ali97@hotmail.com,Cairo,Greater Cairo,Silver,2023-02-18
CUS01397,Rania Mostafa,Female,2002-05-05,1127216331,rania.mostafa1@gmail.com,Giza,Greater Cairo,Bronze,2020-08-03
CUS02665,Salma Ragab,Female,1987-08-09,1237580935,salma.ragab67@yahoo.com,Mansoura,Nile Delta,Silver,2023-02-13
CUS01550,Sherif Saad,Male,1975-04-08,1124290225,sherif.saad78@outlook.com,Mansoura,Nile Delta,Silver,2022-03-16
CUS01257,Noha Khalil,FEMALE,12/10/1971,1175614874,noha.khalil78@outlook.com,Cairo,Greater Cairo,Bronze,2021-11-05
CUS02095,Omar Saad,Male,1996-01-14,1189233826,omar.saad81@outlook.com,Giza,Greater Cairo,Gold,2021-12-15
CUS01556,Nader Mahmoud,Male,1983-07-15,1078613363,nader.mahmoud83@gmail.com,Cairo,Greater Cairo,Platinum,2021-08-27
CUS02633,Dalia Shaaban,Female,09/04/1995,1044373881,dalia.shaaban34@outlook.com,Cairo,Greater Cairo,Bronze,2023-06-23
CUS01251,Ashraf Lotfy,Male,1970-04-26,1123763883,ashraf.lotfy58@gmail.com,Hurghada,Red Sea,Silver,2022-08-28
CUS01700,Ashraf Mohamed,Male,1997-05-15,1094238694,ashraf.mohamed28@outlook.com,Alexandria,Alexandria,Bronze,2023-12-09
CUS01253,Radwa Fathy,Female,1976-06-14,1056554895,radwa.fathy39@gmail.com,Cairo,Greater Cairo,Bronze,2021-04-19
CUS02828,Emad Zaki,male,1991-03-06,1158236901,emad.zaki89@outlook.com,Cairo,Greater Cairo,Bronze,2021-03-05
CUS00080,Hany Hafez,Male,2003-09-23,1292978636,hany.hafez87@outlook.com,Cairo,Greater Cairo,Bronze,2021-09-20
CUS01173,Noha Khalil,FEMALE,1992-04-08,1033261698,,Mansoura,Nile Delta,Bronze,2022-11-26
CUS00815,Noha Abdallah,Female,1974-01-09,1026429653,noha.abdallah68@gmail.com,Luxor,Upper Egypt,Bronze,2022-11-24
CUS01853,Ahmed Mahmoud,Male,17/12/1970,1123052513,ahmed.mahmoud59@gmail.com,Luxor,Upper Egypt,Silver,2022-11-26
CUS02221,Nadia Badawi,female,1972-12-22,1222721215,nadia.badawi22@outlook.com,Tanta,Nile Delta,Silver,2020-10-18
CUS02673,Walid Mansour,Male,2001-01-26,1054395754,,Tanta,Nile Delta,Gold,2021-06-28
CUS02106,Maged Hafez,Male,24/08/1972,1158656813,maged.hafez33@hotmail.com,Giza,Greater Cairo,Bronze,2021-06-03
CUS00134,Eman Badawi,Female,1978-12-18,1089299984,eman.badawi68@hotmail.com,Giza,Greater Cairo,Bronze,2022-08-18
CUS01141,Akram Ramadan,Male,1970-04-16,1023486212,,Aswan,Upper Egypt,Bronze,2020-04-06
CUS00934,Omar Shaaban,Male,1998-08-17,1179013223,omar.shaaban33@hotmail.com,Alexandria,Alexandria,Bronze,2022-05-09
CUS00929,Samah Ahmed,Female,1999-09-12,1232656439,samah.ahmed16@yahoo.com,Mansoura,Nile Delta,Silver,2022-05-12
CUS00824,Heba Hafez,female,1996-02-18,1090154379,heba.hafez82@outlook.com,Giza,Greater Cairo,Gold,2022-12-10
CUS01532,Nadia Ramadan,Female,1973-02-26,1277934407,nadia.ramadan39@gmail.com,Mansoura,Nile Delta,Bronze,2020-06-28
CUS01215,Ibrahim Lotfy,male,1977-03-26,1164511793,ibrahim.lotfy3@yahoo.com,Tanta,Nile Delta,Silver,2020-08-02
CUS00505,Hassan Abdallah,Male,2003-05-04,1076936024,hassan.abdallah38@hotmail.com,Tanta,Nile Delta,Bronze,2023-12-12
CUS02396,Bassem Mahmoud,Male,1973-05-01,1160922178,bassem.mahmoud80@outlook.com,Giza,Greater Cairo,Silver,2022-03-27
CUS01997,Wael Ramadan,Male,19/08/1975,1186491866,wael.ramadan90@hotmail.com,Port Said,Canal Zone,Silver,2022-08-24
CUS02435,Mahmoud Khalil,Male,1999-06-16,1277946312,mahmoud.khalil46@yahoo.com,Ismailia,Canal Zone,Bronze,2023-04-17
CUS01959,Adel Younis,Male,26/04/1995,1171212493,adel.younis10@yahoo.com,Mansoura,Nile Delta,Bronze,2020-06-19
CUS01385,Manar Fathy,Female,1975-12-07,1111171326,manar.fathy56@yahoo.com,Mansoura,Nile Delta,Gold,2020-09-12
CUS00895,Magdy Shaaban,Male,1987-02-16,1066882181,magdy.shaaban86@hotmail.com,Mansoura,Nile Delta,Silver,2023-02-05
CUS00829,Walid Mahmoud,Male,1971-07-05,1271153456,walid.mahmoud99@yahoo.com,Zagazig,Nile Delta,Bronze,2022-06-12
CUS02968,Samir Wahba,MALE,1988-11-11,1151328431,samir.wahba44@outlook.com,Alexandria,Alexandria,Bronze,2023-08-10
CUS01684,Akram Hafez,Male,26/08/1973,1286813030,akram.hafez97@yahoo.com,Aswan,Upper Egypt,Silver,2023-06-14
CUS02654,Ayman Hassan,male,1970-02-11,1297686025,ayman.hassan35@yahoo.com,Cairo,Greater Cairo,Platinum,2022-10-21
CUS02602,Mohamed Ahmed,Male,1980-12-25,1024423852,mohamed.ahmed64@yahoo.com,Cairo,Greater Cairo,Bronze,2020-06-22
CUS02554,Khaled Younis,Male,1988-07-26,1234774343,khaled.younis34@outlook.com,Port Said,Canal Zone,Bronze,2020-09-15
CUS00653,Nour Ahmed,Female,1993-02-06,1081017414,nour.ahmed73@hotmail.com,Alexandria,Alexandria,Silver,2020-03-07
CUS00173,Reham Khalil,Female,1994-09-13,1032935793,reham.khalil19@yahoo.com,Alexandria,Alexandria,Bronze,2020-07-10
CUS00039,Hoda Ahmed,Female,1975-05-13,1066268745,hoda.ahmed70@gmail.com,Tanta,Nile Delta,Bronze,2023-12-12
CUS02908,Suzy Amin,FEMALE,1988-03-25,1210277815,suzy.amin84@hotmail.com,Cairo,Greater Cairo,Bronze,2022-04-26
CUS00714,Suzy Ragab,Female,1993-07-03,1243983969,suzy.ragab97@yahoo.com,Giza,Greater Cairo,Gold,2020-06-17
CUS00091,Doha Ahmed,Female,1970-12-09,1093290380,doha.ahmed82@hotmail.com,Cairo,Greater Cairo,Bronze,2021-12-07
CUS01206,Sherif Mansour,Male,13/02/1973,1087561798,sherif.mansour75@yahoo.com,Hurghada,Red Sea,Gold,2020-11-19
CUS02629,Amira Mohamed,Female,1973-06-03,1280058340,amira.mohamed53@yahoo.com,Alexandria,Alexandria,Bronze,2022-07-17
CUS01828,Nour Hafez,Female,1979-01-21,1140556252,,Ismailia,Canal Zone,Bronze,2022-06-14
CUS01156,Samir Ramadan,Male,1993-05-14,1172889571,,Zagazig,Nile Delta,Silver,2021-01-27
CUS01325,Zeinab Zaki,Female,1976-05-16,1139417237,zeinab.zaki57@hotmail.com,Ismailia,Canal Zone,Bronze,2023-07-24
CUS00217,Salma Ibrahim,Female,1982-07-11,1263956682,salma.ibrahim28@gmail.com,Giza,Greater Cairo,Bronze,2021-06-03
CUS00511,Mahmoud Hassan,Male,1985-01-03,1027007519,mahmoud.hassan32@hotmail.com,Mansoura,Nile Delta,Bronze,2021-10-13
CUS01681,Reham Shaaban,Female,2002-11-04,1244655375,reham.shaaban7@gmail.com,Giza,Greater Cairo,Bronze,2020-08-08
CUS00500,Hazem Barakat,Male,1986-03-23,1189034390,hazem.barakat6@gmail.com,Ismailia,Canal Zone,Silver,2021-04-04
CUS02520,Dina Sayed,female,12/10/1970,1023000847,,Zagazig,Nile Delta,Bronze,2021-06-03
CUS01857,Zeinab Hassan,Female,1997-09-11,1178234430,zeinab.hassan97@gmail.com,Zagazig,Nile Delta,Silver,2020-09-11
CUS01389,Ali Ismail,Male,1972-10-21,1023839095,ali.ismail15@outlook.com,Ismailia,Canal Zone,Bronze,2023-09-09
CUS01520,Hazem Badawi,MALE,1994-06-14,1292321426,hazem.badawi7@outlook.com,Port Said,Canal Zone,Silver,2021-03-27
CUS02387,Nadia Abdallah,female,1987-08-04,1148644859,nadia.abdallah88@outlook.com,Giza,Greater Cairo,Gold,2022-01-28
CUS02767,Karim Mansour,Male,1976-12-04,1056175274,karim.mansour80@yahoo.com,Alexandria,Alexandria,Silver,2020-11-16
CUS02077,Hany Mohamed,Male,1998-07-09,1249475498,hany.mohamed92@gmail.com,Cairo,Greater Cairo,Bronze,2020-08-06
CUS01541,Ola Nasser,Female,1993-10-15,1126775788,ola.nasser83@hotmail.com,Tanta,Nile Delta,Bronze,2023-08-28
CUS01218,Engy Shaaban,female,20/04/1973,1197110687,engy.shaaban49@hotmail.com,Tanta,Nile Delta,Bronze,2021-12-10
CUS01417,Aisha Bakr,female,23/02/1971,1126750164,aisha.bakr62@yahoo.com,Cairo,Greater Cairo,Platinum,2020-03-19
CUS02218,Walid Amin,Male,1990-07-01,1061388703,walid.amin62@outlook.com,Giza,Greater Cairo,Silver,2022-02-28
CUS02561,Heba Saad,Female,1997-10-12,1089666963,heba.saad20@yahoo.com,Hurghada,Red Sea,Bronze,2021-01-15
CUS01677,Salma Mohamed,Female,1989-06-15,1129165758,salma.mohamed12@outlook.com,Cairo,Greater Cairo,Platinum,2020-09-19
CUS01198,Hoda Saad,Female,1981-02-13,1247383278,hoda.saad5@yahoo.com,Ismailia,Canal Zone,Bronze,2023-09-03
CUS01543,Hossam Zaki,MALE,1976-07-18,1197067214,hossam.zaki19@hotmail.com,Alexandria,Alexandria,Bronze,2022-06-18
CUS00954,Ali Mahmoud,Male,12/10/1977,1091928972,ali.mahmoud85@gmail.com,Suez,Canal Zone,Bronze,2022-03-14
CUS00751,Manar Rizk,female,2003-07-06,1277072182,manar.rizk39@gmail.com,Cairo,Greater Cairo,Bronze,2023-07-13
CUS00235,Samir Attia,Male,06/10/1980,1281848989,samir.attia86@yahoo.com,Cairo,Greater Cairo,Bronze,2021-04-04
CUS00733,Sara Rizk,Female,28/05/1987,1189783556,sara.rizk73@yahoo.com,Mansoura,Nile Delta,Gold,2022-05-07
CUS01549,Radwa Badawi,Female,1995-11-08,1136567299,radwa.badawi46@outlook.com,Cairo,Greater Cairo,Bronze,2020-08-02
CUS01157,Bassem Rizk,male,2000-09-21,1074579455,bassem.rizk30@gmail.com,Cairo,Greater Cairo,Gold,2021-08-10
CUS02617,Fady Saad,Male,2001-10-03,1088263481,fady.saad96@outlook.com,Giza,Greater Cairo,Gold,2022-09-23
CUS02446,Ahmed Badawi,Male,2003-05-23,1143966025,ahmed.badawi53@outlook.com,Giza,Greater Cairo,Silver,2021-02-20
CUS01210,Rana Saad,FEMALE,1984-09-17,1247303947,rana.saad89@gmail.com,Sharm El Sheikh,South Sinai,Bronze,2023-12-18
CUS01066,Ashraf Attia,Male,1985-05-27,1179657329,ashraf.attia69@gmail.com,Zagazig,Nile Delta,Silver,2023-05-25
CUS02157,Omar Ismail,Male,1989-01-21,1085722289,omar.ismail37@hotmail.com,Cairo,Greater Cairo,Bronze,2021-01-17
CUS01063,Bassem Khalil,MALE,1992-10-27,1028571145,bassem.khalil21@hotmail.com,Hurghada,Red Sea,Bronze,2022-04-20
CUS01168,Magdy Khalil,MALE,1987-08-14,1084518625,magdy.khalil97@hotmail.com,Alexandria,Alexandria,Gold,2022-01-06
CUS01493,Mahmoud Wahba,Male,2001-08-09,1160242229,mahmoud.wahba65@hotmail.com,Cairo,Greater Cairo,Gold,2021-10-12
CUS02515,Emad Nasser,Male,2001-03-25,1036629338,emad.nasser64@outlook.com,Mansoura,Nile Delta,Platinum,2021-09-26
CUS00885,Maged Ragab,Male,1999-11-05,1025457307,,Hurghada,Red Sea,Gold,2023-02-05
CUS00144,Magdy Younis,Male,2001-04-19,1082963514,magdy.younis71@yahoo.com,Giza,Greater Cairo,Bronze,2020-09-05
CUS02990,Ghada Ahmed,Female,1984-01-11,1045101571,ghada.ahmed53@hotmail.com,Luxor,Upper Egypt,Bronze,2020-04-07
CUS00851,Manar Mostafa,Female,23/08/1999,1064044021,manar.mostafa19@gmail.com,Cairo,Greater Cairo,Silver,2022-01-13
CUS00718,Amira Mohamed,Female,1971-01-10,1037794800,amira.mohamed16@outlook.com,Ismailia,Canal Zone,Bronze,2022-11-13
CUS02890,Eman Mahmoud,Female,18/12/1985,1273559135,,Aswan,Upper Egypt,Silver,2020-11-26
CUS02503,Hany Hamdy,Male,1971-01-14,1244766218,hany.hamdy40@yahoo.com,Alexandria,Alexandria,Gold,2022-01-16
CUS00265,Manar Farouk,Female,1975-12-28,1222714930,manar.farouk55@yahoo.com,Luxor,Upper Egypt,Gold,2022-02-21
CUS00076,Hassan Wahba,Male,24/12/1974,1044345256,hassan.wahba7@gmail.com,Zagazig,Nile Delta,Bronze,2021-01-28
CUS02493,Adel Younis,male,1986-01-25,1183327306,adel.younis20@outlook.com,Hurghada,Red Sea,Platinum,2020-12-21
CUS00396,Ayman Hassan,Male,1985-05-02,1249379055,ayman.hassan67@hotmail.com,Port Said,Canal Zone,Silver,2021-12-04
CUS02589,Manar Nasser,Female,1977-04-01,1029114425,manar.nasser67@outlook.com,Cairo,Greater Cairo,Bronze,2022-01-20
CUS02225,Mona Mansour,Female,1976-04-03,1065154377,mona.mansour82@gmail.com,Cairo,Greater Cairo,Platinum,2021-05-14
CUS02847,Manar Ismail,Female,1996-11-24,1039268622,manar.ismail24@yahoo.com,Hurghada,Red Sea,Silver,2020-04-05
CUS00397,Mahmoud Ismail,MALE,1979-05-28,1028013093,mahmoud.ismail80@outlook.com,Luxor,Upper Egypt,Bronze,2020-09-09
CUS01366,Heba Amin,Female,1985-04-12,1240291991,,Cairo,Greater Cairo,Silver,2020-03-23
CUS02542,Zeinab Hafez,Female,1977-09-25,1085537487,zeinab.hafez27@gmail.com,Hurghada,Red Sea,Platinum,2022-04-01
CUS01904,Hazem Ramadan,male,1998-05-15,1223388485,,Cairo,Greater Cairo,Bronze,2020-10-17
CUS00596,Khaled Salem,MALE,1988-07-09,1240590640,khaled.salem34@hotmail.com,Alexandria,Alexandria,Gold,2023-08-20
CUS02110,Salma Hafez,Female,1974-12-07,1291640859,salma.hafez37@outlook.com,Ismailia,Canal Zone,Silver,2020-05-05
CUS01297,Heba Salem,Female,1984-11-26,1116606138,heba.salem97@outlook.com,Cairo,Greater Cairo,Silver,2020-12-02
CUS01822,Dina Zaki,Female,20/11/1979,1212157711,dina.zaki57@outlook.com,Cairo,Greater Cairo,Bronze,2021-06-28
CUS00873,Reem Ragab,female,1986-08-06,1084188311,reem.ragab67@gmail.com,Mansoura,Nile Delta,Bronze,2023-03-26
CUS02959,Fatima Ali,Female,12/11/1978,1257143574,fatima.ali82@hotmail.com,Cairo,Greater Cairo,Bronze,2023-12-07
CUS02327,Essam Ramadan,Male,1985-06-06,1124687093,essam.ramadan68@outlook.com,Aswan,Upper Egypt,Bronze,2023-02-02
CUS00037,Dina Rizk,female,03/01/1974,1096702893,dina.rizk43@gmail.com,Giza,Greater Cairo,Bronze,2020-08-02
CUS02951,Rania Hamdy,female,1974-01-21,1284713976,rania.hamdy38@yahoo.com,Aswan,Upper Egypt,Bronze,2020-01-05
CUS02144,Manar Ibrahim,female,1985-09-18,1156071748,manar.ibrahim5@gmail.com,Giza,Greater Cairo,Silver,2022-10-12
CUS02600,Khaled Rizk,Male,1973-06-22,1146162961,khaled.rizk3@outlook.com,Cairo,Greater Cairo,Gold,2020-02-20
CUS00978,Hana Ibrahim,FEMALE,1994-10-05,1288099210,hana.ibrahim40@gmail.com,Cairo,Greater Cairo,Bronze,2020-09-05
CUS01572,Mahmoud Zaki,Male,1998-12-26,1025712553,mahmoud.zaki38@yahoo.com,Cairo,Greater Cairo,Silver,2023-01-15
CUS01123,Shaimaa Mahmoud,female,1997-08-09,1142875807,shaimaa.mahmoud76@hotmail.com,Luxor,Upper Egypt,Bronze,2021-04-14
CUS02240,Mahmoud Farouk,Male,1994-04-17,1088173211,mahmoud.farouk65@hotmail.com,Cairo,Greater Cairo,Silver,2021-01-25
CUS02505,Dalia Nasser,female,1994-01-17,1059283441,dalia.nasser97@yahoo.com,Cairo,Greater Cairo,Bronze,2020-07-15
CUS01893,Amira Mahmoud,Female,1975-02-12,1033248060,amira.mahmoud25@yahoo.com,Hurghada,Red Sea,Bronze,2021-10-14
CUS00676,Youssef Salem,Male,1980-07-04,1292985330,youssef.salem36@yahoo.com,Ismailia,Canal Zone,Gold,2020-11-05
CUS00729,Omar Salem,Male,1978-09-05,1074114251,omar.salem97@outlook.com,Cairo,Greater Cairo,Bronze,2022-04-27
CUS00413,Amira Gouda,Female,1976-12-24,1292020513,amira.gouda30@gmail.com,Port Said,Canal Zone,Bronze,2021-07-02
CUS01517,Ramy Mahmoud,Male,06/06/1988,1215998983,ramy.mahmoud3@yahoo.com,Mansoura,Nile Delta,Bronze,2023-01-26
CUS00826,Samir Farouk,Male,1984-07-17,1156030008,samir.farouk22@yahoo.com,Suez,Canal Zone,Silver,2021-10-20
CUS00617,Ramy Mohamed,Male,1978-08-04,1113412336,ramy.mohamed58@outlook.com,Cairo,Greater Cairo,Silver,2023-04-07
CUS00115,Nadia Rizk,Female,1997-10-12,1246985109,nadia.rizk72@outlook.com,Mansoura,Nile Delta,Silver,2021-06-18
CUS00418,Nader Zaki,MALE,2000-04-18,1230625554,nader.zaki98@hotmail.com,Giza,Greater Cairo,Silver,2022-08-21
CUS01626,Nour Hassan,Female,1980-03-08,1027399889,nour.hassan60@outlook.com,Tanta,Nile Delta,Bronze,2020-03-12
CUS02987,Suzy Attia,Female,2003-09-17,1156930070,suzy.attia46@outlook.com,Cairo,Greater Cairo,Bronze,2023-02-04
CUS00090,Hana Ali,Female,1992-08-04,1285414925,hana.ali90@hotmail.com,Alexandria,Alexandria,Bronze,2020-07-13
CUS02083,Tamer Sayed,Male,10/07/1998,1120079941,tamer.sayed6@yahoo.com,Alexandria,Alexandria,Silver,2021-11-07
CUS00754,Maged Lotfy,Male,1997-02-20,1157617011,maged.lotfy62@gmail.com,Giza,Greater Cairo,Bronze,2022-06-07
CUS02547,Mona Bakr,Female,1996-07-25,1124657843,mona.bakr3@outlook.com,Cairo,Greater Cairo,Gold,2023-09-21
CUS01631,Rania Rizk,female,1977-10-25,1099863623,rania.rizk12@gmail.com,Zagazig,Nile Delta,Silver,2020-10-26
CUS00012,Mohamed Farouk,Male,1988-01-09,1082156607,mohamed.farouk64@gmail.com,Ismailia,Canal Zone,Silver,2020-05-25
CUS00285,Osama Khalil,Male,1999-07-04,1115474970,osama.khalil15@yahoo.com,Alexandria,Alexandria,Bronze,2020-06-03
CUS01067,Samir Bakr,Male,1970-10-06,1295900652,samir.bakr16@gmail.com,Cairo,Greater Cairo,Platinum,2021-07-05
CUS01192,Magdy Ramadan,Male,1979-04-22,1037593285,,Alexandria,Alexandria,Bronze,2022-05-23
CUS01441,Ashraf Salem,Male,1977-11-15,1226979489,,Ismailia,Canal Zone,Bronze,2023-04-28
CUS02849,Walid Salem,Male,1979-06-23,1246207497,walid.salem65@outlook.com,Alexandria,Alexandria,Gold,2020-02-15
CUS02848,Suzy Wahba,Female,1983-05-07,1181911375,,Cairo,Greater Cairo,Bronze,2023-08-14
CUS02756,Aisha Ismail,Female,08/02/1988,1142101779,aisha.ismail97@gmail.com,Giza,Greater Cairo,Silver,2020-06-11
CUS01569,Fatima Hafez,Female,1975-07-09,1241119594,fatima.hafez58@outlook.com,Mansoura,Nile Delta,Silver,2022-02-25
CUS02428,Hana Salem,Female,2000-07-23,1229515155,hana.salem34@outlook.com,Port Said,Canal Zone,Gold,2021-09-15
CUS02621,Nadia Hassan,Female,2002-12-14,1220613190,nadia.hassan90@yahoo.com,Hurghada,Red Sea,Silver,2020-07-11
CUS01688,Nader Mostafa,male,1988-10-15,1045229697,nader.mostafa35@outlook.com,Alexandria,Alexandria,Bronze,2023-02-10
CUS00852,Youssef Mansour,Male,12/11/1984,1131369764,youssef.mansour43@outlook.com,Zagazig,Nile Delta,Bronze,2020-11-09
CUS02208,Fady Ismail,Male,1995-01-25,1224336913,fady.ismail21@hotmail.com,Luxor,Upper Egypt,Bronze,2023-01-02
CUS00896,Heba Hafez,Female,1973-08-03,1078231337,heba.hafez30@hotmail.com,Cairo,Greater Cairo,Gold,2020-01-27
CUS00497,Hossam Hamdy,Male,1987-07-13,1224406372,hossam.hamdy16@outlook.com,Alexandria,Alexandria,Bronze,2020-10-10
CUS02306,Hussein Amin,MALE,1979-07-16,1070572729,hussein.amin93@outlook.com,Giza,Greater Cairo,Gold,2023-05-14
CUS01783,Essam Younis,Male,1987-06-13,1169276156,essam.younis99@yahoo.com,Alexandria,Alexandria,Bronze,2020-08-19
CUS00336,Noha Amin,Female,1978-01-02,1051831217,noha.amin75@yahoo.com,Cairo,Greater Cairo,Silver,2021-08-10
CUS00516,Nadia Nasser,Female,24/06/1971,1268260695,nadia.nasser14@outlook.com,Cairo,Greater Cairo,Bronze,2022-09-15
CUS01349,Hany Salem,Male,1979-03-06,1230806860,hany.salem68@yahoo.com,Ismailia,Canal Zone,Silver,2022-10-19
CUS01016,Ghada Zaki,FEMALE,1982-01-17,1287607161,,Port Said,Canal Zone,Bronze,2020-10-03
CUS02856,Doha Mahmoud,Female,1983-10-01,1034070150,doha.mahmoud39@outlook.com,Alexandria,Alexandria,Gold,2022-11-27
CUS02851,Zeinab Amin,Female,1973-10-19,1271970673,zeinab.amin16@outlook.com,Mansoura,Nile Delta,Silver,2021-12-27
CUS01782,Mona Wahba,Female,1985-05-17,1189707590,mona.wahba70@outlook.com,Suez,Canal Zone,Silver,2023-11-06
CUS02570,Youssef Ramadan,male,1970-09-24,1152791853,youssef.ramadan14@outlook.com,Port Said,Canal Zone,Silver,2020-08-28
CUS01786,Hazem Hafez,Male,1979-11-05,1172409137,hazem.hafez72@yahoo.com,Suez,Canal Zone,Silver,2023-11-19
CUS02071,Noha Nasser,Female,13/02/1980,1211693674,noha.nasser34@gmail.com,Zagazig,Nile Delta,Silver,2021-03-22
CUS00357,Mohamed Ibrahim,Male,1999-07-11,1263598753,,Cairo,Greater Cairo,Silver,2021-06-22
CUS02900,Eman Badawi,Female,1979-06-10,1129693407,eman.badawi40@yahoo.com,Cairo,Greater Cairo,Bronze,2020-08-27
CUS01313,Yasmin Gamal,Female,1975-02-09,1288968371,yasmin.gamal9@yahoo.com,Alexandria,Alexandria,Silver,2020-05-01
CUS01636,Eman Ahmed,Female,1999-12-09,1039861312,eman.ahmed81@outlook.com,Cairo,Greater Cairo,Bronze,2020-10-08
CUS00551,Hoda Attia,Female,1983-06-24,1228164926,hoda.attia23@yahoo.com,Alexandria,Alexandria,Bronze,2023-02-01
CUS02389,Omar Ismail,MALE,1983-12-10,1287781486,omar.ismail23@outlook.com,Tanta,Nile Delta,Bronze,2021-05-20
CUS02480,Ayman Ibrahim,Male,1996-07-24,1160524625,,Hurghada,Red Sea,Platinum,2022-04-09
CUS02522,Eman Lotfy,female,1994-02-28,1241704978,eman.lotfy63@yahoo.com,Cairo,Greater Cairo,Bronze,2020-11-24
CUS02266,Engy Ramadan,Female,1994-04-27,1195094024,engy.ramadan39@outlook.com,Mansoura,Nile Delta,Silver,2023-05-24
CUS01228,Hossam Ramadan,Male,1997-10-26,1093535134,hossam.ramadan73@gmail.com,Cairo,Greater Cairo,Bronze,2022-07-18
CUS02725,Rania Hassan,FEMALE,05/11/1985,1077481727,rania.hassan52@gmail.com,Giza,Greater Cairo,Bronze,2020-10-15
CUS00958,Mahmoud Salem,MALE,1992-09-22,1264127552,mahmoud.salem94@hotmail.com,Cairo,Greater Cairo,Silver,2023-05-17
CUS01774,Essam Gamal,MALE,16/11/1995,1284463328,essam.gamal42@outlook.com,Port Said,Canal Zone,Platinum,2022-11-15
CUS02142,Ashraf Saad,Male,1975-04-13,1221394849,ashraf.saad66@yahoo.com,Alexandria,Alexandria,Silver,2021-12-26
CUS01009,Suzy Saad,Female,01/04/1976,1199791980,suzy.saad84@hotmail.com,Cairo,Greater Cairo,Bronze,2021-01-22
CUS01093,Ayman Ali,Male,1973-12-17,1181808026,,Mansoura,Nile Delta,Bronze,2022-01-05
CUS02719,Ali Wahba,male,1972-06-12,1149593469,ali.wahba9@yahoo.com,Aswan,Upper Egypt,Bronze,2022-04-14
CUS00997,Yasmin Mostafa,Female,1975-06-24,1269946219,yasmin.mostafa47@hotmail.com,Suez,Canal Zone,Silver,2021-07-17
CUS01680,Hoda Abdallah,Female,21/02/1999,1162874708,hoda.abdallah67@outlook.com,Tanta,Nile Delta,Bronze,2022-03-17
CUS00154,Heba Zaki,female,1972-12-26,1261210252,heba.zaki56@outlook.com,Alexandria,Alexandria,Silver,2020-04-24
CUS02830,Omar Ramadan,Male,13/09/1970,1049751649,omar.ramadan75@outlook.com,Cairo,Greater Cairo,Gold,2023-12-01
CUS00581,Mohamed Mansour,Male,1986-12-21,1220641221,mohamed.mansour34@hotmail.com,Giza,Greater Cairo,Bronze,2021-12-26
CUS01471,Fatima Mansour,Female,1989-03-21,1096750195,fatima.mansour68@yahoo.com,Alexandria,Alexandria,Gold,2020-07-22
CUS00704,Hossam Hassan,Male,1992-12-03,1259407992,hossam.hassan1@hotmail.com,Cairo,Greater Cairo,Silver,2022-09-12
CUS01213,Hazem Ali,MALE,2003-11-28,1070969959,hazem.ali71@yahoo.com,Cairo,Greater Cairo,Silver,2022-05-27
CUS00897,Akram Saad,MALE,2001-05-07,1133485502,akram.saad45@hotmail.com,Giza,Greater Cairo,Bronze,2023-07-23
CUS00488,Maged Ali,Male,1983-05-27,1226567268,maged.ali1@gmail.com,Giza,Greater Cairo,Gold,2022-03-12
CUS00560,Noha Abdallah,Female,1975-07-27,1017522634,noha.abdallah36@yahoo.com,Mansoura,Nile Delta,Silver,2020-06-27
CUS01142,Heba Badawi,FEMALE,03/02/1973,1114353181,heba.badawi15@yahoo.com,Giza,Greater Cairo,Silver,2020-12-16
CUS01120,Fatima Khalil,Female,07/03/1974,1275990558,fatima.khalil43@gmail.com,Cairo,Greater Cairo,Bronze,2021-04-01
CUS00513,Hussein Ahmed,MALE,1992-07-23,1275257692,hussein.ahmed30@hotmail.com,Port Said,Canal Zone,Silver,2021-02-12
CUS00634,Hussein Gouda,Male,1984-11-15,1126759028,hussein.gouda97@hotmail.com,Alexandria,Alexandria,Gold,2022-01-13
CUS02628,Dina Shaaban,Female,1978-11-27,1212323115,,Tanta,Nile Delta,Silver,2023-07-02
CUS01665,Omar Ramadan,MALE,1980-08-20,1267697780,,Sharm El Sheikh,South Sinai,Bronze,2022-06-11
CUS01013,Sara Fathy,female,1976-03-24,1222053475,sara.fathy92@outlook.com,Port Said,Canal Zone,Silver,2023-08-18
CUS01932,Essam Hamdy,MALE,1984-04-11,1133882168,essam.hamdy71@outlook.com,Alexandria,Alexandria,Bronze,2022-08-17
CUS01151,Rania Farouk,female,1978-05-18,1177563757,,Tanta,Nile Delta,Gold,2023-10-26
CUS02853,Tarek Fathy,Male,1986-01-10,1059668050,tarek.fathy3@yahoo.com,Cairo,Greater Cairo,Bronze,2022-05-15
CUS00117,Rana Lotfy,Female,1970-02-27,1073306295,rana.lotfy11@gmail.com,Hurghada,Red Sea,Silver,2023-07-20
CUS00741,Amr Farouk,Male,01/02/1987,1051405395,amr.farouk30@gmail.com,Alexandria,Alexandria,Bronze,2020-07-23
CUS02809,Nadia Ibrahim,Female,1976-12-01,1032902802,nadia.ibrahim39@gmail.com,Alexandria,Alexandria,Gold,2023-03-08
CUS01975,Ashraf Farouk,Male,2003-06-28,1171214909,ashraf.farouk10@hotmail.com,Giza,Greater Cairo,Silver,2021-08-18
CUS01082,Sara Gamal,Female,1981-08-18,1136346840,sara.gamal9@hotmail.com,Cairo,Greater Cairo,Silver,2021-02-15
CUS01811,Dina Hamdy,Female,1973-07-24,1222162326,,Mansoura,Nile Delta,Silver,2023-11-26
CUS00831,Ahmed Barakat,Male,1998-04-11,1141866734,ahmed.barakat18@outlook.com,Cairo,Greater Cairo,Silver,2020-04-08
CUS00120,Amira Attia,female,1995-10-01,1133492771,amira.attia15@hotmail.com,Alexandria,Alexandria,Platinum,2022-12-15
CUS00657,Heba Barakat,Female,1975-11-21,1180778039,heba.barakat83@yahoo.com,Giza,Greater Cairo,Bronze,2022-06-05
CUS02834,Ahmed Saad,Male,1982-11-09,1049830164,ahmed.saad64@outlook.com,Giza,Greater Cairo,Gold,2023-05-23
CUS02737,Ayman Mohamed,Male,1974-06-02,1295533714,ayman.mohamed41@gmail.com,Sharm El Sheikh,South Sinai,Bronze,2021-10-17
CUS02980,Radwa Bakr,Female,09/12/1989,1229113941,radwa.bakr79@yahoo.com,Ismailia,Canal Zone,Gold,2020-03-11
CUS00636,Zeinab Ahmed,Female,1976-05-27,1247026058,zeinab.ahmed33@hotmail.com,Giza,Greater Cairo,Silver,2020-01-04
CUS00370,Bassem Gouda,Male,1974-06-05,1272982807,bassem.gouda94@hotmail.com,Cairo,Greater Cairo,Gold,2023-07-14
CUS00269,Mahmoud Ismail,Male,1980-05-05,1044681437,mahmoud.ismail6@outlook.com,Giza,Greater Cairo,Gold,2020-01-28
CUS00047,Omar Gamal,Male,24/02/1986,1016462242,omar.gamal64@outlook.com,Giza,Greater Cairo,Bronze,2022-09-13
CUS00992,Eman Hafez,Female,1982-06-08,1159757038,eman.hafez94@outlook.com,Tanta,Nile Delta,Gold,2020-07-07
CUS00877,Adel Amin,Male,1979-04-06,1197687081,adel.amin70@yahoo.com,Tanta,Nile Delta,Bronze,2022-09-10
CUS00774,Engy Amin,Female,14/01/1995,1020214735,engy.amin54@gmail.com,Giza,Greater Cairo,Bronze,2022-10-22
CUS01220,Reham Salem,Female,1977-06-28,1286498139,reham.salem92@outlook.com,Cairo,Greater Cairo,Platinum,2023-03-07
CUS01127,Samir Hassan,Male,1979-07-05,1081253299,samir.hassan18@outlook.com,Cairo,Greater Cairo,Platinum,2021-06-21
CUS00005,Yasmin Gamal,female,04/08/1971,1165831276,yasmin.gamal45@hotmail.com,Cairo,Greater Cairo,Bronze,2022-08-26
CUS01596,Eman Mohamed,Female,1988-03-10,1188004977,eman.mohamed73@hotmail.com,Alexandria,Alexandria,Bronze,2020-10-03
CUS02312,Reem Gouda,Female,1976-06-16,1044908784,,Luxor,Upper Egypt,Silver,2023-07-01
CUS02492,Hassan Farouk,Male,1977-11-27,1218420105,hassan.farouk75@gmail.com,Cairo,Greater Cairo,Silver,2020-05-15
CUS01078,Ramy Abdallah,Male,1990-02-13,1077425226,,Tanta,Nile Delta,Gold,2022-01-17
CUS00838,Radwa Saad,Female,13/09/1975,1260774044,radwa.saad72@outlook.com,Giza,Greater Cairo,Gold,2023-02-22
CUS00682,Emad Mahmoud,Male,1998-11-03,1252763636,emad.mahmoud98@gmail.com,Cairo,Greater Cairo,Bronze,2021-02-06
CUS01716,Zeinab Mostafa,Female,2002-11-07,1098460162,zeinab.mostafa69@gmail.com,Sharm El Sheikh,South Sinai,Silver,2020-03-05
CUS02353,Hussein Khalil,Male,27/03/1983,1226925127,hussein.khalil32@hotmail.com,Mansoura,Nile Delta,Silver,2023-01-25
CUS02618,Sherif Ali,MALE,1970-05-11,1035984086,sherif.ali23@gmail.com,Cairo,Greater Cairo,Bronze,2023-01-01
CUS02362,Omar Attia,male,1970-04-16,1294694682,omar.attia18@gmail.com,Giza,Greater Cairo,Silver,2020-05-12
CUS02198,Mahmoud Ismail,Male,11/01/1986,1137594352,mahmoud.ismail13@gmail.com,Luxor,Upper Egypt,Bronze,2020-05-26
CUS01149,Bassem Badawi,Male,14/02/1992,1225890596,bassem.badawi96@yahoo.com,Luxor,Upper Egypt,Silver,2020-06-02
CUS00575,Ashraf Mansour,male,1980-07-22,1224284867,,Luxor,Upper Egypt,Bronze,2023-01-06
CUS00051,Ibrahim Zaki,Male,1995-08-16,1245568288,ibrahim.zaki48@yahoo.com,Ismailia,Canal Zone,Bronze,2023-01-09
CUS00854,Mohamed Khalil,Male,1978-01-28,1114551461,mohamed.khalil56@hotmail.com,Suez,Canal Zone,Bronze,2022-11-05
CUS01983,Reem Abdallah,Female,1985-02-27,1157952384,reem.abdallah22@outlook.com,Giza,Greater Cairo,Gold,2022-10-03
CUS01824,Samir Lotfy,Male,2003-06-19,1028085930,samir.lotfy58@outlook.com,Hurghada,Red Sea,Bronze,2020-02-25
CUS00834,Tarek Lotfy,Male,11/03/1985,1223816907,tarek.lotfy25@yahoo.com,Cairo,Greater Cairo,Gold,2021-02-06
CUS01116,Rania Bakr,Female,1975-03-26,1182543688,rania.bakr69@outlook.com,Alexandria,Alexandria,Bronze,2022-08-18
CUS01167,Karim Badawi,MALE,1972-06-22,1014415512,karim.badawi24@hotmail.com,Aswan,Upper Egypt,Bronze,2022-07-19
CUS02519,Fady Barakat,male,1975-02-18,1192011499,fady.barakat15@outlook.com,Tanta,Nile Delta,Bronze,2022-03-28
CUS01907,Hazem Ibrahim,male,2001-01-02,1130280473,hazem.ibrahim84@hotmail.com,Port Said,Canal Zone,Silver,2023-06-20
CUS00972,Ahmed Ali,male,1972-11-14,1216227011,ahmed.ali53@hotmail.com,Port Said,Canal Zone,Gold,2021-01-05
CUS00400,Eman Salem,FEMALE,01/05/1984,1060621018,eman.salem16@yahoo.com,Zagazig,Nile Delta,Gold,2022-10-27
CUS02560,Hazem Amin,Male,1998-10-21,1090763816,hazem.amin97@gmail.com,Alexandria,Alexandria,Bronze,2021-03-26
CUS02369,Emad Ramadan,male,17/05/1992,1110745899,,Giza,Greater Cairo,Bronze,2022-12-14
CUS00020,Nader Mostafa,male,05/12/1997,1119506414,,Giza,Greater Cairo,Bronze,2022-05-05
CUS00685,Suzy Mansour,female,2000-05-24,1289431668,,Port Said,Canal Zone,Bronze,2021-04-09
CUS00036,Aisha Shaaban,female,1998-09-24,1243534652,aisha.shaaban8@yahoo.com,Hurghada,Red Sea,Bronze,2021-04-27
CUS02877,Hossam Gamal,Male,1972-12-18,1050185344,hossam.gamal50@yahoo.com,Alexandria,Alexandria,Bronze,2021-09-12
CUS00525,Wael Badawi,Male,1996-06-03,1185223282,wael.badawi58@outlook.com,Aswan,Upper Egypt,Gold,2021-10-27
CUS02456,Tamer Gamal,Male,1972-01-14,1133641606,tamer.gamal32@hotmail.com,Cairo,Greater Cairo,Bronze,2022-11-14
CUS00921,Khaled Sayed,Male,2002-10-09,1159981121,,Luxor,Upper Egypt,Silver,2022-03-10
CUS01842,Mahmoud Nasser,Male,1983-02-06,1034993585,,Giza,Greater Cairo,Bronze,2023-01-10
CUS01891,Ali Younis,Male,1982-02-16,1059735290,ali.younis12@outlook.com,Cairo,Greater Cairo,Silver,2021-04-13
CUS00538,Ayman Mostafa,Male,1981-08-11,1225238583,ayman.mostafa63@outlook.com,Cairo,Greater Cairo,Bronze,2021-01-10
CUS01706,Manar Fathy,female,06/06/1976,1074362557,manar.fathy37@gmail.com,Cairo,Greater Cairo,Bronze,2022-04-08
CUS02979,Amira Younis,Female,1977-04-26,1113153095,amira.younis76@outlook.com,Tanta,Nile Delta,Bronze,2023-06-15
CUS00246,Rana Bakr,Female,1990-11-26,1146434606,rana.bakr19@gmail.com,Port Said,Canal Zone,Bronze,2021-09-10
CUS00785,Mona Zaki,female,1996-02-22,1146111036,mona.zaki1@gmail.com,Cairo,Greater Cairo,Gold,2023-01-16
CUS01410,Salma Badawi,Female,1996-07-03,1066033776,salma.badawi11@yahoo.com,Luxor,Upper Egypt,Bronze,2021-11-21
CUS02538,Engy Ismail,Female,1983-04-25,1264506267,engy.ismail98@yahoo.com,Cairo,Greater Cairo,Platinum,2023-11-22
CUS00155,Fatima Lotfy,female,1973-05-17,1052857940,fatima.lotfy7@outlook.com,Ismailia,Canal Zone,Silver,2023-10-19
CUS01687,Nader Abdallah,Male,25/11/1991,1035137242,nader.abdallah88@outlook.com,Port Said,Canal Zone,Bronze,2022-04-06
CUS00626,Mona Lotfy,Female,1973-04-06,1029187023,mona.lotfy2@outlook.com,Giza,Greater Cairo,Silver,2023-06-07
CUS02924,Nader Barakat,Male,1993-06-17,1240119082,nader.barakat98@outlook.com,Cairo,Greater Cairo,Bronze,2023-05-05
CUS01347,Samir Saad,Male,01/04/1977,1178349575,samir.saad90@outlook.com,Giza,Greater Cairo,Platinum,2020-01-01
CUS00570,Amira Abdallah,Female,11/11/1978,1022133101,amira.abdallah22@outlook.com,Giza,Greater Cairo,Bronze,2020-11-05
CUS02981,Hossam Gouda,male,1987-01-25,1117795914,hossam.gouda86@outlook.com,Giza,Greater Cairo,Silver,2022-01-18
CUS01759,Rania Ragab,FEMALE,1971-04-10,1232158429,rania.ragab27@outlook.com,Cairo,Greater Cairo,Gold,2021-07-19
CUS01817,Salma Farouk,Female,1982-01-06,1157939516,salma.farouk18@gmail.com,Giza,Greater Cairo,Bronze,2023-03-08
CUS02066,Karim Amin,Male,1995-11-25,1239105235,karim.amin11@yahoo.com,Hurghada,Red Sea,Bronze,2023-01-06
CUS00128,Doha Fathy,Female,1989-05-18,1216403434,doha.fathy61@gmail.com,Luxor,Upper Egypt,Bronze,2023-12-11
CUS02007,Hoda Mahmoud,FEMALE,17/02/1980,1247483872,hoda.mahmoud73@outlook.com,Giza,Greater Cairo,Bronze,2020-03-08
CUS00981,Mariam Ali,female,1983-01-09,1230034371,mariam.ali17@gmail.com,Giza,Greater Cairo,Bronze,2021-06-23
CUS00191,Walid Sayed,Male,1990-09-21,1050549608,walid.sayed71@yahoo.com,Cairo,Greater Cairo,Bronze,2023-07-03
CUS01140,Hussein Sayed,Male,1972-03-03,1059804167,hussein.sayed24@yahoo.com,Alexandria,Alexandria,Bronze,2020-02-23
CUS00993,Amr Hafez,Male,01/06/1988,1211062915,amr.hafez40@gmail.com,Cairo,Greater Cairo,Bronze,2022-03-25
CUS00700,Mahmoud Younis,male,1990-10-25,1215285691,mahmoud.younis9@gmail.com,Alexandria,Alexandria,Silver,2021-03-04
CUS00607,Walid Ahmed,male,1996-06-21,1071322699,walid.ahmed92@hotmail.com,Cairo,Greater Cairo,Bronze,2022-06-01
CUS00181,Aisha Mansour,Female,1982-06-27,1174304823,aisha.mansour81@outlook.com,Giza,Greater Cairo,Gold,2022-08-26
CUS00302,Suzy Rizk,FEMALE,1991-06-25,1084762274,suzy.rizk86@gmail.com,Alexandria,Alexandria,Bronze,2020-08-26
CUS02545,Rania Zaki,Female,1985-09-15,1173192975,rania.zaki82@hotmail.com,Cairo,Greater Cairo,Bronze,2022-07-16
CUS02823,Akram Mohamed,male,1971-08-19,1165979497,akram.mohamed63@hotmail.com,Mansoura,Nile Delta,Silver,2020-10-07
CUS01061,Youssef Hassan,male,2003-02-28,1245755742,youssef.hassan53@gmail.com,Luxor,Upper Egypt,Bronze,2023-09-23
CUS02867,Nader Mansour,Male,01/02/1971,1225019417,nader.mansour88@hotmail.com,Alexandria,Alexandria,Bronze,2022-05-25
CUS02926,Radwa Gouda,Female,1981-06-08,1078663550,radwa.gouda57@hotmail.com,Suez,Canal Zone,Gold,2022-02-04
CUS02566,Ashraf Rizk,Male,13/07/1984,1242706628,ashraf.rizk11@hotmail.com,Giza,Greater Cairo,Bronze,2022-04-11
CUS01070,Magdy Hamdy,Male,1970-01-01,1016163850,magdy.hamdy76@hotmail.com,Giza,Greater Cairo,Bronze,2021-01-12
CUS02525,Karim Ahmed,Male,1979-05-01,1151526888,karim.ahmed54@outlook.com,Hurghada,Red Sea,Silver,2022-04-08
CUS02206,Suzy Salem,FEMALE,1993-02-26,1290068637,suzy.salem42@hotmail.com,Suez,Canal Zone,Silver,2023-12-12
CUS01244,Ashraf Mansour,Male,23/06/1985,1260456057,ashraf.mansour50@gmail.com,Aswan,Upper Egypt,Bronze,2022-01-05
CUS00017,Ramy Ibrahim,Male,1995-04-14,1076399516,ramy.ibrahim73@outlook.com,Giza,Greater Cairo,Bronze,2022-11-25
CUS00547,Dina Salem,Female,1995-10-27,1180250319,dina.salem33@outlook.com,Cairo,Greater Cairo,Gold,2022-12-11
CUS00659,Shaimaa Mansour,Female,1990-12-02,1213753144,shaimaa.mansour7@outlook.com,Mansoura,Nile Delta,Silver,2021-09-12
CUS02750,Osama Hassan,Male,1989-12-14,1280485498,osama.hassan72@gmail.com,Mansoura,Nile Delta,Gold,2023-07-07
CUS02781,Reham Farouk,Female,25/05/1980,1215071282,reham.farouk87@outlook.com,Cairo,Greater Cairo,Bronze,2020-03-04
CUS01505,Sherif Hamdy,Male,1974-09-22,1011162685,sherif.hamdy54@hotmail.com,Giza,Greater Cairo,Platinum,2020-06-07
CUS00960,Amr Bakr,male,1984-07-26,1249985512,amr.bakr58@outlook.com,Zagazig,Nile Delta,Bronze,2022-12-02
CUS02332,Ashraf Shaaban,Male,11/05/1990,1217181290,ashraf.shaaban1@gmail.com,Cairo,Greater Cairo,Gold,2020-08-13
CUS00798,Omar Sayed,Male,1978-04-14,1037509178,,Alexandria,Alexandria,Bronze,2023-12-05
CUS00226,Tamer Hassan,Male,1996-01-02,1177674770,tamer.hassan13@outlook.com,Cairo,Greater Cairo,Silver,2023-04-03
CUS02075,Ghada Nasser,female,1971-05-22,1058454479,ghada.nasser8@hotmail.com,Luxor,Upper Egypt,Silver,2020-08-11
CUS01800,Walid Hassan,Male,1976-10-04,1090961227,walid.hassan94@gmail.com,Cairo,Greater Cairo,Silver,2023-04-28
CUS02486,Hoda Badawi,Female,1997-11-07,1089782008,hoda.badawi80@outlook.com,Ismailia,Canal Zone,Bronze,2020-09-15
CUS02278,Hossam Wahba,Male,1990-06-01,1096246474,hossam.wahba18@outlook.com,Alexandria,Alexandria,Platinum,2021-10-24
CUS02086,Wael Wahba,Male,1995-11-14,1091393213,wael.wahba35@yahoo.com,Alexandria,Alexandria,Silver,2023-04-19
CUS01694,Reem Shaaban,Female,1994-12-22,1066920243,reem.shaaban20@gmail.com,Cairo,Greater Cairo,Silver,2023-06-11
CUS01046,Ramy Salem,male,1971-07-03,1156880867,,Mansoura,Nile Delta,Gold,2022-10-24
CUS00470,Emad Ragab,Male,1977-02-15,1090722659,emad.ragab83@gmail.com,Ismailia,Canal Zone,Gold,2023-05-05
CUS00955,Neveen Farouk,female,1998-01-27,1228275660,neveen.farouk41@gmail.com,Giza,Greater Cairo,Gold,2020-08-09
CUS02736,Salma Ibrahim,Female,1992-11-07,1074340200,,Hurghada,Red Sea,Silver,2020-05-23
CUS00640,Wael Saad,Male,1998-01-11,1195202397,wael.saad71@hotmail.com,Giza,Greater Cairo,Gold,2023-06-25
CUS02826,Khaled Amin,Male,1985-07-24,1278553033,khaled.amin66@gmail.com,Aswan,Upper Egypt,Bronze,2022-10-17
CUS01219,Ayman Rizk,Male,2002-02-23,1269004183,,Mansoura,Nile Delta,Silver,2021-07-27
CUS01159,Mona Badawi,Female,1996-07-09,1011380509,mona.badawi9@yahoo.com,Luxor,Upper Egypt,Silver,2022-04-24
CUS01416,Heba Abdallah,Female,20/06/1990,1174461050,heba.abdallah49@hotmail.com,Port Said,Canal Zone,Bronze,2020-09-27
CUS02759,Noha Mahmoud,Female,1972-02-06,1150253247,noha.mahmoud38@hotmail.com,Tanta,Nile Delta,Bronze,2023-08-02
CUS01528,Maged Saad,Male,1975-11-03,1295377710,maged.saad21@outlook.com,Giza,Greater Cairo,Bronze,2023-06-25
CUS02969,Zeinab Gamal,Female,07/09/1976,1063871679,zeinab.gamal32@outlook.com,Port Said,Canal Zone,Bronze,2021-01-11
CUS01301,Shaimaa Khalil,Female,1984-04-06,1122142709,shaimaa.khalil81@hotmail.com,Cairo,Greater Cairo,Silver,2021-10-14
CUS02914,Tamer Attia,MALE,1998-07-02,1099304493,tamer.attia61@hotmail.com,Ismailia,Canal Zone,Bronze,2020-01-02
CUS01604,Salma Ismail,Female,22/04/1989,1263720043,salma.ismail86@yahoo.com,Giza,Greater Cairo,Bronze,2022-03-17
CUS00161,Emad Ahmed,Male,01/11/1999,1062163068,emad.ahmed14@gmail.com,Giza,Greater Cairo,Bronze,2022-11-13
CUS01705,Walid Mohamed,Male,1975-10-20,1092786146,walid.mohamed90@gmail.com,Giza,Greater Cairo,Silver,2023-01-23
CUS00957,Essam Mostafa,Male,1996-12-03,1279077891,essam.mostafa69@gmail.com,Alexandria,Alexandria,Bronze,2021-12-25
CUS02963,Ayman Khalil,Male,20/04/2000,1147664344,ayman.khalil99@yahoo.com,Giza,Greater Cairo,Silver,2020-11-20
CUS00878,Maged Fathy,male,1984-03-26,1148902041,maged.fathy74@outlook.com,Mansoura,Nile Delta,Silver,2020-03-15
CUS01920,Hussein Fathy,Male,25/12/1985,1242075322,hussein.fathy93@hotmail.com,Giza,Greater Cairo,Silver,2020-07-20
CUS01885,Tarek Mansour,Male,23/05/1993,1026937073,tarek.mansour32@outlook.com,Cairo,Greater Cairo,Bronze,2023-10-02
CUS02201,Ibrahim Salem,male,26/06/1994,1131449737,ibrahim.salem76@gmail.com,Ismailia,Canal Zone,Silver,2021-08-25
CUS00099,Dina Younis,Female,1998-07-13,1214136476,dina.younis70@hotmail.com,Cairo,Greater Cairo,Gold,2021-05-22
CUS02875,Doha Fathy,Female,01/12/2001,1125785548,,Hurghada,Red Sea,Silver,2023-10-24
CUS02558,Amr Mahmoud,MALE,1982-07-16,1064772783,,Giza,Greater Cairo,Bronze,2023-09-15
CUS00254,Adel Badawi,male,14/09/1984,1167440042,adel.badawi87@hotmail.com,Giza,Greater Cairo,Bronze,2021-01-22
CUS00104,Hussein Mansour,Male,1975-05-28,1082292089,hussein.mansour3@gmail.com,Alexandria,Alexandria,Gold,2023-10-07
CUS01446,Ashraf Attia,male,1992-05-21,1082003712,ashraf.attia13@gmail.com,Cairo,Greater Cairo,Silver,2020-04-27
CUS01444,Dina Hamdy,Female,1982-01-09,1152653860,dina.hamdy83@outlook.com,Giza,Greater Cairo,Silver,2021-09-16
CUS01649,Heba Shaaban,Female,19/12/1995,1058602368,,Hurghada,Red Sea,Bronze,2020-10-06
CUS00587,Manar Ragab,Female,1992-04-14,1247430602,manar.ragab82@hotmail.com,Cairo,Greater Cairo,Bronze,2023-04-28
CUS00628,Maged Sayed,male,1991-09-09,1059046143,,Zagazig,Nile Delta,Silver,2023-02-04
CUS01697,Rania Hassan,Female,1991-04-01,1121413833,,Cairo,Greater Cairo,Bronze,2021-03-17
CUS02102,Hussein Ali,Male,1993-10-07,1246586986,hussein.ali30@gmail.com,Alexandria,Alexandria,Bronze,2021-06-26
CUS02200,Heba Lotfy,Female,1990-09-15,1041084722,,Giza,Greater Cairo,Gold,2022-08-18
CUS00404,Ali Mahmoud,Male,1988-09-16,1066906118,ali.mahmoud88@gmail.com,Aswan,Upper Egypt,Bronze,2023-01-20
CUS01155,Tarek Fathy,Male,2002-02-11,1144842564,tarek.fathy77@outlook.com,Mansoura,Nile Delta,Bronze,2021-04-24
CUS02256,Walid Ismail,male,1994-03-23,1017223183,walid.ismail60@gmail.com,Alexandria,Alexandria,Bronze,2022-09-04
CUS01683,Bassem Hafez,Male,1988-11-08,1170656290,bassem.hafez94@hotmail.com,Mansoura,Nile Delta,Silver,2021-06-19
CUS02057,Shaimaa Shaaban,Female,1978-09-09,1071856291,shaimaa.shaaban26@gmail.com,Alexandria,Alexandria,Silver,2023-09-07
CUS02892,Maged Sayed,MALE,1979-08-17,1190757837,maged.sayed79@gmail.com,Tanta,Nile Delta,Gold,2020-04-22
CUS00453,Mariam Badawi,Female,1976-01-07,1235186888,mariam.badawi45@yahoo.com,Giza,Greater Cairo,Platinum,2021-11-19
CUS02302,Youssef Zaki,Male,1981-08-22,1110326238,youssef.zaki56@hotmail.com,Alexandria,Alexandria,Bronze,2022-01-26
CUS01328,Mohamed Ragab,Male,1976-07-24,1229745439,mohamed.ragab97@gmail.com,Hurghada,Red Sea,Gold,2023-02-12
CUS02050,Lobna Shaaban,Female,14/09/1993,1074348569,lobna.shaaban31@hotmail.com,Cairo,Greater Cairo,Bronze,2022-07-21
CUS00881,Dalia Barakat,FEMALE,2002-09-28,1268837018,dalia.barakat48@hotmail.com,Cairo,Greater Cairo,Silver,2021-04-21
CUS02966,Bassem Bakr,male,1989-01-06,1126801640,bassem.bakr2@yahoo.com,Tanta,Nile Delta,Bronze,2023-04-06
CUS00624,Essam Rizk,Male,1978-06-22,1259067682,essam.rizk74@yahoo.com,Alexandria,Alexandria,Bronze,2021-04-17
CUS02394,Sherif Ibrahim,MALE,1995-03-12,1054292729,sherif.ibrahim36@hotmail.com,Cairo,Greater Cairo,Bronze,2021-12-15
CUS02819,Walid Bakr,Male,1995-12-08,1034982678,,Cairo,Greater Cairo,Bronze,2023-09-11
CUS01788,Akram Farouk,MALE,1999-03-26,1076745463,akram.farouk5@yahoo.com,Mansoura,Nile Delta,Gold,2021-12-16
CUS00263,Radwa Wahba,Female,1996-05-01,1273042053,radwa.wahba74@gmail.com,Cairo,Greater Cairo,Silver,2023-02-23
CUS01635,Dalia Barakat,Female,1983-02-01,1024034673,dalia.barakat41@outlook.com,Port Said,Canal Zone,Bronze,2021-03-15
CUS01439,Tarek Badawi,Male,1994-08-06,1291823674,,Cairo,Greater Cairo,Bronze,2022-11-09
CUS02199,Doha Ramadan,Female,1987-04-02,1131682480,doha.ramadan59@outlook.com,Alexandria,Alexandria,Bronze,2020-11-24
CUS01970,Yasmin Abdallah,female,1984-10-12,1172310967,yasmin.abdallah91@outlook.com,Cairo,Greater Cairo,Bronze,2023-08-14
CUS02521,Rana Salem,Female,1982-09-21,1020088018,,Tanta,Nile Delta,Bronze,2020-10-10
CUS01803,Magdy Ahmed,Male,1990-03-17,1214025785,magdy.ahmed71@yahoo.com,Giza,Greater Cairo,Gold,2023-09-26
CUS00641,Dina Hafez,Female,18/10/1992,1240544052,,Cairo,Greater Cairo,Bronze,2023-06-20
CUS02386,Amr Younis,Male,1982-12-12,1017601140,,Alexandria,Alexandria,Bronze,2022-04-16
CUS02599,Reham Younis,Female,1999-06-28,1042865053,reham.younis80@gmail.com,Giza,Greater Cairo,Silver,2022-01-12
CUS02878,Ashraf Salem,Male,1999-06-01,1295794390,ashraf.salem15@yahoo.com,Cairo,Greater Cairo,Bronze,2021-09-01
CUS01960,Nadia Saad,Female,1992-05-24,1031861832,nadia.saad25@gmail.com,Hurghada,Red Sea,Bronze,2022-10-03
CUS00489,Reham Salem,Female,1975-12-09,1036404306,,Port Said,Canal Zone,Silver,2022-04-26
CUS01844,Ola Shaaban,female,22/01/1970,1160683991,ola.shaaban20@gmail.com,Mansoura,Nile Delta,Silver,2021-11-21
CUS01735,Maged Farouk,Male,27/07/2003,1161017988,maged.farouk34@outlook.com,Cairo,Greater Cairo,Bronze,2023-12-08
CUS00147,Bassem Fathy,MALE,2003-10-23,1244351488,,Mansoura,Nile Delta,Gold,2021-11-16
CUS01535,Ramy Ragab,Male,1998-12-21,1230610994,ramy.ragab46@hotmail.com,Giza,Greater Cairo,Gold,2021-09-08
CUS01987,Ayman Badawi,Male,1985-12-25,1136865874,ayman.badawi16@outlook.com,Zagazig,Nile Delta,Silver,2020-11-11
CUS01370,Ashraf Ramadan,Male,1991-01-12,1098427126,ashraf.ramadan74@yahoo.com,Cairo,Greater Cairo,Bronze,2020-12-21
CUS02451,Adel Khalil,Male,1996-03-16,1094140638,adel.khalil20@outlook.com,Cairo,Greater Cairo,Bronze,2023-05-28
CUS02984,Mahmoud Ragab,Male,2001-11-02,1091454630,mahmoud.ragab59@hotmail.com,Aswan,Upper Egypt,Gold,2022-02-02
CUS02812,Nadia Hafez,Female,2002-10-07,1263715764,nadia.hafez11@outlook.com,Mansoura,Nile Delta,Bronze,2023-12-21
CUS00660,Sherif Sayed,MALE,1999-03-08,1252991351,sherif.sayed2@gmail.com,Alexandria,Alexandria,Bronze,2023-04-23
CUS01795,Akram Shaaban,Male,1972-07-21,1139951222,akram.shaaban73@outlook.com,Cairo,Greater Cairo,Silver,2021-03-18
CUS02512,Adel Mansour,male,2001-09-12,1276486755,adel.mansour25@gmail.com,Suez,Canal Zone,Bronze,2022-07-20
CUS00187,Reham Sayed,Female,12/09/1983,1252746321,reham.sayed22@gmail.com,Aswan,Upper Egypt,Silver,2022-10-11
CUS01148,Amira Abdallah,female,06/07/1983,1026313047,amira.abdallah98@outlook.com,Mansoura,Nile Delta,Bronze,2022-08-09
CUS00609,Suzy Amin,Female,1987-10-19,1117961369,suzy.amin37@gmail.com,Alexandria,Alexandria,Bronze,2023-03-24
CUS02192,Fatima Ismail,Female,20/09/1997,1077252568,fatima.ismail87@hotmail.com,Suez,Canal Zone,Silver,2020-05-07
CUS02800,Maged Mostafa,MALE,1977-09-17,1064642413,maged.mostafa29@hotmail.com,Cairo,Greater Cairo,Silver,2023-08-10
CUS01931,Zeinab Ismail,female,1983-06-08,1215042790,zeinab.ismail28@gmail.com,Alexandria,Alexandria,Silver,2022-11-13
CUS00198,Samah Gamal,Female,1984-03-14,1210997236,samah.gamal53@hotmail.com,Suez,Canal Zone,Bronze,2020-01-19
CUS02328,Ayman Mohamed,Male,1980-05-19,1035940199,,Cairo,Greater Cairo,Bronze,2022-10-02
CUS00294,Hassan Rizk,male,1976-07-18,1010784780,hassan.rizk52@outlook.com,Giza,Greater Cairo,Platinum,2022-10-27
CUS00767,Wael Zaki,male,1990-04-08,1129960983,wael.zaki19@gmail.com,Hurghada,Red Sea,Silver,2023-03-05
CUS00401,Ramy Younis,Male,1987-10-04,1032917330,ramy.younis87@outlook.com,Cairo,Greater Cairo,Bronze,2023-10-05
CUS00123,Karim Amin,Male,1985-05-07,1037214866,karim.amin16@gmail.com,Giza,Greater Cairo,Silver,2023-10-01
CUS00203,Amr Barakat,MALE,1972-06-03,1089932574,amr.barakat99@outlook.com,Cairo,Greater Cairo,Silver,2021-11-15
CUS00836,Ashraf Mohamed,Male,1998-03-24,1051540622,ashraf.mohamed42@hotmail.com,Giza,Greater Cairo,Silver,2021-09-05
CUS02295,Ahmed Lotfy,Male,1977-12-15,1085783209,ahmed.lotfy2@gmail.com,Cairo,Greater Cairo,Gold,2023-07-18
CUS01440,Karim Zaki,male,1985-07-20,1140202191,karim.zaki21@outlook.com,Tanta,Nile Delta,Silver,2023-02-22
CUS01734,Salma Badawi,Female,1999-11-02,1123993698,salma.badawi9@hotmail.com,Giza,Greater Cairo,Gold,2023-11-26
CUS01696,Essam Khalil,MALE,1977-07-06,1219916771,essam.khalil30@gmail.com,Cairo,Greater Cairo,Silver,2021-10-13
CUS02976,Hussein Shaaban,Male,1997-06-26,1220794452,,Cairo,Greater Cairo,Bronze,2023-05-19
CUS01708,Hussein Fathy,male,1993-01-24,1011586540,hussein.fathy21@yahoo.com,Cairo,Greater Cairo,Bronze,2021-01-03
CUS02961,Sherif Hamdy,male,1982-07-05,1185579536,sherif.hamdy40@hotmail.com,Cairo,Greater Cairo,Gold,2021-09-16
CUS01154,Radwa Mostafa,Female,08/08/1990,1255226010,radwa.mostafa99@gmail.com,Tanta,Nile Delta,Gold,2023-08-11
CUS01662,Ayman Sayed,MALE,1976-03-12,1249146431,ayman.sayed70@gmail.com,Alexandria,Alexandria,Bronze,2022-07-08
CUS02433,Sherif Amin,male,1984-12-17,1294739020,,Ismailia,Canal Zone,Silver,2021-06-01
CUS01760,Wael Mohamed,Male,1972-05-23,1065189596,wael.mohamed36@outlook.com,Alexandria,Alexandria,Bronze,2023-12-09
CUS00855,Reham Ibrahim,Female,12/05/1975,1194029135,reham.ibrahim89@outlook.com,Cairo,Greater Cairo,Bronze,2020-06-06
CUS01590,Ayman Fathy,male,2000-11-05,1092869403,,Tanta,Nile Delta,Silver,2021-09-24
CUS02268,Hossam Amin,Male,1988-06-02,1132090814,hossam.amin33@outlook.com,Tanta,Nile Delta,Silver,2021-07-01
CUS00642,Bassem Ismail,Male,1986-12-16,1155231541,bassem.ismail42@gmail.com,Giza,Greater Cairo,Bronze,2020-04-19
CUS00002,Zeinab Fathy,Female,1978-11-10,1043914361,,Port Said,Canal Zone,Silver,2023-10-13
CUS02161,Bassem Badawi,MALE,2001-09-16,1089810354,bassem.badawi23@outlook.com,Mansoura,Nile Delta,Gold,2022-06-25
CUS00699,Youssef Abdallah,Male,1990-01-04,1053827193,youssef.abdallah71@gmail.com,Cairo,Greater Cairo,Bronze,2023-11-11
CUS01637,Hany Shaaban,male,06/02/1988,1264293820,,Giza,Greater Cairo,Gold,2021-07-25
CUS01292,Bassem Sayed,male,2002-03-27,1097087978,bassem.sayed77@gmail.com,Cairo,Greater Cairo,Silver,2020-01-15
CUS02904,Ibrahim Khalil,Male,1990-01-23,1080740167,ibrahim.khalil18@yahoo.com,Giza,Greater Cairo,Bronze,2021-08-05
CUS02490,Sara Bakr,Female,1994-08-25,1280045908,sara.bakr24@hotmail.com,Giza,Greater Cairo,Silver,2023-05-20
CUS01521,Heba Ismail,Female,09/01/1994,1189070577,,Cairo,Greater Cairo,Bronze,2020-04-17
CUS01854,Dina Hafez,Female,2000-04-17,1213591830,dina.hafez30@outlook.com,Aswan,Upper Egypt,Silver,2023-03-02
CUS01137,Ibrahim Salem,Male,1975-06-26,1268092604,ibrahim.salem33@yahoo.com,Luxor,Upper Egypt,Silver,2020-07-22
CUS02993,Fady Shaaban,MALE,1974-05-24,1026172270,fady.shaaban25@hotmail.com,Alexandria,Alexandria,Bronze,2022-04-03
CUS01632,Fady Lotfy,Male,1979-05-24,1164922827,,Giza,Greater Cairo,Bronze,2020-04-09
CUS01999,Khaled Gouda,Male,1994-02-15,1146322502,,Cairo,Greater Cairo,Bronze,2023-06-22
CUS00664,Nadia Sayed,Female,1977-07-27,1021610244,nadia.sayed61@outlook.com,Cairo,Greater Cairo,Bronze,2020-02-08
CUS01258,Manar Younis,Female,06/01/1986,1227900806,manar.younis59@outlook.com,Alexandria,Alexandria,Bronze,2021-05-06
CUS00318,Sherif Amin,Male,1998-02-26,1291450675,sherif.amin44@outlook.com,Cairo,Greater Cairo,Gold,2021-07-01
CUS00649,Mohamed Fathy,Male,1997-12-25,1063183240,mohamed.fathy43@yahoo.com,Hurghada,Red Sea,Silver,2023-03-25
CUS01435,Rana Ramadan,Female,1986-02-06,1113858404,rana.ramadan57@outlook.com,Cairo,Greater Cairo,Silver,2021-01-19
CUS01480,Ola Khalil,Female,12/10/2003,1246504456,ola.khalil32@outlook.com,Giza,Greater Cairo,Bronze,2023-05-11
CUS00710,Wael Attia,Male,1987-05-01,1285595538,,Tanta,Nile Delta,Bronze,2023-01-02
CUS01283,Eman Barakat,female,1980-04-01,1280059269,eman.barakat67@outlook.com,Alexandria,Alexandria,Bronze,2022-02-19
CUS01769,Ghada Mostafa,Female,1989-03-20,1144236666,ghada.mostafa18@gmail.com,Giza,Greater Cairo,Platinum,2023-12-23
CUS00973,Bassem Shaaban,Male,1998-04-26,1092713862,bassem.shaaban59@hotmail.com,Zagazig,Nile Delta,Silver,2023-06-28
CUS02676,Akram Abdallah,male,2000-06-28,1232163428,akram.abdallah54@yahoo.com,Giza,Greater Cairo,Platinum,2021-06-12
CUS02681,Heba Amin,Female,1994-04-11,1220540657,heba.amin92@yahoo.com,Cairo,Greater Cairo,Bronze,2020-03-18
CUS01307,Mariam Abdallah,Female,1978-11-23,1046059588,mariam.abdallah93@outlook.com,Tanta,Nile Delta,Gold,2023-09-08
CUS01401,Amr Abdallah,Male,1975-10-03,1142732649,amr.abdallah37@outlook.com,Cairo,Greater Cairo,Silver,2021-07-02
CUS01409,Shaimaa Ali,Female,1981-09-21,1055086729,shaimaa.ali77@yahoo.com,Alexandria,Alexandria,Bronze,2020-10-24
CUS02238,Ola Farouk,Female,10/12/1982,1027884579,ola.farouk34@yahoo.com,Cairo,Greater Cairo,Bronze,2022-08-16
CUS01497,Mariam Ragab,female,1997-01-21,1211809088,mariam.ragab74@gmail.com,Mansoura,Nile Delta,Bronze,2020-01-24
CUS02039,Fady Barakat,Male,1988-02-22,1131424500,fady.barakat45@gmail.com,Cairo,Greater Cairo,Bronze,2023-05-12
CUS01530,Ayman Amin,Male,1970-01-19,1057105377,,Alexandria,Alexandria,Silver,2021-01-03
CUS01664,Youssef Badawi,male,1984-12-14,1149004748,youssef.badawi9@outlook.com,Alexandria,Alexandria,Bronze,2020-09-10
CUS01355,Tamer Sayed,Male,1984-11-20,1269677601,tamer.sayed77@gmail.com,Alexandria,Alexandria,Bronze,2022-06-18
CUS02972,Hussein Rizk,Male,1974-03-22,1111879066,hussein.rizk37@yahoo.com,Cairo,Greater Cairo,Silver,2022-10-26
CUS02992,Fady Nasser,Male,2003-07-18,1163476495,fady.nasser49@yahoo.com,Hurghada,Red Sea,Bronze,2020-11-28
CUS01644,Bassem Mostafa,Male,27/11/2000,1141589221,bassem.mostafa98@outlook.com,Mansoura,Nile Delta,Bronze,2021-05-17
CUS01052,Hossam Badawi,Male,2003-08-08,1179898039,hossam.badawi52@hotmail.com,Alexandria,Alexandria,Silver,2020-10-14
CUS00796,Mohamed Bakr,male,1996-10-11,1074561311,mohamed.bakr33@hotmail.com,Luxor,Upper Egypt,Silver,2021-11-13
CUS02694,Ola Khalil,Female,1976-05-18,1059222062,ola.khalil99@outlook.com,Alexandria,Alexandria,Bronze,2021-11-27
CUS01598,Nour Mahmoud,FEMALE,02/11/1987,1054572063,,Cairo,Greater Cairo,Bronze,2023-03-27
CUS02605,Mohamed Gamal,Male,1975-09-17,1257444596,mohamed.gamal68@gmail.com,Cairo,Greater Cairo,Silver,2022-08-06
CUS02730,Zeinab Mahmoud,Female,09/05/1989,1040144463,zeinab.mahmoud83@gmail.com,Alexandria,Alexandria,Bronze,2020-09-11
CUS02626,Mohamed Gamal,Male,1973-11-15,1220291302,mohamed.gamal49@yahoo.com,Ismailia,Canal Zone,Silver,2021-04-02
CUS01820,Mahmoud Ibrahim,Male,2001-02-09,1084062798,mahmoud.ibrahim73@hotmail.com,Giza,Greater Cairo,Silver,2020-07-01
CUS01723,Khaled Amin,Male,1973-08-01,1266221870,khaled.amin30@gmail.com,Giza,Greater Cairo,Silver,2023-01-05
CUS01184,Samir Ramadan,Male,1987-01-17,1195434927,samir.ramadan95@yahoo.com,Port Said,Canal Zone,Silver,2022-12-14
CUS02573,Fady Gouda,Male,1983-09-23,1248097542,,Giza,Greater Cairo,Bronze,2023-07-27
CUS01060,Sara Barakat,Female,2000-06-23,1212655477,,Mansoura,Nile Delta,Silver,2020-07-25
CUS00541,Sara Ahmed,Female,2003-04-12,1236634140,sara.ahmed38@yahoo.com,Port Said,Canal Zone,Bronze,2022-06-14
CUS01679,Omar Abdallah,MALE,2002-11-19,1288747091,omar.abdallah36@outlook.com,Cairo,Greater Cairo,Silver,2020-12-04
CUS02797,Ahmed Mansour,Male,1995-05-05,1064117511,ahmed.mansour69@hotmail.com,Cairo,Greater Cairo,Gold,2023-12-19
CUS02936,Dalia Ramadan,female,2003-08-27,1015323895,,Cairo,Greater Cairo,Bronze,2023-04-27
CUS02533,Hoda Mostafa,Female,1998-05-11,1018647179,,Giza,Greater Cairo,Silver,2020-01-05
CUS01758,Suzy Mansour,female,1979-09-28,1182711014,suzy.mansour96@hotmail.com,Alexandria,Alexandria,Bronze,2022-06-28
CUS01924,Sara Mostafa,Female,28/09/1997,1025775968,sara.mostafa1@gmail.com,Giza,Greater Cairo,Gold,2022-10-01
CUS00096,Doha Wahba,female,1975-02-06,1281565674,doha.wahba88@outlook.com,Alexandria,Alexandria,Gold,2020-04-18
CUS01021,Radwa Zaki,Female,28/02/1985,1192420626,radwa.zaki98@hotmail.com,Tanta,Nile Delta,Bronze,2023-06-10
CUS00564,Amira Abdallah,female,1989-01-13,1248530763,amira.abdallah25@hotmail.com,Cairo,Greater Cairo,Bronze,2021-03-10
CUS02791,Essam Gouda,Male,1971-11-05,1117123469,essam.gouda61@outlook.com,Tanta,Nile Delta,Silver,2021-06-13
CUS00864,Samir Attia,Male,1976-06-27,1137151869,samir.attia54@outlook.com,Giza,Greater Cairo,Bronze,2020-04-26
CUS01485,Noha Nasser,Female,1988-12-07,1191966264,noha.nasser36@hotmail.com,Giza,Greater Cairo,Silver,2020-11-11
CUS01882,Ghada Zaki,Female,1986-12-17,1162033611,ghada.zaki38@hotmail.com,Luxor,Upper Egypt,Bronze,2020-12-28
CUS01039,Fady Ali,Male,1991-07-13,1247815498,fady.ali32@outlook.com,Cairo,Greater Cairo,Bronze,2021-11-07
CUS00207,Ahmed Hassan,Male,1974-01-14,1080499776,ahmed.hassan25@gmail.com,Cairo,Greater Cairo,Bronze,2020-10-03
CUS00393,Essam Saad,Male,1976-10-06,1174987079,essam.saad42@gmail.com,Giza,Greater Cairo,Silver,2021-07-27
CUS02843,Adel Hassan,Male,25/10/1994,1128847760,adel.hassan35@gmail.com,Suez,Canal Zone,Bronze,2023-03-20
CUS00871,Hossam Farouk,male,1997-08-21,1149281259,hossam.farouk66@yahoo.com,Giza,Greater Cairo,Gold,2022-05-07
CUS00398,Rana Shaaban,female,1999-02-09,1267088619,rana.shaaban35@yahoo.com,Giza,Greater Cairo,Silver,2022-10-22
CUS02815,Osama Ragab,Male,1972-05-28,1032725140,osama.ragab40@yahoo.com,Alexandria,Alexandria,Bronze,2023-10-08
CUS02930,Ahmed Lotfy,Male,1984-03-23,1280371740,,Giza,Greater Cairo,Silver,2020-04-02
CUS01029,Neveen Ahmed,Female,1983-05-06,1064679723,neveen.ahmed25@hotmail.com,Giza,Greater Cairo,Bronze,2023-05-06
CUS02691,Karim Ismail,Male,04/05/1999,1136407444,karim.ismail30@yahoo.com,Alexandria,Alexandria,Gold,2023-09-21
CUS01486,Hany Fathy,Male,1991-05-02,1045472873,hany.fathy90@yahoo.com,Giza,Greater Cairo,Bronze,2022-08-04
CUS02661,Hazem Gamal,Male,1978-10-09,1294111189,hazem.gamal16@hotmail.com,Alexandria,Alexandria,Silver,2022-01-11
CUS00961,Nader Gamal,Male,1975-06-13,1037647507,,Cairo,Greater Cairo,Bronze,2022-06-04
CUS01571,Mona Farouk,Female,1984-03-09,1266398137,mona.farouk64@hotmail.com,Alexandria,Alexandria,Bronze,2022-02-25
CUS02774,Neveen Salem,Female,27/09/1974,1177684507,,Giza,Greater Cairo,Bronze,2021-10-09
CUS01896,Samir Gouda,male,1987-03-24,1151198679,samir.gouda99@yahoo.com,Zagazig,Nile Delta,Bronze,2023-10-27
CUS02732,Nader Khalil,male,13/05/1982,1298380048,nader.khalil15@outlook.com,Alexandria,Alexandria,Bronze,2023-07-24
CUS02147,Hany Nasser,Male,1976-02-06,1087556403,hany.nasser57@yahoo.com,Giza,Greater Cairo,Bronze,2020-04-21
CUS00805,Sherif Badawi,Male,20/03/1997,1147470286,sherif.badawi3@yahoo.com,Giza,Greater Cairo,Silver,2023-05-13
CUS01752,Hassan Mostafa,male,2002-08-10,1053091868,hassan.mostafa21@gmail.com,Cairo,Greater Cairo,Bronze,2021-05-26
CUS02455,Neveen Shaaban,Female,1976-01-24,1117934675,neveen.shaaban16@outlook.com,Alexandria,Alexandria,Gold,2020-04-22
CUS00503,Karim Khalil,Male,1997-09-26,1021545180,karim.khalil18@gmail.com,Giza,Greater Cairo,Silver,2022-07-19
CUS00780,Suzy Attia,female,1994-06-21,1136724504,suzy.attia3@hotmail.com,Mansoura,Nile Delta,Gold,2022-07-24
CUS01864,Nadia Mohamed,Female,02/02/1990,1228945147,nadia.mohamed75@outlook.com,Alexandria,Alexandria,Gold,2021-04-10
CUS00201,Shaimaa Rizk,Female,1973-11-16,1232693431,shaimaa.rizk4@hotmail.com,Mansoura,Nile Delta,Silver,2023-02-05
CUS02183,Amira Mostafa,Female,2001-02-09,1187163248,,Cairo,Greater Cairo,Silver,2021-05-25
CUS02089,Karim Rizk,Male,1991-03-28,1138424694,karim.rizk28@yahoo.com,Aswan,Upper Egypt,Bronze,2022-08-02
CUS02279,Aisha Mahmoud,female,1971-08-20,1034423105,aisha.mahmoud21@hotmail.com,Mansoura,Nile Delta,Bronze,2022-07-08
CUS01797,Engy Younis,Female,1983-10-22,1140581795,engy.younis1@yahoo.com,Tanta,Nile Delta,Silver,2022-06-26
CUS00379,Fady Amin,Male,1993-11-13,1191981404,,Aswan,Upper Egypt,Silver,2023-12-13
CUS02337,Ali Farouk,Male,2003-10-26,1123126013,ali.farouk89@outlook.com,Giza,Greater Cairo,Bronze,2023-06-05
CUS00419,Sara Gouda,Female,1996-09-17,1032405653,,Tanta,Nile Delta,Silver,2020-12-07
CUS00392,Amr Lotfy,Male,1975-08-28,1261284717,amr.lotfy11@gmail.com,Giza,Greater Cairo,Gold,2023-11-22
CUS02641,Mahmoud Shaaban,Male,1986-02-20,1262218930,mahmoud.shaaban32@outlook.com,Giza,Greater Cairo,Bronze,2023-05-11
CUS01523,Tarek Farouk,Male,05/08/1989,1242127494,tarek.farouk28@gmail.com,Giza,Greater Cairo,Bronze,2022-12-08
CUS01163,Ayman Ibrahim,MALE,1971-04-27,1244852582,ayman.ibrahim17@outlook.com,Giza,Greater Cairo,Silver,2021-03-02
CUS01496,Ashraf Hamdy,Male,1995-06-24,1230134690,ashraf.hamdy43@outlook.com,Mansoura,Nile Delta,Platinum,2022-04-11
CUS02696,Adel Ibrahim,Male,1979-07-22,1169820526,adel.ibrahim73@hotmail.com,Alexandria,Alexandria,Silver,2020-12-11
CUS02028,Dalia Hamdy,female,1989-12-09,1032362187,dalia.hamdy6@outlook.com,Ismailia,Canal Zone,Silver,2021-10-27
CUS01153,Ghada Farouk,Female,03/09/1989,1010421479,ghada.farouk64@outlook.com,Tanta,Nile Delta,Silver,2022-03-16
CUS01368,Yasmin Farouk,FEMALE,26/05/1970,1139151447,yasmin.farouk60@outlook.com,Suez,Canal Zone,Bronze,2020-05-11
CUS02569,Nader Ibrahim,Male,1995-02-24,1041426731,nader.ibrahim1@yahoo.com,Hurghada,Red Sea,Bronze,2020-05-07
CUS00065,Lobna Rizk,Female,13/07/1996,1214740436,lobna.rizk92@yahoo.com,Giza,Greater Cairo,Silver,2023-11-12
CUS02063,Aisha Amin,Female,1993-02-17,1193427480,aisha.amin35@gmail.com,Hurghada,Red Sea,Bronze,2021-12-21
CUS01181,Hussein Zaki,Male,1985-11-27,1079447570,hussein.zaki34@outlook.com,Ismailia,Canal Zone,Silver,2021-06-23
CUS00493,Akram Attia,Male,02/02/1973,1197225409,akram.attia89@hotmail.com,Cairo,Greater Cairo,Silver,2020-02-24
CUS00380,Mariam Mohamed,Female,1977-09-09,1243358157,mariam.mohamed53@yahoo.com,Giza,Greater Cairo,Bronze,2020-11-27
CUS02236,Rania Barakat,Female,24/11/1997,1172902517,rania.barakat63@hotmail.com,Alexandria,Alexandria,Silver,2023-08-21
CUS00764,Ayman Fathy,MALE,1975-12-21,1016893126,ayman.fathy47@hotmail.com,Zagazig,Nile Delta,Gold,2020-01-06
CUS00792,Reem Fathy,Female,2001-05-14,1043837801,reem.fathy8@outlook.com,Alexandria,Alexandria,Bronze,2022-04-14
CUS01077,Dalia Fathy,Female,1980-07-25,1181950326,dalia.fathy92@hotmail.com,Giza,Greater Cairo,Silver,2022-03-06
CUS00879,Engy Hassan,Female,1981-10-06,1119379467,engy.hassan98@outlook.com,Cairo,Greater Cairo,Silver,2020-04-16
CUS00338,Dalia Hafez,Female,1991-10-10,1154106502,,Tanta,Nile Delta,Bronze,2021-01-21
CUS02768,Samah Ahmed,Female,13/04/1974,1118826662,samah.ahmed3@hotmail.com,Cairo,Greater Cairo,Bronze,2022-09-21
CUS02344,Emad Badawi,MALE,13/07/1979,1216660861,emad.badawi23@hotmail.com,Giza,Greater Cairo,Bronze,2020-07-21
CUS01017,Ramy Fathy,Male,1994-05-10,1295910603,ramy.fathy1@yahoo.com,Cairo,Greater Cairo,Bronze,2023-09-15
CUS01276,Osama Zaki,Male,1986-02-25,1289017790,osama.zaki26@yahoo.com,Cairo,Greater Cairo,Bronze,2023-09-14
CUS00456,Heba Fathy,Female,15/11/1976,1288011850,heba.fathy59@outlook.com,Alexandria,Alexandria,Bronze,2020-04-28
CUS00816,Noha Gouda,FEMALE,2001-04-17,1060746101,noha.gouda32@yahoo.com,Alexandria,Alexandria,Bronze,2020-03-23
CUS02318,Fady Badawi,MALE,2003-12-18,1292684135,fady.badawi43@yahoo.com,Giza,Greater Cairo,Gold,2021-10-26
CUS00996,Hana Ahmed,FEMALE,14/10/1998,1098286472,hana.ahmed3@gmail.com,Cairo,Greater Cairo,Gold,2020-08-17
CUS01982,Yasmin Rizk,Female,1995-10-06,1172695253,yasmin.rizk88@yahoo.com,Hurghada,Red Sea,Bronze,2020-02-17
CUS00202,Eman Rizk,female,1978-10-09,1144488013,eman.rizk20@outlook.com,Cairo,Greater Cairo,Silver,2022-03-09
CUS00162,Hussein Bakr,Male,2001-10-18,1035020518,hussein.bakr6@yahoo.com,Mansoura,Nile Delta,Bronze,2022-06-16
CUS01580,Nadia Rizk,Female,2003-09-11,1181364647,,Alexandria,Alexandria,Bronze,2020-05-06
CUS02778,Mahmoud Hassan,male,17/05/1972,1150858588,mahmoud.hassan18@yahoo.com,Cairo,Greater Cairo,Bronze,2022-09-04
CUS02450,Hazem Ragab,Male,1981-10-14,1121660380,hazem.ragab71@gmail.com,Giza,Greater Cairo,Silver,2022-04-16
CUS00703,Yasmin Abdallah,female,2002-06-11,1195138411,yasmin.abdallah86@outlook.com,Giza,Greater Cairo,Silver,2020-01-07
CUS01501,Youssef Farouk,Male,24/01/1984,1087074737,youssef.farouk41@hotmail.com,Alexandria,Alexandria,Silver,2023-11-08
CUS01130,Ali Mahmoud,male,1978-09-08,1229236657,ali.mahmoud23@yahoo.com,Cairo,Greater Cairo,Platinum,2021-10-24
CUS02614,Osama Saad,male,2000-02-02,1116475229,osama.saad63@outlook.com,Zagazig,Nile Delta,Bronze,2021-02-09
CUS01022,Adel Hafez,Male,1986-05-24,1051257395,adel.hafez16@outlook.com,Giza,Greater Cairo,Gold,2021-10-08
CUS01586,Fatima Mahmoud,Female,2001-06-10,1146452326,fatima.mahmoud90@gmail.com,Cairo,Greater Cairo,Bronze,2020-05-13
CUS01956,Salma Bakr,FEMALE,18/04/1981,1223877852,salma.bakr49@yahoo.com,Port Said,Canal Zone,Silver,2021-08-18
CUS02254,Shaimaa Attia,Female,1994-05-24,1119660505,shaimaa.attia78@yahoo.com,Aswan,Upper Egypt,Bronze,2023-11-08
CUS00035,Dina Khalil,Female,1989-12-23,1215412975,dina.khalil46@outlook.com,Ismailia,Canal Zone,Bronze,2020-11-10
CUS00776,Nadia Khalil,FEMALE,1988-11-09,1131724678,,Cairo,Greater Cairo,Silver,2022-05-18
CUS02557,Hoda Abdallah,female,1980-11-16,1284946680,hoda.abdallah75@yahoo.com,Alexandria,Alexandria,Silver,2022-12-17
CUS01479,Ayman Hamdy,Male,10/03/1988,1085433047,ayman.hamdy44@gmail.com,Hurghada,Red Sea,Bronze,2023-05-07
CUS01391,Akram Ramadan,Male,1977-02-19,1273085393,akram.ramadan67@yahoo.com,Cairo,Greater Cairo,Bronze,2021-03-14
CUS02140,Reem Ahmed,Female,1993-07-17,1184551091,reem.ahmed51@hotmail.com,Luxor,Upper Egypt,Gold,2021-05-28
CUS01364,Amr Mostafa,Male,1992-11-08,1233634793,amr.mostafa1@outlook.com,Mansoura,Nile Delta,Bronze,2021-03-27
CUS02946,Ali Ismail,Male,1971-12-01,1096328902,ali.ismail73@hotmail.com,Cairo,Greater Cairo,Platinum,2022-04-18
CUS02613,Samah Saad,female,18/01/1983,1113248190,samah.saad51@outlook.com,Cairo,Greater Cairo,Gold,2021-04-05
CUS02825,Magdy Mansour,Male,08/10/2001,1233545030,magdy.mansour80@hotmail.com,Giza,Greater Cairo,Bronze,2022-05-06
CUS02042,Nader Rizk,Male,1998-07-03,1127082399,nader.rizk72@gmail.com,Alexandria,Alexandria,Bronze,2022-08-04
CUS00242,Amr Attia,male,06/04/1978,1148851088,amr.attia39@outlook.com,Port Said,Canal Zone,Silver,2023-04-01
CUS02062,Adel Lotfy,Male,1975-09-02,1178880796,adel.lotfy96@outlook.com,Alexandria,Alexandria,Silver,2021-05-09
CUS02364,Ayman Hafez,Male,1978-10-22,1213231624,ayman.hafez57@gmail.com,Alexandria,Alexandria,Bronze,2021-01-27
CUS00601,Hoda Attia,female,1976-09-26,1052796441,hoda.attia61@yahoo.com,Cairo,Greater Cairo,Bronze,2020-09-19
CUS02436,Yasmin Ismail,Female,1982-01-19,1113965137,yasmin.ismail60@outlook.com,Giza,Greater Cairo,Bronze,2020-11-22
CUS01298,Magdy Badawi,Male,1973-03-08,1250607997,magdy.badawi34@outlook.com,Cairo,Greater Cairo,Bronze,2023-10-26
CUS02215,Youssef Wahba,Male,1997-02-15,1299325851,youssef.wahba67@gmail.com,Zagazig,Nile Delta,Bronze,2022-08-08
CUS02889,Osama Hamdy,Male,1994-10-04,1172993322,osama.hamdy45@outlook.com,Aswan,Upper Egypt,Bronze,2021-04-16
CUS02069,Sherif Wahba,Male,2000-02-12,1051958630,,Cairo,Greater Cairo,Gold,2023-11-02
CUS00647,Heba Wahba,Female,2000-09-11,1091079800,heba.wahba29@outlook.com,Alexandria,Alexandria,Bronze,2022-10-27
CUS01529,Rania Fathy,Female,1997-05-11,1045999989,rania.fathy83@outlook.com,Hurghada,Red Sea,Bronze,2022-02-20
CUS02880,Nader Saad,Male,20/09/1993,1083307962,nader.saad65@hotmail.com,Cairo,Greater Cairo,Bronze,2020-07-19
CUS01268,Lobna Nasser,Female,1978-03-24,1089252562,lobna.nasser71@gmail.com,Alexandria,Alexandria,Bronze,2020-06-20
CUS01900,Khaled Saad,MALE,1994-09-16,1034929441,khaled.saad72@hotmail.com,Hurghada,Red Sea,Silver,2020-07-22
CUS00563,Hassan Mansour,MALE,1990-10-21,1032727871,,Cairo,Greater Cairo,Silver,2021-05-27
CUS02735,Karim Rizk,Male,1994-07-20,1080219375,karim.rizk6@yahoo.com,Port Said,Canal Zone,Bronze,2023-06-08
CUS00190,Tarek Shaaban,male,1981-12-22,1153588695,tarek.shaaban60@yahoo.com,Cairo,Greater Cairo,Silver,2022-06-20
CUS01807,Mahmoud Nasser,male,1991-05-14,1249022112,mahmoud.nasser28@outlook.com,Mansoura,Nile Delta,Bronze,2023-05-15
CUS00976,Youssef Ibrahim,Male,1992-09-26,1080095741,youssef.ibrahim13@outlook.com,Cairo,Greater Cairo,Bronze,2020-02-17
CUS02748,Fatima Ibrahim,Female,1999-07-25,1291427314,fatima.ibrahim70@hotmail.com,Cairo,Greater Cairo,Bronze,2021-09-15
CUS02048,Fatima Ahmed,Female,1999-11-05,1069248631,fatima.ahmed7@outlook.com,Tanta,Nile Delta,Bronze,2022-11-16
CUS02559,Hossam Zaki,male,1970-08-06,1143671926,,Cairo,Greater Cairo,Silver,2020-07-16
CUS01083,Sherif Bakr,Male,1984-08-26,1216711227,sherif.bakr62@yahoo.com,Giza,Greater Cairo,Bronze,2022-05-28
CUS00475,Hossam Saad,Male,1990-12-16,1022321103,hossam.saad32@yahoo.com,Alexandria,Alexandria,Bronze,2020-02-16
CUS02905,Omar Gouda,male,1992-04-27,1116616517,omar.gouda77@outlook.com,Alexandria,Alexandria,Platinum,2023-04-08
CUS00748,Ibrahim Attia,MALE,1993-12-06,1081626275,ibrahim.attia99@hotmail.com,Alexandria,Alexandria,Gold,2020-09-17
CUS02301,Rania Farouk,Female,1999-09-02,1189851109,rania.farouk71@yahoo.com,Hurghada,Red Sea,Bronze,2023-04-20
CUS00022,Ibrahim Lotfy,male,1992-07-11,1043257324,ibrahim.lotfy78@hotmail.com,Cairo,Greater Cairo,Bronze,2020-11-10
CUS00460,Ahmed Salem,male,1971-10-23,1220572666,ahmed.salem82@hotmail.com,Cairo,Greater Cairo,Gold,2021-04-21
CUS01185,Walid Mansour,Male,1971-12-17,1163405043,walid.mansour28@hotmail.com,Cairo,Greater Cairo,Silver,2022-02-26
CUS02325,Yasmin Ismail,female,1976-01-03,1121504486,yasmin.ismail60@hotmail.com,Aswan,Upper Egypt,Bronze,2020-06-25
CUS00956,Dina Wahba,Female,1989-09-23,1149330568,dina.wahba53@yahoo.com,Giza,Greater Cairo,Silver,2023-06-05
CUS01216,Zeinab Ismail,Female,1986-05-09,1053763511,zeinab.ismail43@outlook.com,Cairo,Greater Cairo,Bronze,2020-02-06
CUS02434,Yasmin Fathy,Female,01/05/1971,1051652412,yasmin.fathy55@hotmail.com,Giza,Greater Cairo,Bronze,2023-01-26
CUS02854,Salma Ahmed,female,1998-11-15,1291558768,salma.ahmed51@hotmail.com,Suez,Canal Zone,Bronze,2020-10-28
CUS01516,Karim Khalil,Male,1979-01-02,1298719014,karim.khalil95@yahoo.com,Cairo,Greater Cairo,Bronze,2022-04-18
CUS02392,Nadia Salem,Female,1983-10-10,1084843081,nadia.salem96@hotmail.com,Cairo,Greater Cairo,Bronze,2021-09-17
CUS00770,Radwa Bakr,Female,28/01/1981,1043635013,radwa.bakr18@yahoo.com,Aswan,Upper Egypt,Silver,2023-05-07
CUS01686,Amira Bakr,FEMALE,1971-11-21,1076025664,amira.bakr26@hotmail.com,Luxor,Upper Egypt,Gold,2022-01-08
CUS00131,Samir Saad,Male,1995-05-15,1188775038,samir.saad17@yahoo.com,Giza,Greater Cairo,Silver,2022-12-23
CUS02920,Adel Badawi,Male,1970-05-26,1155007832,adel.badawi89@gmail.com,Giza,Greater Cairo,Bronze,2022-10-26
CUS02136,Ayman Hafez,Male,14/11/2002,1098760377,ayman.hafez9@gmail.com,Suez,Canal Zone,Silver,2020-11-06
CUS01483,Radwa Ahmed,Female,1975-05-20,1121010615,radwa.ahmed92@outlook.com,Alexandria,Alexandria,Bronze,2020-06-13
CUS00331,Karim Hafez,Male,1975-10-26,1040283277,karim.hafez22@hotmail.com,Giza,Greater Cairo,Silver,2022-02-21
CUS01239,Sherif Amin,MALE,14/12/1991,1036855295,sherif.amin3@gmail.com,Ismailia,Canal Zone,Silver,2023-08-02
CUS00467,Mahmoud Wahba,Male,14/10/1986,1191051682,mahmoud.wahba4@gmail.com,Giza,Greater Cairo,Silver,2021-06-14
CUS02170,Manar Mansour,female,1992-04-22,1243649169,manar.mansour48@hotmail.com,Giza,Greater Cairo,Bronze,2020-09-20
CUS01639,Walid Ali,Male,1994-05-01,1047701601,walid.ali72@outlook.com,Sharm El Sheikh,South Sinai,Silver,2022-09-09
CUS01096,Ola Gamal,Female,1977-02-13,1143030893,ola.gamal66@yahoo.com,Cairo,Greater Cairo,Bronze,2023-08-06
CUS01131,Sara Gamal,Female,1975-03-01,1245499509,sara.gamal56@hotmail.com,Zagazig,Nile Delta,Bronze,2021-12-25
CUS01295,Youssef Nasser,Male,1976-06-11,1194842464,youssef.nasser5@hotmail.com,Hurghada,Red Sea,Silver,2021-11-03
CUS00861,Samah Khalil,Female,1980-07-19,1039832632,,Hurghada,Red Sea,Bronze,2020-09-23
